sheet,dep_code,dep_name_raw,dep_norm,metric,value
ETAT_SANT,01,Ain,ain,1 - Très bon,22400.0
ETAT_SANT,01,Ain,ain,2 - Bon,64800.0
ETAT_SANT,01,Ain,ain,3 - Assez bon,46400.0
ETAT_SANT,01,Ain,ain,4 - Mauvais ou très mauvais,20400.0
ETAT_SANT,01,Ain,ain,Ensemble,154000.0
ETAT_SANT,02,Aisne,aisne,1 - Très bon,14700.0
ETAT_SANT,02,Aisne,aisne,2 - Bon,58000.0
ETAT_SANT,02,Aisne,aisne,3 - Assez bon,53000.0
ETAT_SANT,02,Aisne,aisne,4 - Mauvais ou très mauvais,16700.0
ETAT_SANT,02,Aisne,aisne,Ensemble,142400.0
ETAT_SANT,03,Allier,allier,1 - Très bon,17000.0
ETAT_SANT,03,Allier,allier,2 - Bon,44500.0
ETAT_SANT,03,Allier,allier,3 - Assez bon,36300.0
ETAT_SANT,03,Allier,allier,4 - Mauvais ou très mauvais,15500.0
ETAT_SANT,03,Allier,allier,Ensemble,113400.0
ETAT_SANT,04,Alpes-de-Haute-Provence,alpesdehauteprovence,1 - Très bon,9900.0
ETAT_SANT,04,Alpes-de-Haute-Provence,alpesdehauteprovence,2 - Bon,22100.0
ETAT_SANT,04,Alpes-de-Haute-Provence,alpesdehauteprovence,3 - Assez bon,15900.0
ETAT_SANT,04,Alpes-de-Haute-Provence,alpesdehauteprovence,4 - Mauvais ou très mauvais,7400.0
ETAT_SANT,04,Alpes-de-Haute-Provence,alpesdehauteprovence,Ensemble,55300.0
ETAT_SANT,05,Hautes-Alpes,hautesalpes,1 - Très bon,8200.0
ETAT_SANT,05,Hautes-Alpes,hautesalpes,2 - Bon,17400.0
ETAT_SANT,05,Hautes-Alpes,hautesalpes,3 - Assez bon,13600.0
ETAT_SANT,05,Hautes-Alpes,hautesalpes,4 - Mauvais ou très mauvais,5200.0
ETAT_SANT,05,Hautes-Alpes,hautesalpes,Ensemble,44400.0
ETAT_SANT,06,Alpes-Maritimes,alpesmaritimes,1 - Très bon,59700.0
ETAT_SANT,06,Alpes-Maritimes,alpesmaritimes,2 - Bon,116500.0
ETAT_SANT,06,Alpes-Maritimes,alpesmaritimes,3 - Assez bon,111400.0
ETAT_SANT,06,Alpes-Maritimes,alpesmaritimes,4 - Mauvais ou très mauvais,39000.0
ETAT_SANT,06,Alpes-Maritimes,alpesmaritimes,Ensemble,326500.0
ETAT_SANT,07,Ardèche,ardeche,1 - Très bon,19400.0
ETAT_SANT,07,Ardèche,ardeche,2 - Bon,33900.0
ETAT_SANT,07,Ardèche,ardeche,3 - Assez bon,35300.0
ETAT_SANT,07,Ardèche,ardeche,4 - Mauvais ou très mauvais,13200.0
ETAT_SANT,07,Ardèche,ardeche,Ensemble,101800.0
ETAT_SANT,08,Ardennes,ardennes,1 - Très bon,7300.0
ETAT_SANT,08,Ardennes,ardennes,2 - Bon,30200.0
ETAT_SANT,08,Ardennes,ardennes,3 - Assez bon,28600.0
ETAT_SANT,08,Ardennes,ardennes,4 - Mauvais ou très mauvais,10300.0
ETAT_SANT,08,Ardennes,ardennes,Ensemble,76500.0
ETAT_SANT,09,Ariège,ariege,1 - Très bon,8200.0
ETAT_SANT,09,Ariège,ariege,2 - Bon,18200.0
ETAT_SANT,09,Ariège,ariege,3 - Assez bon,16900.0
ETAT_SANT,09,Ariège,ariege,4 - Mauvais ou très mauvais,7500.0
ETAT_SANT,09,Ariège,ariege,Ensemble,50900.0
ETAT_SANT,10,Aube,aube,1 - Très bon,11200.0
ETAT_SANT,10,Aube,aube,2 - Bon,32100.0
ETAT_SANT,10,Aube,aube,3 - Assez bon,28200.0
ETAT_SANT,10,Aube,aube,4 - Mauvais ou très mauvais,12700.0
ETAT_SANT,10,Aube,aube,Ensemble,84200.0
ETAT_SANT,11,Aude,aude,1 - Très bon,14500.0
ETAT_SANT,11,Aude,aude,2 - Bon,51000.0
ETAT_SANT,11,Aude,aude,3 - Assez bon,44000.0
ETAT_SANT,11,Aude,aude,4 - Mauvais ou très mauvais,14200.0
ETAT_SANT,11,Aude,aude,Ensemble,123700.0
ETAT_SANT,12,Aveyron,aveyron,1 - Très bon,14500.0
ETAT_SANT,12,Aveyron,aveyron,2 - Bon,36300.0
ETAT_SANT,12,Aveyron,aveyron,3 - Assez bon,33800.0
ETAT_SANT,12,Aveyron,aveyron,4 - Mauvais ou très mauvais,8200.0
ETAT_SANT,12,Aveyron,aveyron,Ensemble,92800.0
ETAT_SANT,13,Bouches-du-Rhône,bouchesdurhone,1 - Très bon,88400.0
ETAT_SANT,13,Bouches-du-Rhône,bouchesdurhone,2 - Bon,187700.0
ETAT_SANT,13,Bouches-du-Rhône,bouchesdurhone,3 - Assez bon,171300.0
ETAT_SANT,13,Bouches-du-Rhône,bouchesdurhone,4 - Mauvais ou très mauvais,81900.0
ETAT_SANT,13,Bouches-du-Rhône,bouchesdurhone,Ensemble,529400.0
ETAT_SANT,14,Calvados,calvados,1 - Très bon,32600.0
ETAT_SANT,14,Calvados,calvados,2 - Bon,78500.0
ETAT_SANT,14,Calvados,calvados,3 - Assez bon,62100.0
ETAT_SANT,14,Calvados,calvados,4 - Mauvais ou très mauvais,21400.0
ETAT_SANT,14,Calvados,calvados,Ensemble,194600.0
ETAT_SANT,15,Cantal,cantal,1 - Très bon,4900.0
ETAT_SANT,15,Cantal,cantal,2 - Bon,17900.0
ETAT_SANT,15,Cantal,cantal,3 - Assez bon,20600.0
ETAT_SANT,15,Cantal,cantal,4 - Mauvais ou très mauvais,6100.0
ETAT_SANT,15,Cantal,cantal,Ensemble,49500.0
ETAT_SANT,16,Charente,charente,1 - Très bon,15000.0
ETAT_SANT,16,Charente,charente,2 - Bon,44000.0
ETAT_SANT,16,Charente,charente,3 - Assez bon,38700.0
ETAT_SANT,16,Charente,charente,4 - Mauvais ou très mauvais,13600.0
ETAT_SANT,16,Charente,charente,Ensemble,111300.0
ETAT_SANT,17,Charente-Maritime,charentemaritime,1 - Très bon,39800.0
ETAT_SANT,17,Charente-Maritime,charentemaritime,2 - Bon,86100.0
ETAT_SANT,17,Charente-Maritime,charentemaritime,3 - Assez bon,72200.0
ETAT_SANT,17,Charente-Maritime,charentemaritime,4 - Mauvais ou très mauvais,29600.0
ETAT_SANT,17,Charente-Maritime,charentemaritime,Ensemble,227600.0
ETAT_SANT,18,Cher,cher,1 - Très bon,10400.0
ETAT_SANT,18,Cher,cher,2 - Bon,42600.0
ETAT_SANT,18,Cher,cher,3 - Assez bon,32200.0
ETAT_SANT,18,Cher,cher,4 - Mauvais ou très mauvais,10500.0
ETAT_SANT,18,Cher,cher,Ensemble,95800.0
ETAT_SANT,19,Corrèze,correze,1 - Très bon,8000.0
ETAT_SANT,19,Corrèze,correze,2 - Bon,31300.0
ETAT_SANT,19,Corrèze,correze,3 - Assez bon,30600.0
ETAT_SANT,19,Corrèze,correze,4 - Mauvais ou très mauvais,11600.0
ETAT_SANT,19,Corrèze,correze,Ensemble,81500.0
ETAT_SANT,21,Côte-d'Or,cotedor,1 - Très bon,20200.0
ETAT_SANT,21,Côte-d'Or,cotedor,2 - Bon,62000.0
ETAT_SANT,21,Côte-d'Or,cotedor,3 - Assez bon,44900.0
ETAT_SANT,21,Côte-d'Or,cotedor,4 - Mauvais ou très mauvais,15000.0
ETAT_SANT,21,Côte-d'Or,cotedor,Ensemble,142100.0
ETAT_SANT,22,Côtes d'Armor,cotesdarmor,1 - Très bon,33800.0
ETAT_SANT,22,Côtes d'Armor,cotesdarmor,2 - Bon,84100.0
ETAT_SANT,22,Côtes d'Armor,cotesdarmor,3 - Assez bon,55400.0
ETAT_SANT,22,Côtes d'Armor,cotesdarmor,4 - Mauvais ou très mauvais,23000.0
ETAT_SANT,22,Côtes d'Armor,cotesdarmor,Ensemble,196200.0
ETAT_SANT,23,Creuse,creuse,1 - Très bon,5600.0
ETAT_SANT,23,Creuse,creuse,2 - Bon,16500.0
ETAT_SANT,23,Creuse,creuse,3 - Assez bon,15600.0
ETAT_SANT,23,Creuse,creuse,4 - Mauvais ou très mauvais,6200.0
ETAT_SANT,23,Creuse,creuse,Ensemble,43900.0
ETAT_SANT,24,Dordogne,dordogne,1 - Très bon,22400.0
ETAT_SANT,24,Dordogne,dordogne,2 - Bon,59700.0
ETAT_SANT,24,Dordogne,dordogne,3 - Assez bon,50700.0
ETAT_SANT,24,Dordogne,dordogne,4 - Mauvais ou très mauvais,17000.0
ETAT_SANT,24,Dordogne,dordogne,Ensemble,149900.0
ETAT_SANT,25,Doubs,doubs,1 - Très bon,20900.0
ETAT_SANT,25,Doubs,doubs,2 - Bon,53400.0
ETAT_SANT,25,Doubs,doubs,3 - Assez bon,44500.0
ETAT_SANT,25,Doubs,doubs,4 - Mauvais ou très mauvais,17600.0
ETAT_SANT,25,Doubs,doubs,Ensemble,136400.0
ETAT_SANT,26,Drôme,drome,1 - Très bon,26800.0
ETAT_SANT,26,Drôme,drome,2 - Bon,53400.0
ETAT_SANT,26,Drôme,drome,3 - Assez bon,46000.0
ETAT_SANT,26,Drôme,drome,4 - Mauvais ou très mauvais,18500.0
ETAT_SANT,26,Drôme,drome,Ensemble,144800.0
ETAT_SANT,27,Eure,eure,1 - Très bon,26800.0
ETAT_SANT,27,Eure,eure,2 - Bon,66800.0
ETAT_SANT,27,Eure,eure,3 - Assez bon,41700.0
ETAT_SANT,27,Eure,eure,4 - Mauvais ou très mauvais,17900.0
ETAT_SANT,27,Eure,eure,Ensemble,153200.0
ETAT_SANT,28,Eure-et-Loire,eureetloire,1 - Très bon,12200.0
ETAT_SANT,28,Eure-et-Loire,eureetloire,2 - Bon,48300.0
ETAT_SANT,28,Eure-et-Loire,eureetloire,3 - Assez bon,38200.0
ETAT_SANT,28,Eure-et-Loire,eureetloire,4 - Mauvais ou très mauvais,16600.0
ETAT_SANT,28,Eure-et-Loire,eureetloire,Ensemble,115200.0
ETAT_SANT,29,Finistère,finistere,1 - Très bon,43500.0
ETAT_SANT,29,Finistère,finistere,2 - Bon,113800.0
ETAT_SANT,29,Finistère,finistere,3 - Assez bon,94100.0
ETAT_SANT,29,Finistère,finistere,4 - Mauvais ou très mauvais,27400.0
ETAT_SANT,29,Finistère,finistere,Ensemble,278900.0
ETAT_SANT,2A,Corse-du-Sud,corsedusud,1 - Très bon,6200.0
ETAT_SANT,2A,Corse-du-Sud,corsedusud,2 - Bon,17400.0
ETAT_SANT,2A,Corse-du-Sud,corsedusud,3 - Assez bon,15800.0
ETAT_SANT,2A,Corse-du-Sud,corsedusud,4 - Mauvais ou très mauvais,9400.0
ETAT_SANT,2A,Corse-du-Sud,corsedusud,Ensemble,48800.0
ETAT_SANT,2B,Haute-Corse,hautecorse,1 - Très bon,8100.0
ETAT_SANT,2B,Haute-Corse,hautecorse,2 - Bon,17000.0
ETAT_SANT,2B,Haute-Corse,hautecorse,3 - Assez bon,19600.0
ETAT_SANT,2B,Haute-Corse,hautecorse,4 - Mauvais ou très mauvais,8900.0
ETAT_SANT,2B,Haute-Corse,hautecorse,Ensemble,53700.0
ETAT_SANT,30,Gard,gard,1 - Très bon,35800.0
ETAT_SANT,30,Gard,gard,2 - Bon,86000.0
ETAT_SANT,30,Gard,gard,3 - Assez bon,73900.0
ETAT_SANT,30,Gard,gard,4 - Mauvais ou très mauvais,28300.0
ETAT_SANT,30,Gard,gard,Ensemble,224000.0
ETAT_SANT,31,Haute-Garonne,hautegaronne,1 - Très bon,42800.0
ETAT_SANT,31,Haute-Garonne,hautegaronne,2 - Bon,120800.0
ETAT_SANT,31,Haute-Garonne,hautegaronne,3 - Assez bon,97300.0
ETAT_SANT,31,Haute-Garonne,hautegaronne,4 - Mauvais ou très mauvais,42800.0
ETAT_SANT,31,Haute-Garonne,hautegaronne,Ensemble,303700.0
ETAT_SANT,32,Gers,gers,1 - Très bon,11300.0
ETAT_SANT,32,Gers,gers,2 - Bon,25200.0
ETAT_SANT,32,Gers,gers,3 - Assez bon,23500.0
ETAT_SANT,32,Gers,gers,4 - Mauvais ou très mauvais,6000.0
ETAT_SANT,32,Gers,gers,Ensemble,66100.0
ETAT_SANT,33,Gironde,gironde,1 - Très bon,68000.0
ETAT_SANT,33,Gironde,gironde,2 - Bon,160700.0
ETAT_SANT,33,Gironde,gironde,3 - Assez bon,123300.0
ETAT_SANT,33,Gironde,gironde,4 - Mauvais ou très mauvais,53600.0
ETAT_SANT,33,Gironde,gironde,Ensemble,405600.0
ETAT_SANT,34,Hérault,herault,1 - Très bon,55900.0
ETAT_SANT,34,Hérault,herault,2 - Bon,131600.0
ETAT_SANT,34,Hérault,herault,3 - Assez bon,96300.0
ETAT_SANT,34,Hérault,herault,4 - Mauvais ou très mauvais,40500.0
ETAT_SANT,34,Hérault,herault,Ensemble,324300.0
ETAT_SANT,35,Ille-et-Vilaine,illeetvilaine,1 - Très bon,37100.0
ETAT_SANT,35,Ille-et-Vilaine,illeetvilaine,2 - Bon,113400.0
ETAT_SANT,35,Ille-et-Vilaine,illeetvilaine,3 - Assez bon,76000.0
ETAT_SANT,35,Ille-et-Vilaine,illeetvilaine,4 - Mauvais ou très mauvais,24000.0
ETAT_SANT,35,Ille-et-Vilaine,illeetvilaine,Ensemble,250500.0
ETAT_SANT,36,Indre,indre,1 - Très bon,9900.0
ETAT_SANT,36,Indre,indre,2 - Bon,31600.0
ETAT_SANT,36,Indre,indre,3 - Assez bon,24200.0
ETAT_SANT,36,Indre,indre,4 - Mauvais ou très mauvais,9900.0
ETAT_SANT,36,Indre,indre,Ensemble,75600.0
ETAT_SANT,37,Indre-et-Loire,indreetloire,1 - Très bon,24600.0
ETAT_SANT,37,Indre-et-Loire,indreetloire,2 - Bon,69300.0
ETAT_SANT,37,Indre-et-Loire,indreetloire,3 - Assez bon,54600.0
ETAT_SANT,37,Indre-et-Loire,indreetloire,4 - Mauvais ou très mauvais,18800.0
ETAT_SANT,37,Indre-et-Loire,indreetloire,Ensemble,167300.0
ETAT_SANT,38,Isère,isere,1 - Très bon,47800.0
ETAT_SANT,38,Isère,isere,2 - Bon,119600.0
ETAT_SANT,38,Isère,isere,3 - Assez bon,98900.0
ETAT_SANT,38,Isère,isere,4 - Mauvais ou très mauvais,40300.0
ETAT_SANT,38,Isère,isere,Ensemble,306600.0
ETAT_SANT,39,Jura,jura,1 - Très bon,11300.0
ETAT_SANT,39,Jura,jura,2 - Bon,33200.0
ETAT_SANT,39,Jura,jura,3 - Assez bon,25900.0
ETAT_SANT,39,Jura,jura,4 - Mauvais ou très mauvais,7500.0
ETAT_SANT,39,Jura,jura,Ensemble,77800.0
ETAT_SANT,40,Landes,landes,1 - Très bon,21600.0
ETAT_SANT,40,Landes,landes,2 - Bon,49900.0
ETAT_SANT,40,Landes,landes,3 - Assez bon,43600.0
ETAT_SANT,40,Landes,landes,4 - Mauvais ou très mauvais,19100.0
ETAT_SANT,40,Landes,landes,Ensemble,134100.0
ETAT_SANT,41,Loir-et-Cher,loiretcher,1 - Très bon,12700.0
ETAT_SANT,41,Loir-et-Cher,loiretcher,2 - Bon,42300.0
ETAT_SANT,41,Loir-et-Cher,loiretcher,3 - Assez bon,35100.0
ETAT_SANT,41,Loir-et-Cher,loiretcher,4 - Mauvais ou très mauvais,11800.0
ETAT_SANT,41,Loir-et-Cher,loiretcher,Ensemble,101900.0
ETAT_SANT,42,Loire,loire,1 - Très bon,31000.0
ETAT_SANT,42,Loire,loire,2 - Bon,84200.0
ETAT_SANT,42,Loire,loire,3 - Assez bon,69600.0
ETAT_SANT,42,Loire,loire,4 - Mauvais ou très mauvais,25000.0
ETAT_SANT,42,Loire,loire,Ensemble,209800.0
ETAT_SANT,43,Haute-Loire,hauteloire,1 - Très bon,9400.0
ETAT_SANT,43,Haute-Loire,hauteloire,2 - Bon,27300.0
ETAT_SANT,43,Haute-Loire,hauteloire,3 - Assez bon,21700.0
ETAT_SANT,43,Haute-Loire,hauteloire,4 - Mauvais ou très mauvais,10800.0
ETAT_SANT,43,Haute-Loire,hauteloire,Ensemble,69300.0
ETAT_SANT,44,Loire-Atlantique,loireatlantique,1 - Très bon,61600.0
ETAT_SANT,44,Loire-Atlantique,loireatlantique,2 - Bon,131800.0
ETAT_SANT,44,Loire-Atlantique,loireatlantique,3 - Assez bon,110800.0
ETAT_SANT,44,Loire-Atlantique,loireatlantique,4 - Mauvais ou très mauvais,31700.0
ETAT_SANT,44,Loire-Atlantique,loireatlantique,Ensemble,335900.0
ETAT_SANT,45,Loiret,loiret,1 - Très bon,24600.0
ETAT_SANT,45,Loiret,loiret,2 - Bon,69000.0
ETAT_SANT,45,Loiret,loiret,3 - Assez bon,59900.0
ETAT_SANT,45,Loiret,loiret,4 - Mauvais ou très mauvais,21200.0
ETAT_SANT,45,Loiret,loiret,Ensemble,174600.0
ETAT_SANT,46,Lot,lot,1 - Très bon,9500.0
ETAT_SANT,46,Lot,lot,2 - Bon,26600.0
ETAT_SANT,46,Lot,lot,3 - Assez bon,20600.0
ETAT_SANT,46,Lot,lot,4 - Mauvais ou très mauvais,8400.0
ETAT_SANT,46,Lot,lot,Ensemble,65200.0
ETAT_SANT,47,Lot-et-Garonne,lotetgaronne,1 - Très bon,15400.0
ETAT_SANT,47,Lot-et-Garonne,lotetgaronne,2 - Bon,44600.0
ETAT_SANT,47,Lot-et-Garonne,lotetgaronne,3 - Assez bon,34100.0
ETAT_SANT,47,Lot-et-Garonne,lotetgaronne,4 - Mauvais ou très mauvais,14000.0
ETAT_SANT,47,Lot-et-Garonne,lotetgaronne,Ensemble,108100.0
ETAT_SANT,48,Lozère,lozere,1 - Très bon,3500.0
ETAT_SANT,48,Lozère,lozere,2 - Bon,8300.0
ETAT_SANT,48,Lozère,lozere,3 - Assez bon,9000.0
ETAT_SANT,48,Lozère,lozere,4 - Mauvais ou très mauvais,2800.0
ETAT_SANT,48,Lozère,lozere,Ensemble,23600.0
ETAT_SANT,49,Maine-et-Loire,maineetloire,1 - Très bon,33300.0
ETAT_SANT,49,Maine-et-Loire,maineetloire,2 - Bon,92400.0
ETAT_SANT,49,Maine-et-Loire,maineetloire,3 - Assez bon,60200.0
ETAT_SANT,49,Maine-et-Loire,maineetloire,4 - Mauvais ou très mauvais,25800.0
ETAT_SANT,49,Maine-et-Loire,maineetloire,Ensemble,211600.0
ETAT_SANT,50,Manche,manche,1 - Très bon,29200.0
ETAT_SANT,50,Manche,manche,2 - Bon,61400.0
ETAT_SANT,50,Manche,manche,3 - Assez bon,46300.0
ETAT_SANT,50,Manche,manche,4 - Mauvais ou très mauvais,19900.0
ETAT_SANT,50,Manche,manche,Ensemble,156700.0
ETAT_SANT,51,Marne,marne,1 - Très bon,15800.0
ETAT_SANT,51,Marne,marne,2 - Bon,57900.0
ETAT_SANT,51,Marne,marne,3 - Assez bon,48600.0
ETAT_SANT,51,Marne,marne,4 - Mauvais ou très mauvais,19900.0
ETAT_SANT,51,Marne,marne,Ensemble,142100.0
ETAT_SANT,52,Haute-Marne,hautemarne,1 - Très bon,8100.0
ETAT_SANT,52,Haute-Marne,hautemarne,2 - Bon,21000.0
ETAT_SANT,52,Haute-Marne,hautemarne,3 - Assez bon,16400.0
ETAT_SANT,52,Haute-Marne,hautemarne,4 - Mauvais ou très mauvais,8300.0
ETAT_SANT,52,Haute-Marne,hautemarne,Ensemble,53800.0
ETAT_SANT,53,Mayenne,mayenne,1 - Très bon,11400.0
ETAT_SANT,53,Mayenne,mayenne,2 - Bon,36100.0
ETAT_SANT,53,Mayenne,mayenne,3 - Assez bon,27700.0
ETAT_SANT,53,Mayenne,mayenne,4 - Mauvais ou très mauvais,9600.0
ETAT_SANT,53,Mayenne,mayenne,Ensemble,84800.0
ETAT_SANT,54,Meurthe-et-Moselle,meurtheetmoselle,1 - Très bon,25700.0
ETAT_SANT,54,Meurthe-et-Moselle,meurtheetmoselle,2 - Bon,71900.0
ETAT_SANT,54,Meurthe-et-Moselle,meurtheetmoselle,3 - Assez bon,63300.0
ETAT_SANT,54,Meurthe-et-Moselle,meurtheetmoselle,4 - Mauvais ou très mauvais,22800.0
ETAT_SANT,54,Meurthe-et-Moselle,meurtheetmoselle,Ensemble,183600.0
ETAT_SANT,55,Meuse,meuse,1 - Très bon,4900.0
ETAT_SANT,55,Meuse,meuse,2 - Bon,21000.0
ETAT_SANT,55,Meuse,meuse,3 - Assez bon,21800.0
ETAT_SANT,55,Meuse,meuse,4 - Mauvais ou très mauvais,6200.0
ETAT_SANT,55,Meuse,meuse,Ensemble,53800.0
ETAT_SANT,56,Morbihan,morbihan,1 - Très bon,41900.0
ETAT_SANT,56,Morbihan,morbihan,2 - Bon,103400.0
ETAT_SANT,56,Morbihan,morbihan,3 - Assez bon,73500.0
ETAT_SANT,56,Morbihan,morbihan,4 - Mauvais ou très mauvais,22900.0
ETAT_SANT,56,Morbihan,morbihan,Ensemble,241700.0
ETAT_SANT,57,Moselle,moselle,1 - Très bon,27100.0
ETAT_SANT,57,Moselle,moselle,2 - Bon,115900.0
ETAT_SANT,57,Moselle,moselle,3 - Assez bon,94900.0
ETAT_SANT,57,Moselle,moselle,4 - Mauvais ou très mauvais,37200.0
ETAT_SANT,57,Moselle,moselle,Ensemble,275100.0
ETAT_SANT,58,Nièvre,nievre,1 - Très bon,6900.0
ETAT_SANT,58,Nièvre,nievre,2 - Bon,29000.0
ETAT_SANT,58,Nièvre,nievre,3 - Assez bon,26400.0
ETAT_SANT,58,Nièvre,nievre,4 - Mauvais ou très mauvais,10300.0
ETAT_SANT,58,Nièvre,nievre,Ensemble,72700.0
ETAT_SANT,59,Nord,nord,1 - Très bon,76400.0
ETAT_SANT,59,Nord,nord,2 - Bon,215700.0
ETAT_SANT,59,Nord,nord,3 - Assez bon,206800.0
ETAT_SANT,59,Nord,nord,4 - Mauvais ou très mauvais,89000.0
ETAT_SANT,59,Nord,nord,Ensemble,587800.0
ETAT_SANT,60,Oise,oise,1 - Très bon,29800.0
ETAT_SANT,60,Oise,oise,2 - Bon,79400.0
ETAT_SANT,60,Oise,oise,3 - Assez bon,58700.0
ETAT_SANT,60,Oise,oise,4 - Mauvais ou très mauvais,21700.0
ETAT_SANT,60,Oise,oise,Ensemble,189600.0
ETAT_SANT,61,Orne,orne,1 - Très bon,11200.0
ETAT_SANT,61,Orne,orne,2 - Bon,40400.0
ETAT_SANT,61,Orne,orne,3 - Assez bon,28000.0
ETAT_SANT,61,Orne,orne,4 - Mauvais ou très mauvais,10200.0
ETAT_SANT,61,Orne,orne,Ensemble,89800.0
ETAT_SANT,62,Pas-de-Calais,pasdecalais,1 - Très bon,42200.0
ETAT_SANT,62,Pas-de-Calais,pasdecalais,2 - Bon,142800.0
ETAT_SANT,62,Pas-de-Calais,pasdecalais,3 - Assez bon,127200.0
ETAT_SANT,62,Pas-de-Calais,pasdecalais,4 - Mauvais ou très mauvais,56300.0
ETAT_SANT,62,Pas-de-Calais,pasdecalais,Ensemble,368500.0
ETAT_SANT,63,Puy-de-Dôme,puydedome,1 - Très bon,26900.0
ETAT_SANT,63,Puy-de-Dôme,puydedome,2 - Bon,66700.0
ETAT_SANT,63,Puy-de-Dôme,puydedome,3 - Assez bon,65800.0
ETAT_SANT,63,Puy-de-Dôme,puydedome,4 - Mauvais ou très mauvais,22700.0
ETAT_SANT,63,Puy-de-Dôme,puydedome,Ensemble,182100.0
ETAT_SANT,64,Pyrénées-Atlantiques,pyreneesatlantiques,1 - Très bon,32500.0
ETAT_SANT,64,Pyrénées-Atlantiques,pyreneesatlantiques,2 - Bon,84100.0
ETAT_SANT,64,Pyrénées-Atlantiques,pyreneesatlantiques,3 - Assez bon,65800.0
ETAT_SANT,64,Pyrénées-Atlantiques,pyreneesatlantiques,4 - Mauvais ou très mauvais,25600.0
ETAT_SANT,64,Pyrénées-Atlantiques,pyreneesatlantiques,Ensemble,208000.0
ETAT_SANT,65,Hautes-Pyrénées,hautespyrenees,1 - Très bon,10700.0
ETAT_SANT,65,Hautes-Pyrénées,hautespyrenees,2 - Bon,30500.0
ETAT_SANT,65,Hautes-Pyrénées,hautespyrenees,3 - Assez bon,25900.0
ETAT_SANT,65,Hautes-Pyrénées,hautespyrenees,4 - Mauvais ou très mauvais,9600.0
ETAT_SANT,65,Hautes-Pyrénées,hautespyrenees,Ensemble,76700.0
ETAT_SANT,66,Pyrénées-Orientales,pyreneesorientales,1 - Très bon,24500.0
ETAT_SANT,66,Pyrénées-Orientales,pyreneesorientales,2 - Bon,65400.0
ETAT_SANT,66,Pyrénées-Orientales,pyreneesorientales,3 - Assez bon,45700.0
ETAT_SANT,66,Pyrénées-Orientales,pyreneesorientales,4 - Mauvais ou très mauvais,21100.0
ETAT_SANT,66,Pyrénées-Orientales,pyreneesorientales,Ensemble,156700.0
ETAT_SANT,67,Bas-Rhin,basrhin,1 - Très bon,37600.0
ETAT_SANT,67,Bas-Rhin,basrhin,2 - Bon,127800.0
ETAT_SANT,67,Bas-Rhin,basrhin,3 - Assez bon,85000.0
ETAT_SANT,67,Bas-Rhin,basrhin,4 - Mauvais ou très mauvais,31400.0
ETAT_SANT,67,Bas-Rhin,basrhin,Ensemble,281800.0
ETAT_SANT,68,Haut-Rhin,hautrhin,1 - Très bon,23700.0
ETAT_SANT,68,Haut-Rhin,hautrhin,2 - Bon,84600.0
ETAT_SANT,68,Haut-Rhin,hautrhin,3 - Assez bon,65500.0
ETAT_SANT,68,Haut-Rhin,hautrhin,4 - Mauvais ou très mauvais,26700.0
ETAT_SANT,68,Haut-Rhin,hautrhin,Ensemble,200500.0
ETAT_SANT,69,Rhône,rhone,1 - Très bon,79500.0
ETAT_SANT,69,Rhône,rhone,2 - Bon,153600.0
ETAT_SANT,69,Rhône,rhone,3 - Assez bon,122500.0
ETAT_SANT,69,Rhône,rhone,4 - Mauvais ou très mauvais,45300.0
ETAT_SANT,69,Rhône,rhone,Ensemble,400900.0
ETAT_SANT,70,Haute-Saône,hautesaone,1 - Très bon,5100.0
ETAT_SANT,70,Haute-Saône,hautesaone,2 - Bon,29700.0
ETAT_SANT,70,Haute-Saône,hautesaone,3 - Assez bon,26900.0
ETAT_SANT,70,Haute-Saône,hautesaone,4 - Mauvais ou très mauvais,8800.0
ETAT_SANT,70,Haute-Saône,hautesaone,Ensemble,70500.0
ETAT_SANT,71,Saône-et-Loire,saoneetloire,1 - Très bon,22100.0
ETAT_SANT,71,Saône-et-Loire,saoneetloire,2 - Bon,69900.0
ETAT_SANT,71,Saône-et-Loire,saoneetloire,3 - Assez bon,62500.0
ETAT_SANT,71,Saône-et-Loire,saoneetloire,4 - Mauvais ou très mauvais,22500.0
ETAT_SANT,71,Saône-et-Loire,saoneetloire,Ensemble,177000.0
ETAT_SANT,72,Sarthe,sarthe,1 - Très bon,23000.0
ETAT_SANT,72,Sarthe,sarthe,2 - Bon,66300.0
ETAT_SANT,72,Sarthe,sarthe,3 - Assez bon,52300.0
ETAT_SANT,72,Sarthe,sarthe,4 - Mauvais ou très mauvais,17500.0
ETAT_SANT,72,Sarthe,sarthe,Ensemble,159100.0
ETAT_SANT,73,Savoie,savoie,1 - Très bon,19600.0
ETAT_SANT,73,Savoie,savoie,2 - Bon,45900.0
ETAT_SANT,73,Savoie,savoie,3 - Assez bon,38900.0
ETAT_SANT,73,Savoie,savoie,4 - Mauvais ou très mauvais,13100.0
ETAT_SANT,73,Savoie,savoie,Ensemble,117400.0
ETAT_SANT,74,Haute-Savoie,hautesavoie,1 - Très bon,39900.0
ETAT_SANT,74,Haute-Savoie,hautesavoie,2 - Bon,71400.0
ETAT_SANT,74,Haute-Savoie,hautesavoie,3 - Assez bon,57900.0
ETAT_SANT,74,Haute-Savoie,hautesavoie,4 - Mauvais ou très mauvais,14900.0
ETAT_SANT,74,Haute-Savoie,hautesavoie,Ensemble,184100.0
ETAT_SANT,75,Paris,paris,1 - Très bon,84800.0
ETAT_SANT,75,Paris,paris,2 - Bon,177200.0
ETAT_SANT,75,Paris,paris,3 - Assez bon,150000.0
ETAT_SANT,75,Paris,paris,4 - Mauvais ou très mauvais,60400.0
ETAT_SANT,75,Paris,paris,Ensemble,472500.0
ETAT_SANT,76,Seine-Maritime,seinemaritime,1 - Très bon,56800.0
ETAT_SANT,76,Seine-Maritime,seinemaritime,2 - Bon,131000.0
ETAT_SANT,76,Seine-Maritime,seinemaritime,3 - Assez bon,98200.0
ETAT_SANT,76,Seine-Maritime,seinemaritime,4 - Mauvais ou très mauvais,38500.0
ETAT_SANT,76,Seine-Maritime,seinemaritime,Ensemble,324600.0
ETAT_SANT,77,Seine-et-Marne,seineetmarne,1 - Très bon,48600.0
ETAT_SANT,77,Seine-et-Marne,seineetmarne,2 - Bon,119800.0
ETAT_SANT,77,Seine-et-Marne,seineetmarne,3 - Assez bon,90900.0
ETAT_SANT,77,Seine-et-Marne,seineetmarne,4 - Mauvais ou très mauvais,26500.0
ETAT_SANT,77,Seine-et-Marne,seineetmarne,Ensemble,285800.0
ETAT_SANT,78,Yvelines,yvelines,1 - Très bon,67200.0
ETAT_SANT,78,Yvelines,yvelines,2 - Bon,130000.0
ETAT_SANT,78,Yvelines,yvelines,3 - Assez bon,91300.0
ETAT_SANT,78,Yvelines,yvelines,4 - Mauvais ou très mauvais,25300.0
ETAT_SANT,78,Yvelines,yvelines,Ensemble,313800.0
ETAT_SANT,79,Deux-Sèvres,deuxsevres,1 - Très bon,15700.0
ETAT_SANT,79,Deux-Sèvres,deuxsevres,2 - Bon,46000.0
ETAT_SANT,79,Deux-Sèvres,deuxsevres,3 - Assez bon,36500.0
ETAT_SANT,79,Deux-Sèvres,deuxsevres,4 - Mauvais ou très mauvais,12500.0
ETAT_SANT,79,Deux-Sèvres,deuxsevres,Ensemble,110600.0
ETAT_SANT,80,Somme,somme,1 - Très bon,15900.0
ETAT_SANT,80,Somme,somme,2 - Bon,54600.0
ETAT_SANT,80,Somme,somme,3 - Assez bon,53700.0
ETAT_SANT,80,Somme,somme,4 - Mauvais ou très mauvais,22900.0
ETAT_SANT,80,Somme,somme,Ensemble,147100.0
ETAT_SANT,81,Tarn,tarn,1 - Très bon,17800.0
ETAT_SANT,81,Tarn,tarn,2 - Bon,43000.0
ETAT_SANT,81,Tarn,tarn,3 - Assez bon,47600.0
ETAT_SANT,81,Tarn,tarn,4 - Mauvais ou très mauvais,13000.0
ETAT_SANT,81,Tarn,tarn,Ensemble,121400.0
ETAT_SANT,82,Tarn-et-Garonne,tarnetgaronne,1 - Très bon,11100.0
ETAT_SANT,82,Tarn-et-Garonne,tarnetgaronne,2 - Bon,29000.0
ETAT_SANT,82,Tarn-et-Garonne,tarnetgaronne,3 - Assez bon,25300.0
ETAT_SANT,82,Tarn-et-Garonne,tarnetgaronne,4 - Mauvais ou très mauvais,7900.0
ETAT_SANT,82,Tarn-et-Garonne,tarnetgaronne,Ensemble,73400.0
ETAT_SANT,83,Var,var,1 - Très bon,61400.0
ETAT_SANT,83,Var,var,2 - Bon,140300.0
ETAT_SANT,83,Var,var,3 - Assez bon,104000.0
ETAT_SANT,83,Var,var,4 - Mauvais ou très mauvais,45900.0
ETAT_SANT,83,Var,var,Ensemble,351600.0
ETAT_SANT,84,Vaucluse,vaucluse,1 - Très bon,30100.0
ETAT_SANT,84,Vaucluse,vaucluse,2 - Bon,59300.0
ETAT_SANT,84,Vaucluse,vaucluse,3 - Assez bon,51600.0
ETAT_SANT,84,Vaucluse,vaucluse,4 - Mauvais ou très mauvais,18900.0
ETAT_SANT,84,Vaucluse,vaucluse,Ensemble,159900.0
ETAT_SANT,85,Vendée,vendee,1 - Très bon,31900.0
ETAT_SANT,85,Vendée,vendee,2 - Bon,92000.0
ETAT_SANT,85,Vendée,vendee,3 - Assez bon,66900.0
ETAT_SANT,85,Vendée,vendee,4 - Mauvais ou très mauvais,22200.0
ETAT_SANT,85,Vendée,vendee,Ensemble,213000.0
ETAT_SANT,86,Vienne,vienne,1 - Très bon,18100.0
ETAT_SANT,86,Vienne,vienne,2 - Bon,52500.0
ETAT_SANT,86,Vienne,vienne,3 - Assez bon,37200.0
ETAT_SANT,86,Vienne,vienne,4 - Mauvais ou très mauvais,14200.0
ETAT_SANT,86,Vienne,vienne,Ensemble,122000.0
ETAT_SANT,87,Haute-Vienne,hautevienne,1 - Très bon,16100.0
ETAT_SANT,87,Haute-Vienne,hautevienne,2 - Bon,41000.0
ETAT_SANT,87,Haute-Vienne,hautevienne,3 - Assez bon,42200.0
ETAT_SANT,87,Haute-Vienne,hautevienne,4 - Mauvais ou très mauvais,16200.0
ETAT_SANT,87,Haute-Vienne,hautevienne,Ensemble,115500.0
ETAT_SANT,88,Vosges,vosges,1 - Très bon,16300.0
ETAT_SANT,88,Vosges,vosges,2 - Bon,41900.0
ETAT_SANT,88,Vosges,vosges,3 - Assez bon,43300.0
ETAT_SANT,88,Vosges,vosges,4 - Mauvais ou très mauvais,10100.0
ETAT_SANT,88,Vosges,vosges,Ensemble,111600.0
ETAT_SANT,89,Yonne,yonne,1 - Très bon,14400.0
ETAT_SANT,89,Yonne,yonne,2 - Bon,44500.0
ETAT_SANT,89,Yonne,yonne,3 - Assez bon,30700.0
ETAT_SANT,89,Yonne,yonne,4 - Mauvais ou très mauvais,12400.0
ETAT_SANT,89,Yonne,yonne,Ensemble,102000.0
ETAT_SANT,90,Territoire de Belfort,territoiredebelfort,1 - Très bon,5000.0
ETAT_SANT,90,Territoire de Belfort,territoiredebelfort,2 - Bon,13000.0
ETAT_SANT,90,Territoire de Belfort,territoiredebelfort,3 - Assez bon,15400.0
ETAT_SANT,90,Territoire de Belfort,territoiredebelfort,4 - Mauvais ou très mauvais,3200.0
ETAT_SANT,90,Territoire de Belfort,territoiredebelfort,Ensemble,36600.0
ETAT_SANT,91,Essonne,essonne,1 - Très bon,35500.0
ETAT_SANT,91,Essonne,essonne,2 - Bon,113700.0
ETAT_SANT,91,Essonne,essonne,3 - Assez bon,80400.0
ETAT_SANT,91,Essonne,essonne,4 - Mauvais ou très mauvais,30900.0
ETAT_SANT,91,Essonne,essonne,Ensemble,260500.0
ETAT_SANT,92,Hauts-de-Seine,hautsdeseine,1 - Très bon,56900.0
ETAT_SANT,92,Hauts-de-Seine,hautsdeseine,2 - Bon,137300.0
ETAT_SANT,92,Hauts-de-Seine,hautsdeseine,3 - Assez bon,95800.0
ETAT_SANT,92,Hauts-de-Seine,hautsdeseine,4 - Mauvais ou très mauvais,30200.0
ETAT_SANT,92,Hauts-de-Seine,hautsdeseine,Ensemble,320200.0
ETAT_SANT,93,Seine-Saint-Denis,seinesaintdenis,1 - Très bon,32200.0
ETAT_SANT,93,Seine-Saint-Denis,seinesaintdenis,2 - Bon,95400.0
ETAT_SANT,93,Seine-Saint-Denis,seinesaintdenis,3 - Assez bon,94100.0
ETAT_SANT,93,Seine-Saint-Denis,seinesaintdenis,4 - Mauvais ou très mauvais,45400.0
ETAT_SANT,93,Seine-Saint-Denis,seinesaintdenis,Ensemble,267200.0
ETAT_SANT,94,Val-de-Marne,valdemarne,1 - Très bon,40400.0
ETAT_SANT,94,Val-de-Marne,valdemarne,2 - Bon,120000.0
ETAT_SANT,94,Val-de-Marne,valdemarne,3 - Assez bon,83800.0
ETAT_SANT,94,Val-de-Marne,valdemarne,4 - Mauvais ou très mauvais,33500.0
ETAT_SANT,94,Val-de-Marne,valdemarne,Ensemble,277700.0
ETAT_SANT,95,Val-d'Oise,valdoise,1 - Très bon,33200.0
ETAT_SANT,95,Val-d'Oise,valdoise,2 - Bon,94900.0
ETAT_SANT,95,Val-d'Oise,valdoise,3 - Assez bon,76400.0
ETAT_SANT,95,Val-d'Oise,valdoise,4 - Mauvais ou très mauvais,29400.0
ETAT_SANT,95,Val-d'Oise,valdoise,Ensemble,233800.0
ETAT_SANT,971,Guadeloupe,guadeloupe,1 - Très bon,8600.0
ETAT_SANT,971,Guadeloupe,guadeloupe,2 - Bon,37300.0
ETAT_SANT,971,Guadeloupe,guadeloupe,3 - Assez bon,38300.0
ETAT_SANT,971,Guadeloupe,guadeloupe,4 - Mauvais ou très mauvais,22100.0
ETAT_SANT,971,Guadeloupe,guadeloupe,Ensemble,106200.0
ETAT_SANT,972,Martinique,martinique,1 - Très bon,10400.0
ETAT_SANT,972,Martinique,martinique,2 - Bon,34200.0
ETAT_SANT,972,Martinique,martinique,3 - Assez bon,42700.0
ETAT_SANT,972,Martinique,martinique,4 - Mauvais ou très mauvais,22000.0
ETAT_SANT,972,Martinique,martinique,Ensemble,109300.0
ETAT_SANT,973,Guyane,guyane,1 - Très bon,4400.0
ETAT_SANT,973,Guyane,guyane,2 - Bon,10000.0
ETAT_SANT,973,Guyane,guyane,3 - Assez bon,9600.0
ETAT_SANT,973,Guyane,guyane,4 - Mauvais ou très mauvais,4500.0
ETAT_SANT,973,Guyane,guyane,Ensemble,28500.0
ETAT_SANT,974,La Réunion,lareunion,1 - Très bon,18100.0
ETAT_SANT,974,La Réunion,lareunion,2 - Bon,58500.0
ETAT_SANT,974,La Réunion,lareunion,3 - Assez bon,60200.0
ETAT_SANT,974,La Réunion,lareunion,4 - Mauvais ou très mauvais,25800.0
ETAT_SANT,974,La Réunion,lareunion,Ensemble,162600.0
ETAT_SANT,976,Mayotte,mayotte,1 - Très bon,1500.0
ETAT_SANT,976,Mayotte,mayotte,2 - Bon,3300.0
ETAT_SANT,976,Mayotte,mayotte,3 - Assez bon,5000.0
ETAT_SANT,976,Mayotte,mayotte,4 - Mauvais ou très mauvais,3400.0
ETAT_SANT,976,Mayotte,mayotte,Ensemble,13100.0
"ETAT_SANT,None,""Lecture > Dans l'Ain, 136 800 personnes 25 à 59 ans déclarent avoir un très bon état de santé. "
Champ > Personnes de 5 ans ou plus vivant en logement ordinaire en France.
"Sources > Enquête Vie Quotidienne et Santé 2021, DREES."",lecturedanslain136800personnes25a59ansdeclarentavoiruntresbonetatdesantechamppersonnesde5ansouplusvivantenlogementordinaireenfrancesourcesenqueteviequotidienneetsante2021drees,,"
MAL_CHRO,01,Ain,ain,Non,74500.0
MAL_CHRO,01,Ain,ain,Oui,79400.0
MAL_CHRO,01,Ain,ain,Ensemble,154000.0
MAL_CHRO,02,Aisne,aisne,Non,69700.0
MAL_CHRO,02,Aisne,aisne,Oui,72700.0
MAL_CHRO,02,Aisne,aisne,Ensemble,142400.0
MAL_CHRO,03,Allier,allier,Non,57400.0
MAL_CHRO,03,Allier,allier,Oui,56000.0
MAL_CHRO,03,Allier,allier,Ensemble,113400.0
MAL_CHRO,04,Alpes-de-Haute-Provence,alpesdehauteprovence,Non,28600.0
MAL_CHRO,04,Alpes-de-Haute-Provence,alpesdehauteprovence,Oui,26700.0
MAL_CHRO,04,Alpes-de-Haute-Provence,alpesdehauteprovence,Ensemble,55300.0
MAL_CHRO,05,Hautes-Alpes,hautesalpes,Non,25600.0
MAL_CHRO,05,Hautes-Alpes,hautesalpes,Oui,18800.0
MAL_CHRO,05,Hautes-Alpes,hautesalpes,Ensemble,44400.0
MAL_CHRO,06,Alpes-Maritimes,alpesmaritimes,Non,168300.0
MAL_CHRO,06,Alpes-Maritimes,alpesmaritimes,Oui,158200.0
MAL_CHRO,06,Alpes-Maritimes,alpesmaritimes,Ensemble,326500.0
MAL_CHRO,07,Ardèche,ardeche,Non,48800.0
MAL_CHRO,07,Ardèche,ardeche,Oui,53000.0
MAL_CHRO,07,Ardèche,ardeche,Ensemble,101800.0
MAL_CHRO,08,Ardennes,ardennes,Non,36200.0
MAL_CHRO,08,Ardennes,ardennes,Oui,40300.0
MAL_CHRO,08,Ardennes,ardennes,Ensemble,76500.0
MAL_CHRO,09,Ariège,ariege,Non,25000.0
MAL_CHRO,09,Ariège,ariege,Oui,25900.0
MAL_CHRO,09,Ariège,ariege,Ensemble,50900.0
MAL_CHRO,10,Aube,aube,Non,45000.0
MAL_CHRO,10,Aube,aube,Oui,39200.0
MAL_CHRO,10,Aube,aube,Ensemble,84200.0
MAL_CHRO,11,Aude,aude,Non,58900.0
MAL_CHRO,11,Aude,aude,Oui,64800.0
MAL_CHRO,11,Aude,aude,Ensemble,123700.0
MAL_CHRO,12,Aveyron,aveyron,Non,49100.0
MAL_CHRO,12,Aveyron,aveyron,Oui,43700.0
MAL_CHRO,12,Aveyron,aveyron,Ensemble,92800.0
MAL_CHRO,13,Bouches-du-Rhône,bouchesdurhone,Non,249300.0
MAL_CHRO,13,Bouches-du-Rhône,bouchesdurhone,Oui,280100.0
MAL_CHRO,13,Bouches-du-Rhône,bouchesdurhone,Ensemble,529400.0
MAL_CHRO,14,Calvados,calvados,Non,101800.0
MAL_CHRO,14,Calvados,calvados,Oui,92800.0
MAL_CHRO,14,Calvados,calvados,Ensemble,194600.0
MAL_CHRO,15,Cantal,cantal,Non,25700.0
MAL_CHRO,15,Cantal,cantal,Oui,23800.0
MAL_CHRO,15,Cantal,cantal,Ensemble,49500.0
MAL_CHRO,16,Charente,charente,Non,57200.0
MAL_CHRO,16,Charente,charente,Oui,54100.0
MAL_CHRO,16,Charente,charente,Ensemble,111300.0
MAL_CHRO,17,Charente-Maritime,charentemaritime,Non,116700.0
MAL_CHRO,17,Charente-Maritime,charentemaritime,Oui,111000.0
MAL_CHRO,17,Charente-Maritime,charentemaritime,Ensemble,227600.0
MAL_CHRO,18,Cher,cher,Non,48400.0
MAL_CHRO,18,Cher,cher,Oui,47400.0
MAL_CHRO,18,Cher,cher,Ensemble,95800.0
MAL_CHRO,19,Corrèze,correze,Non,42700.0
MAL_CHRO,19,Corrèze,correze,Oui,38800.0
MAL_CHRO,19,Corrèze,correze,Ensemble,81500.0
MAL_CHRO,21,Côte-d'Or,cotedor,Non,74100.0
MAL_CHRO,21,Côte-d'Or,cotedor,Oui,68000.0
MAL_CHRO,21,Côte-d'Or,cotedor,Ensemble,142100.0
MAL_CHRO,22,Côtes d'Armor,cotesdarmor,Non,103300.0
MAL_CHRO,22,Côtes d'Armor,cotesdarmor,Oui,92900.0
MAL_CHRO,22,Côtes d'Armor,cotesdarmor,Ensemble,196200.0
MAL_CHRO,23,Creuse,creuse,Non,22600.0
MAL_CHRO,23,Creuse,creuse,Oui,21300.0
MAL_CHRO,23,Creuse,creuse,Ensemble,43900.0
MAL_CHRO,24,Dordogne,dordogne,Non,77500.0
MAL_CHRO,24,Dordogne,dordogne,Oui,72400.0
MAL_CHRO,24,Dordogne,dordogne,Ensemble,149900.0
MAL_CHRO,25,Doubs,doubs,Non,69500.0
MAL_CHRO,25,Doubs,doubs,Oui,66900.0
MAL_CHRO,25,Doubs,doubs,Ensemble,136400.0
MAL_CHRO,26,Drôme,drome,Non,75500.0
MAL_CHRO,26,Drôme,drome,Oui,69200.0
MAL_CHRO,26,Drôme,drome,Ensemble,144800.0
MAL_CHRO,27,Eure,eure,Non,80400.0
MAL_CHRO,27,Eure,eure,Oui,72700.0
MAL_CHRO,27,Eure,eure,Ensemble,153200.0
MAL_CHRO,28,Eure-et-Loire,eureetloire,Non,58600.0
MAL_CHRO,28,Eure-et-Loire,eureetloire,Oui,56600.0
MAL_CHRO,28,Eure-et-Loire,eureetloire,Ensemble,115200.0
MAL_CHRO,29,Finistère,finistere,Non,144600.0
MAL_CHRO,29,Finistère,finistere,Oui,134300.0
MAL_CHRO,29,Finistère,finistere,Ensemble,278900.0
MAL_CHRO,2A,Corse-du-Sud,corsedusud,Non,22200.0
MAL_CHRO,2A,Corse-du-Sud,corsedusud,Oui,26600.0
MAL_CHRO,2A,Corse-du-Sud,corsedusud,Ensemble,48800.0
MAL_CHRO,2B,Haute-Corse,hautecorse,Non,23800.0
MAL_CHRO,2B,Haute-Corse,hautecorse,Oui,29900.0
MAL_CHRO,2B,Haute-Corse,hautecorse,Ensemble,53700.0
MAL_CHRO,30,Gard,gard,Non,111800.0
MAL_CHRO,30,Gard,gard,Oui,112200.0
MAL_CHRO,30,Gard,gard,Ensemble,224000.0
MAL_CHRO,31,Haute-Garonne,hautegaronne,Non,148200.0
MAL_CHRO,31,Haute-Garonne,hautegaronne,Oui,155500.0
MAL_CHRO,31,Haute-Garonne,hautegaronne,Ensemble,303700.0
MAL_CHRO,32,Gers,gers,Non,33200.0
MAL_CHRO,32,Gers,gers,Oui,32900.0
MAL_CHRO,32,Gers,gers,Ensemble,66100.0
MAL_CHRO,33,Gironde,gironde,Non,207300.0
MAL_CHRO,33,Gironde,gironde,Oui,198300.0
MAL_CHRO,33,Gironde,gironde,Ensemble,405600.0
MAL_CHRO,34,Hérault,herault,Non,170700.0
MAL_CHRO,34,Hérault,herault,Oui,153600.0
MAL_CHRO,34,Hérault,herault,Ensemble,324300.0
MAL_CHRO,35,Ille-et-Vilaine,illeetvilaine,Non,135900.0
MAL_CHRO,35,Ille-et-Vilaine,illeetvilaine,Oui,114600.0
MAL_CHRO,35,Ille-et-Vilaine,illeetvilaine,Ensemble,250500.0
MAL_CHRO,36,Indre,indre,Non,36900.0
MAL_CHRO,36,Indre,indre,Oui,38700.0
MAL_CHRO,36,Indre,indre,Ensemble,75600.0
MAL_CHRO,37,Indre-et-Loire,indreetloire,Non,88700.0
MAL_CHRO,37,Indre-et-Loire,indreetloire,Oui,78600.0
MAL_CHRO,37,Indre-et-Loire,indreetloire,Ensemble,167300.0
MAL_CHRO,38,Isère,isere,Non,148700.0
MAL_CHRO,38,Isère,isere,Oui,157800.0
MAL_CHRO,38,Isère,isere,Ensemble,306600.0
MAL_CHRO,39,Jura,jura,Non,39500.0
MAL_CHRO,39,Jura,jura,Oui,38300.0
MAL_CHRO,39,Jura,jura,Ensemble,77800.0
MAL_CHRO,40,Landes,landes,Non,63400.0
MAL_CHRO,40,Landes,landes,Oui,70600.0
MAL_CHRO,40,Landes,landes,Ensemble,134100.0
MAL_CHRO,41,Loir-et-Cher,loiretcher,Non,52300.0
MAL_CHRO,41,Loir-et-Cher,loiretcher,Oui,49600.0
MAL_CHRO,41,Loir-et-Cher,loiretcher,Ensemble,101900.0
MAL_CHRO,42,Loire,loire,Non,101800.0
MAL_CHRO,42,Loire,loire,Oui,108000.0
MAL_CHRO,42,Loire,loire,Ensemble,209800.0
MAL_CHRO,43,Haute-Loire,hauteloire,Non,34100.0
MAL_CHRO,43,Haute-Loire,hauteloire,Oui,35200.0
MAL_CHRO,43,Haute-Loire,hauteloire,Ensemble,69300.0
MAL_CHRO,44,Loire-Atlantique,loireatlantique,Non,179000.0
MAL_CHRO,44,Loire-Atlantique,loireatlantique,Oui,156900.0
MAL_CHRO,44,Loire-Atlantique,loireatlantique,Ensemble,335900.0
MAL_CHRO,45,Loiret,loiret,Non,89800.0
MAL_CHRO,45,Loiret,loiret,Oui,84900.0
MAL_CHRO,45,Loiret,loiret,Ensemble,174600.0
MAL_CHRO,46,Lot,lot,Non,33200.0
MAL_CHRO,46,Lot,lot,Oui,32000.0
MAL_CHRO,46,Lot,lot,Ensemble,65200.0
MAL_CHRO,47,Lot-et-Garonne,lotetgaronne,Non,58200.0
MAL_CHRO,47,Lot-et-Garonne,lotetgaronne,Oui,49900.0
MAL_CHRO,47,Lot-et-Garonne,lotetgaronne,Ensemble,108100.0
MAL_CHRO,48,Lozère,lozere,Non,12700.0
MAL_CHRO,48,Lozère,lozere,Oui,10900.0
MAL_CHRO,48,Lozère,lozere,Ensemble,23600.0
MAL_CHRO,49,Maine-et-Loire,maineetloire,Non,124800.0
MAL_CHRO,49,Maine-et-Loire,maineetloire,Oui,86800.0
MAL_CHRO,49,Maine-et-Loire,maineetloire,Ensemble,211600.0
MAL_CHRO,50,Manche,manche,Non,81900.0
MAL_CHRO,50,Manche,manche,Oui,74900.0
MAL_CHRO,50,Manche,manche,Ensemble,156700.0
MAL_CHRO,51,Marne,marne,Non,70400.0
MAL_CHRO,51,Marne,marne,Oui,71700.0
MAL_CHRO,51,Marne,marne,Ensemble,142100.0
MAL_CHRO,52,Haute-Marne,hautemarne,Non,29200.0
MAL_CHRO,52,Haute-Marne,hautemarne,Oui,24500.0
MAL_CHRO,52,Haute-Marne,hautemarne,Ensemble,53800.0
MAL_CHRO,53,Mayenne,mayenne,Non,46200.0
MAL_CHRO,53,Mayenne,mayenne,Oui,38600.0
MAL_CHRO,53,Mayenne,mayenne,Ensemble,84800.0
MAL_CHRO,54,Meurthe-et-Moselle,meurtheetmoselle,Non,90300.0
MAL_CHRO,54,Meurthe-et-Moselle,meurtheetmoselle,Oui,93400.0
MAL_CHRO,54,Meurthe-et-Moselle,meurtheetmoselle,Ensemble,183600.0
MAL_CHRO,55,Meuse,meuse,Non,23900.0
MAL_CHRO,55,Meuse,meuse,Oui,29900.0
MAL_CHRO,55,Meuse,meuse,Ensemble,53800.0
MAL_CHRO,56,Morbihan,morbihan,Non,129400.0
MAL_CHRO,56,Morbihan,morbihan,Oui,112300.0
MAL_CHRO,56,Morbihan,morbihan,Ensemble,241700.0
MAL_CHRO,57,Moselle,moselle,Non,117200.0
MAL_CHRO,57,Moselle,moselle,Oui,157900.0
MAL_CHRO,57,Moselle,moselle,Ensemble,275100.0
MAL_CHRO,58,Nièvre,nievre,Non,37500.0
MAL_CHRO,58,Nièvre,nievre,Oui,35200.0
MAL_CHRO,58,Nièvre,nievre,Ensemble,72700.0
MAL_CHRO,59,Nord,nord,Non,267200.0
MAL_CHRO,59,Nord,nord,Oui,320600.0
MAL_CHRO,59,Nord,nord,Ensemble,587800.0
MAL_CHRO,60,Oise,oise,Non,97900.0
MAL_CHRO,60,Oise,oise,Oui,91700.0
MAL_CHRO,60,Oise,oise,Ensemble,189600.0
MAL_CHRO,61,Orne,orne,Non,48900.0
MAL_CHRO,61,Orne,orne,Oui,40900.0
MAL_CHRO,61,Orne,orne,Ensemble,89800.0
MAL_CHRO,62,Pas-de-Calais,pasdecalais,Non,166400.0
MAL_CHRO,62,Pas-de-Calais,pasdecalais,Oui,202100.0
MAL_CHRO,62,Pas-de-Calais,pasdecalais,Ensemble,368500.0
MAL_CHRO,63,Puy-de-Dôme,puydedome,Non,89800.0
MAL_CHRO,63,Puy-de-Dôme,puydedome,Oui,92300.0
MAL_CHRO,63,Puy-de-Dôme,puydedome,Ensemble,182100.0
MAL_CHRO,64,Pyrénées-Atlantiques,pyreneesatlantiques,Non,107000.0
MAL_CHRO,64,Pyrénées-Atlantiques,pyreneesatlantiques,Oui,101100.0
MAL_CHRO,64,Pyrénées-Atlantiques,pyreneesatlantiques,Ensemble,208000.0
MAL_CHRO,65,Hautes-Pyrénées,hautespyrenees,Non,37100.0
MAL_CHRO,65,Hautes-Pyrénées,hautespyrenees,Oui,39600.0
MAL_CHRO,65,Hautes-Pyrénées,hautespyrenees,Ensemble,76700.0
MAL_CHRO,66,Pyrénées-Orientales,pyreneesorientales,Non,81900.0
MAL_CHRO,66,Pyrénées-Orientales,pyreneesorientales,Oui,74800.0
MAL_CHRO,66,Pyrénées-Orientales,pyreneesorientales,Ensemble,156700.0
MAL_CHRO,67,Bas-Rhin,basrhin,Non,138400.0
MAL_CHRO,67,Bas-Rhin,basrhin,Oui,143400.0
MAL_CHRO,67,Bas-Rhin,basrhin,Ensemble,281800.0
MAL_CHRO,68,Haut-Rhin,hautrhin,Non,96600.0
MAL_CHRO,68,Haut-Rhin,hautrhin,Oui,103800.0
MAL_CHRO,68,Haut-Rhin,hautrhin,Ensemble,200500.0
MAL_CHRO,69,Rhône,rhone,Non,204800.0
MAL_CHRO,69,Rhône,rhone,Oui,196000.0
MAL_CHRO,69,Rhône,rhone,Ensemble,400900.0
MAL_CHRO,70,Haute-Saône,hautesaone,Non,34000.0
MAL_CHRO,70,Haute-Saône,hautesaone,Oui,36500.0
MAL_CHRO,70,Haute-Saône,hautesaone,Ensemble,70500.0
MAL_CHRO,71,Saône-et-Loire,saoneetloire,Non,78800.0
MAL_CHRO,71,Saône-et-Loire,saoneetloire,Oui,98200.0
MAL_CHRO,71,Saône-et-Loire,saoneetloire,Ensemble,177000.0
MAL_CHRO,72,Sarthe,sarthe,Non,85000.0
MAL_CHRO,72,Sarthe,sarthe,Oui,74100.0
MAL_CHRO,72,Sarthe,sarthe,Ensemble,159100.0
MAL_CHRO,73,Savoie,savoie,Non,61700.0
MAL_CHRO,73,Savoie,savoie,Oui,55700.0
MAL_CHRO,73,Savoie,savoie,Ensemble,117400.0
MAL_CHRO,74,Haute-Savoie,hautesavoie,Non,95400.0
MAL_CHRO,74,Haute-Savoie,hautesavoie,Oui,88700.0
MAL_CHRO,74,Haute-Savoie,hautesavoie,Ensemble,184100.0
MAL_CHRO,75,Paris,paris,Non,234200.0
MAL_CHRO,75,Paris,paris,Oui,238300.0
MAL_CHRO,75,Paris,paris,Ensemble,472500.0
MAL_CHRO,76,Seine-Maritime,seinemaritime,Non,165900.0
MAL_CHRO,76,Seine-Maritime,seinemaritime,Oui,158700.0
MAL_CHRO,76,Seine-Maritime,seinemaritime,Ensemble,324600.0
MAL_CHRO,77,Seine-et-Marne,seineetmarne,Non,150000.0
MAL_CHRO,77,Seine-et-Marne,seineetmarne,Oui,135800.0
MAL_CHRO,77,Seine-et-Marne,seineetmarne,Ensemble,285800.0
MAL_CHRO,78,Yvelines,yvelines,Non,176300.0
MAL_CHRO,78,Yvelines,yvelines,Oui,137600.0
MAL_CHRO,78,Yvelines,yvelines,Ensemble,313800.0
MAL_CHRO,79,Deux-Sèvres,deuxsevres,Non,57600.0
MAL_CHRO,79,Deux-Sèvres,deuxsevres,Oui,53000.0
MAL_CHRO,79,Deux-Sèvres,deuxsevres,Ensemble,110600.0
MAL_CHRO,80,Somme,somme,Non,67400.0
MAL_CHRO,80,Somme,somme,Oui,79700.0
MAL_CHRO,80,Somme,somme,Ensemble,147100.0
MAL_CHRO,81,Tarn,tarn,Non,58800.0
MAL_CHRO,81,Tarn,tarn,Oui,62600.0
MAL_CHRO,81,Tarn,tarn,Ensemble,121400.0
MAL_CHRO,82,Tarn-et-Garonne,tarnetgaronne,Non,38100.0
MAL_CHRO,82,Tarn-et-Garonne,tarnetgaronne,Oui,35300.0
MAL_CHRO,82,Tarn-et-Garonne,tarnetgaronne,Ensemble,73400.0
MAL_CHRO,83,Var,var,Non,178800.0
MAL_CHRO,83,Var,var,Oui,172800.0
MAL_CHRO,83,Var,var,Ensemble,351600.0
MAL_CHRO,84,Vaucluse,vaucluse,Non,74700.0
MAL_CHRO,84,Vaucluse,vaucluse,Oui,85200.0
MAL_CHRO,84,Vaucluse,vaucluse,Ensemble,159900.0
MAL_CHRO,85,Vendée,vendee,Non,109600.0
MAL_CHRO,85,Vendée,vendee,Oui,103400.0
MAL_CHRO,85,Vendée,vendee,Ensemble,213000.0
MAL_CHRO,86,Vienne,vienne,Non,65200.0
MAL_CHRO,86,Vienne,vienne,Oui,56700.0
MAL_CHRO,86,Vienne,vienne,Ensemble,122000.0
MAL_CHRO,87,Haute-Vienne,hautevienne,Non,55900.0
MAL_CHRO,87,Haute-Vienne,hautevienne,Oui,59500.0
MAL_CHRO,87,Haute-Vienne,hautevienne,Ensemble,115500.0
MAL_CHRO,88,Vosges,vosges,Non,55600.0
MAL_CHRO,88,Vosges,vosges,Oui,56100.0
MAL_CHRO,88,Vosges,vosges,Ensemble,111600.0
MAL_CHRO,89,Yonne,yonne,Non,52700.0
MAL_CHRO,89,Yonne,yonne,Oui,49300.0
MAL_CHRO,89,Yonne,yonne,Ensemble,102000.0
MAL_CHRO,90,Territoire de Belfort,territoiredebelfort,Non,17500.0
MAL_CHRO,90,Territoire de Belfort,territoiredebelfort,Oui,19100.0
MAL_CHRO,90,Territoire de Belfort,territoiredebelfort,Ensemble,36600.0
MAL_CHRO,91,Essonne,essonne,Non,132800.0
MAL_CHRO,91,Essonne,essonne,Oui,127700.0
MAL_CHRO,91,Essonne,essonne,Ensemble,260500.0
MAL_CHRO,92,Hauts-de-Seine,hautsdeseine,Non,168400.0
MAL_CHRO,92,Hauts-de-Seine,hautsdeseine,Oui,151800.0
MAL_CHRO,92,Hauts-de-Seine,hautsdeseine,Ensemble,320200.0
MAL_CHRO,93,Seine-Saint-Denis,seinesaintdenis,Non,117900.0
MAL_CHRO,93,Seine-Saint-Denis,seinesaintdenis,Oui,149300.0
MAL_CHRO,93,Seine-Saint-Denis,seinesaintdenis,Ensemble,267200.0
MAL_CHRO,94,Val-de-Marne,valdemarne,Non,131200.0
MAL_CHRO,94,Val-de-Marne,valdemarne,Oui,146600.0
MAL_CHRO,94,Val-de-Marne,valdemarne,Ensemble,277700.0
MAL_CHRO,95,Val-d'Oise,valdoise,Non,110600.0
MAL_CHRO,95,Val-d'Oise,valdoise,Oui,123200.0
MAL_CHRO,95,Val-d'Oise,valdoise,Ensemble,233800.0
MAL_CHRO,971,Guadeloupe,guadeloupe,Non,42400.0
MAL_CHRO,971,Guadeloupe,guadeloupe,Oui,63800.0
MAL_CHRO,971,Guadeloupe,guadeloupe,Ensemble,106200.0
MAL_CHRO,972,Martinique,martinique,Non,45100.0
MAL_CHRO,972,Martinique,martinique,Oui,64200.0
MAL_CHRO,972,Martinique,martinique,Ensemble,109300.0
MAL_CHRO,973,Guyane,guyane,Non,13000.0
MAL_CHRO,973,Guyane,guyane,Oui,15500.0
MAL_CHRO,973,Guyane,guyane,Ensemble,28500.0
MAL_CHRO,974,La Réunion,lareunion,Non,76300.0
MAL_CHRO,974,La Réunion,lareunion,Oui,86400.0
MAL_CHRO,974,La Réunion,lareunion,Ensemble,162600.0
MAL_CHRO,976,Mayotte,mayotte,Non,5800.0
MAL_CHRO,976,Mayotte,mayotte,Oui,7300.0
MAL_CHRO,976,Mayotte,mayotte,Ensemble,13100.0
"MAL_CHRO,None,""Lecture > Dans l'Ain, 64 400 personnes de 25 à 59 ans déclarent avoir une maladie chronique. "
Champ > Personnes de 5 ans ou plus vivant en logement ordinaire en France.
"Sources > Enquête Vie Quotidienne et Santé 2021, DREES."",lecturedanslain64400personnesde25a59ansdeclarentavoirunemaladiechroniquechamppersonnesde5ansouplusvivantenlogementordinaireenfrancesourcesenqueteviequotidienneetsante2021drees,,"
"LIMITAT,01,Ain,ain,""1 - Oui, fortement limité"",17200.0"
"LIMITAT,01,Ain,ain,""2 - Oui, limité mais pas fortement"",37000.0"
"LIMITAT,01,Ain,ain,""3 - Non, pas limité du tout"",99700.0"
LIMITAT,01,Ain,ain,Ensemble,154000.0
"LIMITAT,02,Aisne,aisne,""1 - Oui, fortement limité"",15500.0"
"LIMITAT,02,Aisne,aisne,""2 - Oui, limité mais pas fortement"",40400.0"
"LIMITAT,02,Aisne,aisne,""3 - Non, pas limité du tout"",86500.0"
LIMITAT,02,Aisne,aisne,Ensemble,142400.0
"LIMITAT,03,Allier,allier,""1 - Oui, fortement limité"",14200.0"
"LIMITAT,03,Allier,allier,""2 - Oui, limité mais pas fortement"",27500.0"
"LIMITAT,03,Allier,allier,""3 - Non, pas limité du tout"",71700.0"
LIMITAT,03,Allier,allier,Ensemble,113400.0
"LIMITAT,04,Alpes-de-Haute-Provence,alpesdehauteprovence,""1 - Oui, fortement limité"",6100.0"
"LIMITAT,04,Alpes-de-Haute-Provence,alpesdehauteprovence,""2 - Oui, limité mais pas fortement"",15100.0"
"LIMITAT,04,Alpes-de-Haute-Provence,alpesdehauteprovence,""3 - Non, pas limité du tout"",34200.0"
LIMITAT,04,Alpes-de-Haute-Provence,alpesdehauteprovence,Ensemble,55300.0
"LIMITAT,05,Hautes-Alpes,hautesalpes,""1 - Oui, fortement limité"",4000.0"
"LIMITAT,05,Hautes-Alpes,hautesalpes,""2 - Oui, limité mais pas fortement"",12400.0"
"LIMITAT,05,Hautes-Alpes,hautesalpes,""3 - Non, pas limité du tout"",28000.0"
LIMITAT,05,Hautes-Alpes,hautesalpes,Ensemble,44400.0
"LIMITAT,06,Alpes-Maritimes,alpesmaritimes,""1 - Oui, fortement limité"",38400.0"
"LIMITAT,06,Alpes-Maritimes,alpesmaritimes,""2 - Oui, limité mais pas fortement"",80600.0"
"LIMITAT,06,Alpes-Maritimes,alpesmaritimes,""3 - Non, pas limité du tout"",207400.0"
LIMITAT,06,Alpes-Maritimes,alpesmaritimes,Ensemble,326500.0
"LIMITAT,07,Ardèche,ardeche,""1 - Oui, fortement limité"",11200.0"
"LIMITAT,07,Ardèche,ardeche,""2 - Oui, limité mais pas fortement"",27200.0"
"LIMITAT,07,Ardèche,ardeche,""3 - Non, pas limité du tout"",63400.0"
LIMITAT,07,Ardèche,ardeche,Ensemble,101800.0
"LIMITAT,08,Ardennes,ardennes,""1 - Oui, fortement limité"",10600.0"
"LIMITAT,08,Ardennes,ardennes,""2 - Oui, limité mais pas fortement"",21000.0"
"LIMITAT,08,Ardennes,ardennes,""3 - Non, pas limité du tout"",44900.0"
LIMITAT,08,Ardennes,ardennes,Ensemble,76500.0
"LIMITAT,09,Ariège,ariege,""1 - Oui, fortement limité"",5500.0"
"LIMITAT,09,Ariège,ariege,""2 - Oui, limité mais pas fortement"",14700.0"
"LIMITAT,09,Ariège,ariege,""3 - Non, pas limité du tout"",30700.0"
LIMITAT,09,Ariège,ariege,Ensemble,50900.0
"LIMITAT,10,Aube,aube,""1 - Oui, fortement limité"",10500.0"
"LIMITAT,10,Aube,aube,""2 - Oui, limité mais pas fortement"",20600.0"
"LIMITAT,10,Aube,aube,""3 - Non, pas limité du tout"",53100.0"
LIMITAT,10,Aube,aube,Ensemble,84200.0
"LIMITAT,11,Aude,aude,""1 - Oui, fortement limité"",12500.0"
"LIMITAT,11,Aude,aude,""2 - Oui, limité mais pas fortement"",38400.0"
"LIMITAT,11,Aude,aude,""3 - Non, pas limité du tout"",72800.0"
LIMITAT,11,Aude,aude,Ensemble,123700.0
"LIMITAT,12,Aveyron,aveyron,""1 - Oui, fortement limité"",9600.0"
"LIMITAT,12,Aveyron,aveyron,""2 - Oui, limité mais pas fortement"",23100.0"
"LIMITAT,12,Aveyron,aveyron,""3 - Non, pas limité du tout"",60100.0"
LIMITAT,12,Aveyron,aveyron,Ensemble,92800.0
"LIMITAT,13,Bouches-du-Rhône,bouchesdurhone,""1 - Oui, fortement limité"",70400.0"
"LIMITAT,13,Bouches-du-Rhône,bouchesdurhone,""2 - Oui, limité mais pas fortement"",135300.0"
"LIMITAT,13,Bouches-du-Rhône,bouchesdurhone,""3 - Non, pas limité du tout"",323600.0"
LIMITAT,13,Bouches-du-Rhône,bouchesdurhone,Ensemble,529400.0
"LIMITAT,14,Calvados,calvados,""1 - Oui, fortement limité"",20300.0"
"LIMITAT,14,Calvados,calvados,""2 - Oui, limité mais pas fortement"",46800.0"
"LIMITAT,14,Calvados,calvados,""3 - Non, pas limité du tout"",127500.0"
LIMITAT,14,Calvados,calvados,Ensemble,194600.0
"LIMITAT,15,Cantal,cantal,""1 - Oui, fortement limité"",4900.0"
"LIMITAT,15,Cantal,cantal,""2 - Oui, limité mais pas fortement"",15100.0"
"LIMITAT,15,Cantal,cantal,""3 - Non, pas limité du tout"",29500.0"
LIMITAT,15,Cantal,cantal,Ensemble,49500.0
"LIMITAT,16,Charente,charente,""1 - Oui, fortement limité"",11900.0"
"LIMITAT,16,Charente,charente,""2 - Oui, limité mais pas fortement"",30900.0"
"LIMITAT,16,Charente,charente,""3 - Non, pas limité du tout"",68500.0"
LIMITAT,16,Charente,charente,Ensemble,111300.0
"LIMITAT,17,Charente-Maritime,charentemaritime,""1 - Oui, fortement limité"",27700.0"
"LIMITAT,17,Charente-Maritime,charentemaritime,""2 - Oui, limité mais pas fortement"",52400.0"
"LIMITAT,17,Charente-Maritime,charentemaritime,""3 - Non, pas limité du tout"",147600.0"
LIMITAT,17,Charente-Maritime,charentemaritime,Ensemble,227600.0
"LIMITAT,18,Cher,cher,""1 - Oui, fortement limité"",8900.0"
"LIMITAT,18,Cher,cher,""2 - Oui, limité mais pas fortement"",23400.0"
"LIMITAT,18,Cher,cher,""3 - Non, pas limité du tout"",63500.0"
LIMITAT,18,Cher,cher,Ensemble,95800.0
"LIMITAT,19,Corrèze,correze,""1 - Oui, fortement limité"",9900.0"
"LIMITAT,19,Corrèze,correze,""2 - Oui, limité mais pas fortement"",21100.0"
"LIMITAT,19,Corrèze,correze,""3 - Non, pas limité du tout"",50500.0"
LIMITAT,19,Corrèze,correze,Ensemble,81500.0
"LIMITAT,21,Côte-d'Or,cotedor,""1 - Oui, fortement limité"",13400.0"
"LIMITAT,21,Côte-d'Or,cotedor,""2 - Oui, limité mais pas fortement"",34700.0"
"LIMITAT,21,Côte-d'Or,cotedor,""3 - Non, pas limité du tout"",94000.0"
LIMITAT,21,Côte-d'Or,cotedor,Ensemble,142100.0
"LIMITAT,22,Côtes d'Armor,cotesdarmor,""1 - Oui, fortement limité"",19000.0"
"LIMITAT,22,Côtes d'Armor,cotesdarmor,""2 - Oui, limité mais pas fortement"",45900.0"
"LIMITAT,22,Côtes d'Armor,cotesdarmor,""3 - Non, pas limité du tout"",131300.0"
LIMITAT,22,Côtes d'Armor,cotesdarmor,Ensemble,196200.0
"LIMITAT,23,Creuse,creuse,""1 - Oui, fortement limité"",5900.0"
"LIMITAT,23,Creuse,creuse,""2 - Oui, limité mais pas fortement"",11600.0"
"LIMITAT,23,Creuse,creuse,""3 - Non, pas limité du tout"",26400.0"
LIMITAT,23,Creuse,creuse,Ensemble,43900.0
"LIMITAT,24,Dordogne,dordogne,""1 - Oui, fortement limité"",14900.0"
"LIMITAT,24,Dordogne,dordogne,""2 - Oui, limité mais pas fortement"",37600.0"
"LIMITAT,24,Dordogne,dordogne,""3 - Non, pas limité du tout"",97400.0"
LIMITAT,24,Dordogne,dordogne,Ensemble,149900.0
"LIMITAT,25,Doubs,doubs,""1 - Oui, fortement limité"",13300.0"
"LIMITAT,25,Doubs,doubs,""2 - Oui, limité mais pas fortement"",31500.0"
"LIMITAT,25,Doubs,doubs,""3 - Non, pas limité du tout"",91600.0"
LIMITAT,25,Doubs,doubs,Ensemble,136400.0
"LIMITAT,26,Drôme,drome,""1 - Oui, fortement limité"",15600.0"
"LIMITAT,26,Drôme,drome,""2 - Oui, limité mais pas fortement"",34700.0"
"LIMITAT,26,Drôme,drome,""3 - Non, pas limité du tout"",94400.0"
LIMITAT,26,Drôme,drome,Ensemble,144800.0
"LIMITAT,27,Eure,eure,""1 - Oui, fortement limité"",14200.0"
"LIMITAT,27,Eure,eure,""2 - Oui, limité mais pas fortement"",35400.0"
"LIMITAT,27,Eure,eure,""3 - Non, pas limité du tout"",103600.0"
LIMITAT,27,Eure,eure,Ensemble,153200.0
"LIMITAT,28,Eure-et-Loire,eureetloire,""1 - Oui, fortement limité"",14600.0"
"LIMITAT,28,Eure-et-Loire,eureetloire,""2 - Oui, limité mais pas fortement"",29500.0"
"LIMITAT,28,Eure-et-Loire,eureetloire,""3 - Non, pas limité du tout"",71200.0"
LIMITAT,28,Eure-et-Loire,eureetloire,Ensemble,115200.0
"LIMITAT,29,Finistère,finistere,""1 - Oui, fortement limité"",31700.0"
"LIMITAT,29,Finistère,finistere,""2 - Oui, limité mais pas fortement"",66400.0"
"LIMITAT,29,Finistère,finistere,""3 - Non, pas limité du tout"",180800.0"
LIMITAT,29,Finistère,finistere,Ensemble,278900.0
"LIMITAT,2A,Corse-du-Sud,corsedusud,""1 - Oui, fortement limité"",8200.0"
"LIMITAT,2A,Corse-du-Sud,corsedusud,""2 - Oui, limité mais pas fortement"",10600.0"
"LIMITAT,2A,Corse-du-Sud,corsedusud,""3 - Non, pas limité du tout"",30000.0"
LIMITAT,2A,Corse-du-Sud,corsedusud,Ensemble,48800.0
"LIMITAT,2B,Haute-Corse,hautecorse,""1 - Oui, fortement limité"",6700.0"
"LIMITAT,2B,Haute-Corse,hautecorse,""2 - Oui, limité mais pas fortement"",13600.0"
"LIMITAT,2B,Haute-Corse,hautecorse,""3 - Non, pas limité du tout"",33400.0"
LIMITAT,2B,Haute-Corse,hautecorse,Ensemble,53700.0
"LIMITAT,30,Gard,gard,""1 - Oui, fortement limité"",27900.0"
"LIMITAT,30,Gard,gard,""2 - Oui, limité mais pas fortement"",55800.0"
"LIMITAT,30,Gard,gard,""3 - Non, pas limité du tout"",140400.0"
LIMITAT,30,Gard,gard,Ensemble,224000.0
"LIMITAT,31,Haute-Garonne,hautegaronne,""1 - Oui, fortement limité"",35900.0"
"LIMITAT,31,Haute-Garonne,hautegaronne,""2 - Oui, limité mais pas fortement"",80200.0"
"LIMITAT,31,Haute-Garonne,hautegaronne,""3 - Non, pas limité du tout"",187600.0"
LIMITAT,31,Haute-Garonne,hautegaronne,Ensemble,303700.0
"LIMITAT,32,Gers,gers,""1 - Oui, fortement limité"",7700.0"
"LIMITAT,32,Gers,gers,""2 - Oui, limité mais pas fortement"",16800.0"
"LIMITAT,32,Gers,gers,""3 - Non, pas limité du tout"",41600.0"
LIMITAT,32,Gers,gers,Ensemble,66100.0
"LIMITAT,33,Gironde,gironde,""1 - Oui, fortement limité"",50200.0"
"LIMITAT,33,Gironde,gironde,""2 - Oui, limité mais pas fortement"",105400.0"
"LIMITAT,33,Gironde,gironde,""3 - Non, pas limité du tout"",250000.0"
LIMITAT,33,Gironde,gironde,Ensemble,405600.0
"LIMITAT,34,Hérault,herault,""1 - Oui, fortement limité"",35800.0"
"LIMITAT,34,Hérault,herault,""2 - Oui, limité mais pas fortement"",79100.0"
"LIMITAT,34,Hérault,herault,""3 - Non, pas limité du tout"",209500.0"
LIMITAT,34,Hérault,herault,Ensemble,324300.0
"LIMITAT,35,Ille-et-Vilaine,illeetvilaine,""1 - Oui, fortement limité"",27100.0"
"LIMITAT,35,Ille-et-Vilaine,illeetvilaine,""2 - Oui, limité mais pas fortement"",55100.0"
"LIMITAT,35,Ille-et-Vilaine,illeetvilaine,""3 - Non, pas limité du tout"",168300.0"
LIMITAT,35,Ille-et-Vilaine,illeetvilaine,Ensemble,250500.0
"LIMITAT,36,Indre,indre,""1 - Oui, fortement limité"",8000.0"
"LIMITAT,36,Indre,indre,""2 - Oui, limité mais pas fortement"",19900.0"
"LIMITAT,36,Indre,indre,""3 - Non, pas limité du tout"",47700.0"
LIMITAT,36,Indre,indre,Ensemble,75600.0
"LIMITAT,37,Indre-et-Loire,indreetloire,""1 - Oui, fortement limité"",20400.0"
"LIMITAT,37,Indre-et-Loire,indreetloire,""2 - Oui, limité mais pas fortement"",36700.0"
"LIMITAT,37,Indre-et-Loire,indreetloire,""3 - Non, pas limité du tout"",110200.0"
LIMITAT,37,Indre-et-Loire,indreetloire,Ensemble,167300.0
"LIMITAT,38,Isère,isere,""1 - Oui, fortement limité"",34800.0"
"LIMITAT,38,Isère,isere,""2 - Oui, limité mais pas fortement"",79800.0"
"LIMITAT,38,Isère,isere,""3 - Non, pas limité du tout"",191800.0"
LIMITAT,38,Isère,isere,Ensemble,306600.0
"LIMITAT,39,Jura,jura,""1 - Oui, fortement limité"",7800.0"
"LIMITAT,39,Jura,jura,""2 - Oui, limité mais pas fortement"",20600.0"
"LIMITAT,39,Jura,jura,""3 - Non, pas limité du tout"",49400.0"
LIMITAT,39,Jura,jura,Ensemble,77800.0
"LIMITAT,40,Landes,landes,""1 - Oui, fortement limité"",15000.0"
"LIMITAT,40,Landes,landes,""2 - Oui, limité mais pas fortement"",39700.0"
"LIMITAT,40,Landes,landes,""3 - Non, pas limité du tout"",79400.0"
LIMITAT,40,Landes,landes,Ensemble,134100.0
"LIMITAT,41,Loir-et-Cher,loiretcher,""1 - Oui, fortement limité"",10900.0"
"LIMITAT,41,Loir-et-Cher,loiretcher,""2 - Oui, limité mais pas fortement"",22000.0"
"LIMITAT,41,Loir-et-Cher,loiretcher,""3 - Non, pas limité du tout"",69100.0"
LIMITAT,41,Loir-et-Cher,loiretcher,Ensemble,101900.0
"LIMITAT,42,Loire,loire,""1 - Oui, fortement limité"",25400.0"
"LIMITAT,42,Loire,loire,""2 - Oui, limité mais pas fortement"",52000.0"
"LIMITAT,42,Loire,loire,""3 - Non, pas limité du tout"",132400.0"
LIMITAT,42,Loire,loire,Ensemble,209800.0
"LIMITAT,43,Haute-Loire,hauteloire,""1 - Oui, fortement limité"",6500.0"
"LIMITAT,43,Haute-Loire,hauteloire,""2 - Oui, limité mais pas fortement"",21400.0"
"LIMITAT,43,Haute-Loire,hauteloire,""3 - Non, pas limité du tout"",41400.0"
LIMITAT,43,Haute-Loire,hauteloire,Ensemble,69300.0
"LIMITAT,44,Loire-Atlantique,loireatlantique,""1 - Oui, fortement limité"",32100.0"
"LIMITAT,44,Loire-Atlantique,loireatlantique,""2 - Oui, limité mais pas fortement"",79600.0"
"LIMITAT,44,Loire-Atlantique,loireatlantique,""3 - Non, pas limité du tout"",224200.0"
LIMITAT,44,Loire-Atlantique,loireatlantique,Ensemble,335900.0
"LIMITAT,45,Loiret,loiret,""1 - Oui, fortement limité"",19800.0"
"LIMITAT,45,Loiret,loiret,""2 - Oui, limité mais pas fortement"",45600.0"
"LIMITAT,45,Loiret,loiret,""3 - Non, pas limité du tout"",109200.0"
LIMITAT,45,Loiret,loiret,Ensemble,174600.0
"LIMITAT,46,Lot,lot,""1 - Oui, fortement limité"",7000.0"
"LIMITAT,46,Lot,lot,""2 - Oui, limité mais pas fortement"",17600.0"
"LIMITAT,46,Lot,lot,""3 - Non, pas limité du tout"",40600.0"
LIMITAT,46,Lot,lot,Ensemble,65200.0
"LIMITAT,47,Lot-et-Garonne,lotetgaronne,""1 - Oui, fortement limité"",12400.0"
"LIMITAT,47,Lot-et-Garonne,lotetgaronne,""2 - Oui, limité mais pas fortement"",25900.0"
"LIMITAT,47,Lot-et-Garonne,lotetgaronne,""3 - Non, pas limité du tout"",69800.0"
LIMITAT,47,Lot-et-Garonne,lotetgaronne,Ensemble,108100.0
"LIMITAT,48,Lozère,lozere,""1 - Oui, fortement limité"",3100.0"
"LIMITAT,48,Lozère,lozere,""2 - Oui, limité mais pas fortement"",4900.0"
"LIMITAT,48,Lozère,lozere,""3 - Non, pas limité du tout"",15500.0"
LIMITAT,48,Lozère,lozere,Ensemble,23600.0
"LIMITAT,49,Maine-et-Loire,maineetloire,""1 - Oui, fortement limité"",24300.0"
"LIMITAT,49,Maine-et-Loire,maineetloire,""2 - Oui, limité mais pas fortement"",47300.0"
"LIMITAT,49,Maine-et-Loire,maineetloire,""3 - Non, pas limité du tout"",140100.0"
LIMITAT,49,Maine-et-Loire,maineetloire,Ensemble,211600.0
"LIMITAT,50,Manche,manche,""1 - Oui, fortement limité"",15600.0"
"LIMITAT,50,Manche,manche,""2 - Oui, limité mais pas fortement"",40400.0"
"LIMITAT,50,Manche,manche,""3 - Non, pas limité du tout"",100800.0"
LIMITAT,50,Manche,manche,Ensemble,156700.0
"LIMITAT,51,Marne,marne,""1 - Oui, fortement limité"",17300.0"
"LIMITAT,51,Marne,marne,""2 - Oui, limité mais pas fortement"",39000.0"
"LIMITAT,51,Marne,marne,""3 - Non, pas limité du tout"",85800.0"
LIMITAT,51,Marne,marne,Ensemble,142100.0
"LIMITAT,52,Haute-Marne,hautemarne,""1 - Oui, fortement limité"",6800.0"
"LIMITAT,52,Haute-Marne,hautemarne,""2 - Oui, limité mais pas fortement"",12800.0"
"LIMITAT,52,Haute-Marne,hautemarne,""3 - Non, pas limité du tout"",34200.0"
LIMITAT,52,Haute-Marne,hautemarne,Ensemble,53800.0
"LIMITAT,53,Mayenne,mayenne,""1 - Oui, fortement limité"",10300.0"
"LIMITAT,53,Mayenne,mayenne,""2 - Oui, limité mais pas fortement"",19900.0"
"LIMITAT,53,Mayenne,mayenne,""3 - Non, pas limité du tout"",54600.0"
LIMITAT,53,Mayenne,mayenne,Ensemble,84800.0
"LIMITAT,54,Meurthe-et-Moselle,meurtheetmoselle,""1 - Oui, fortement limité"",18200.0"
"LIMITAT,54,Meurthe-et-Moselle,meurtheetmoselle,""2 - Oui, limité mais pas fortement"",49600.0"
"LIMITAT,54,Meurthe-et-Moselle,meurtheetmoselle,""3 - Non, pas limité du tout"",115800.0"
LIMITAT,54,Meurthe-et-Moselle,meurtheetmoselle,Ensemble,183600.0
"LIMITAT,55,Meuse,meuse,""1 - Oui, fortement limité"",5700.0"
"LIMITAT,55,Meuse,meuse,""2 - Oui, limité mais pas fortement"",16200.0"
"LIMITAT,55,Meuse,meuse,""3 - Non, pas limité du tout"",32000.0"
LIMITAT,55,Meuse,meuse,Ensemble,53800.0
"LIMITAT,56,Morbihan,morbihan,""1 - Oui, fortement limité"",22200.0"
"LIMITAT,56,Morbihan,morbihan,""2 - Oui, limité mais pas fortement"",60200.0"
"LIMITAT,56,Morbihan,morbihan,""3 - Non, pas limité du tout"",159300.0"
LIMITAT,56,Morbihan,morbihan,Ensemble,241700.0
"LIMITAT,57,Moselle,moselle,""1 - Oui, fortement limité"",36400.0"
"LIMITAT,57,Moselle,moselle,""2 - Oui, limité mais pas fortement"",79400.0"
"LIMITAT,57,Moselle,moselle,""3 - Non, pas limité du tout"",159400.0"
LIMITAT,57,Moselle,moselle,Ensemble,275100.0
"LIMITAT,58,Nièvre,nievre,""1 - Oui, fortement limité"",9600.0"
"LIMITAT,58,Nièvre,nievre,""2 - Oui, limité mais pas fortement"",19200.0"
"LIMITAT,58,Nièvre,nievre,""3 - Non, pas limité du tout"",43800.0"
LIMITAT,58,Nièvre,nievre,Ensemble,72700.0
"LIMITAT,59,Nord,nord,""1 - Oui, fortement limité"",89300.0"
"LIMITAT,59,Nord,nord,""2 - Oui, limité mais pas fortement"",161600.0"
"LIMITAT,59,Nord,nord,""3 - Non, pas limité du tout"",337000.0"
LIMITAT,59,Nord,nord,Ensemble,587800.0
"LIMITAT,60,Oise,oise,""1 - Oui, fortement limité"",23200.0"
"LIMITAT,60,Oise,oise,""2 - Oui, limité mais pas fortement"",43500.0"
"LIMITAT,60,Oise,oise,""3 - Non, pas limité du tout"",122900.0"
LIMITAT,60,Oise,oise,Ensemble,189600.0
"LIMITAT,61,Orne,orne,""1 - Oui, fortement limité"",8700.0"
"LIMITAT,61,Orne,orne,""2 - Oui, limité mais pas fortement"",23000.0"
"LIMITAT,61,Orne,orne,""3 - Non, pas limité du tout"",58200.0"
LIMITAT,61,Orne,orne,Ensemble,89800.0
"LIMITAT,62,Pas-de-Calais,pasdecalais,""1 - Oui, fortement limité"",53100.0"
"LIMITAT,62,Pas-de-Calais,pasdecalais,""2 - Oui, limité mais pas fortement"",104400.0"
"LIMITAT,62,Pas-de-Calais,pasdecalais,""3 - Non, pas limité du tout"",210900.0"
LIMITAT,62,Pas-de-Calais,pasdecalais,Ensemble,368500.0
"LIMITAT,63,Puy-de-Dôme,puydedome,""1 - Oui, fortement limité"",21400.0"
"LIMITAT,63,Puy-de-Dôme,puydedome,""2 - Oui, limité mais pas fortement"",47100.0"
"LIMITAT,63,Puy-de-Dôme,puydedome,""3 - Non, pas limité du tout"",113600.0"
LIMITAT,63,Puy-de-Dôme,puydedome,Ensemble,182100.0
"LIMITAT,64,Pyrénées-Atlantiques,pyreneesatlantiques,""1 - Oui, fortement limité"",19300.0"
"LIMITAT,64,Pyrénées-Atlantiques,pyreneesatlantiques,""2 - Oui, limité mais pas fortement"",51300.0"
"LIMITAT,64,Pyrénées-Atlantiques,pyreneesatlantiques,""3 - Non, pas limité du tout"",137400.0"
LIMITAT,64,Pyrénées-Atlantiques,pyreneesatlantiques,Ensemble,208000.0
"LIMITAT,65,Hautes-Pyrénées,hautespyrenees,""1 - Oui, fortement limité"",8000.0"
"LIMITAT,65,Hautes-Pyrénées,hautespyrenees,""2 - Oui, limité mais pas fortement"",21900.0"
"LIMITAT,65,Hautes-Pyrénées,hautespyrenees,""3 - Non, pas limité du tout"",46800.0"
LIMITAT,65,Hautes-Pyrénées,hautespyrenees,Ensemble,76700.0
"LIMITAT,66,Pyrénées-Orientales,pyreneesorientales,""1 - Oui, fortement limité"",18500.0"
"LIMITAT,66,Pyrénées-Orientales,pyreneesorientales,""2 - Oui, limité mais pas fortement"",40500.0"
"LIMITAT,66,Pyrénées-Orientales,pyreneesorientales,""3 - Non, pas limité du tout"",97700.0"
LIMITAT,66,Pyrénées-Orientales,pyreneesorientales,Ensemble,156700.0
"LIMITAT,67,Bas-Rhin,basrhin,""1 - Oui, fortement limité"",30100.0"
"LIMITAT,67,Bas-Rhin,basrhin,""2 - Oui, limité mais pas fortement"",68500.0"
"LIMITAT,67,Bas-Rhin,basrhin,""3 - Non, pas limité du tout"",183100.0"
LIMITAT,67,Bas-Rhin,basrhin,Ensemble,281800.0
"LIMITAT,68,Haut-Rhin,hautrhin,""1 - Oui, fortement limité"",23600.0"
"LIMITAT,68,Haut-Rhin,hautrhin,""2 - Oui, limité mais pas fortement"",48700.0"
"LIMITAT,68,Haut-Rhin,hautrhin,""3 - Non, pas limité du tout"",128200.0"
LIMITAT,68,Haut-Rhin,hautrhin,Ensemble,200500.0
"LIMITAT,69,Rhône,rhone,""1 - Oui, fortement limité"",41400.0"
"LIMITAT,69,Rhône,rhone,""2 - Oui, limité mais pas fortement"",102600.0"
"LIMITAT,69,Rhône,rhone,""3 - Non, pas limité du tout"",256800.0"
LIMITAT,69,Rhône,rhone,Ensemble,400900.0
"LIMITAT,70,Haute-Saône,hautesaone,""1 - Oui, fortement limité"",8300.0"
"LIMITAT,70,Haute-Saône,hautesaone,""2 - Oui, limité mais pas fortement"",18000.0"
"LIMITAT,70,Haute-Saône,hautesaone,""3 - Non, pas limité du tout"",44100.0"
LIMITAT,70,Haute-Saône,hautesaone,Ensemble,70500.0
"LIMITAT,71,Saône-et-Loire,saoneetloire,""1 - Oui, fortement limité"",19500.0"
"LIMITAT,71,Saône-et-Loire,saoneetloire,""2 - Oui, limité mais pas fortement"",49700.0"
"LIMITAT,71,Saône-et-Loire,saoneetloire,""3 - Non, pas limité du tout"",107800.0"
LIMITAT,71,Saône-et-Loire,saoneetloire,Ensemble,177000.0
"LIMITAT,72,Sarthe,sarthe,""1 - Oui, fortement limité"",16900.0"
"LIMITAT,72,Sarthe,sarthe,""2 - Oui, limité mais pas fortement"",41300.0"
"LIMITAT,72,Sarthe,sarthe,""3 - Non, pas limité du tout"",100900.0"
LIMITAT,72,Sarthe,sarthe,Ensemble,159100.0
"LIMITAT,73,Savoie,savoie,""1 - Oui, fortement limité"",11800.0"
"LIMITAT,73,Savoie,savoie,""2 - Oui, limité mais pas fortement"",27900.0"
"LIMITAT,73,Savoie,savoie,""3 - Non, pas limité du tout"",77800.0"
LIMITAT,73,Savoie,savoie,Ensemble,117400.0
"LIMITAT,74,Haute-Savoie,hautesavoie,""1 - Oui, fortement limité"",18100.0"
"LIMITAT,74,Haute-Savoie,hautesavoie,""2 - Oui, limité mais pas fortement"",41700.0"
"LIMITAT,74,Haute-Savoie,hautesavoie,""3 - Non, pas limité du tout"",124300.0"
LIMITAT,74,Haute-Savoie,hautesavoie,Ensemble,184100.0
"LIMITAT,75,Paris,paris,""1 - Oui, fortement limité"",43400.0"
"LIMITAT,75,Paris,paris,""2 - Oui, limité mais pas fortement"",111900.0"
"LIMITAT,75,Paris,paris,""3 - Non, pas limité du tout"",317200.0"
LIMITAT,75,Paris,paris,Ensemble,472500.0
"LIMITAT,76,Seine-Maritime,seinemaritime,""1 - Oui, fortement limité"",31600.0"
"LIMITAT,76,Seine-Maritime,seinemaritime,""2 - Oui, limité mais pas fortement"",79100.0"
"LIMITAT,76,Seine-Maritime,seinemaritime,""3 - Non, pas limité du tout"",214000.0"
LIMITAT,76,Seine-Maritime,seinemaritime,Ensemble,324600.0
"LIMITAT,77,Seine-et-Marne,seineetmarne,""1 - Oui, fortement limité"",25900.0"
"LIMITAT,77,Seine-et-Marne,seineetmarne,""2 - Oui, limité mais pas fortement"",60200.0"
"LIMITAT,77,Seine-et-Marne,seineetmarne,""3 - Non, pas limité du tout"",199700.0"
LIMITAT,77,Seine-et-Marne,seineetmarne,Ensemble,285800.0
"LIMITAT,78,Yvelines,yvelines,""1 - Oui, fortement limité"",25600.0"
"LIMITAT,78,Yvelines,yvelines,""2 - Oui, limité mais pas fortement"",62400.0"
"LIMITAT,78,Yvelines,yvelines,""3 - Non, pas limité du tout"",225800.0"
LIMITAT,78,Yvelines,yvelines,Ensemble,313800.0
"LIMITAT,79,Deux-Sèvres,deuxsevres,""1 - Oui, fortement limité"",10200.0"
"LIMITAT,79,Deux-Sèvres,deuxsevres,""2 - Oui, limité mais pas fortement"",25400.0"
"LIMITAT,79,Deux-Sèvres,deuxsevres,""3 - Non, pas limité du tout"",75000.0"
LIMITAT,79,Deux-Sèvres,deuxsevres,Ensemble,110600.0
"LIMITAT,80,Somme,somme,""1 - Oui, fortement limité"",19300.0"
"LIMITAT,80,Somme,somme,""2 - Oui, limité mais pas fortement"",47300.0"
"LIMITAT,80,Somme,somme,""3 - Non, pas limité du tout"",80500.0"
LIMITAT,80,Somme,somme,Ensemble,147100.0
"LIMITAT,81,Tarn,tarn,""1 - Oui, fortement limité"",15200.0"
"LIMITAT,81,Tarn,tarn,""2 - Oui, limité mais pas fortement"",35100.0"
"LIMITAT,81,Tarn,tarn,""3 - Non, pas limité du tout"",71100.0"
LIMITAT,81,Tarn,tarn,Ensemble,121400.0
"LIMITAT,82,Tarn-et-Garonne,tarnetgaronne,""1 - Oui, fortement limité"",7300.0"
"LIMITAT,82,Tarn-et-Garonne,tarnetgaronne,""2 - Oui, limité mais pas fortement"",19500.0"
"LIMITAT,82,Tarn-et-Garonne,tarnetgaronne,""3 - Non, pas limité du tout"",46600.0"
LIMITAT,82,Tarn-et-Garonne,tarnetgaronne,Ensemble,73400.0
"LIMITAT,83,Var,var,""1 - Oui, fortement limité"",41600.0"
"LIMITAT,83,Var,var,""2 - Oui, limité mais pas fortement"",92800.0"
"LIMITAT,83,Var,var,""3 - Non, pas limité du tout"",217200.0"
LIMITAT,83,Var,var,Ensemble,351600.0
"LIMITAT,84,Vaucluse,vaucluse,""1 - Oui, fortement limité"",21000.0"
"LIMITAT,84,Vaucluse,vaucluse,""2 - Oui, limité mais pas fortement"",38200.0"
"LIMITAT,84,Vaucluse,vaucluse,""3 - Non, pas limité du tout"",100700.0"
LIMITAT,84,Vaucluse,vaucluse,Ensemble,159900.0
"LIMITAT,85,Vendée,vendee,""1 - Oui, fortement limité"",20900.0"
"LIMITAT,85,Vendée,vendee,""2 - Oui, limité mais pas fortement"",56000.0"
"LIMITAT,85,Vendée,vendee,""3 - Non, pas limité du tout"",136100.0"
LIMITAT,85,Vendée,vendee,Ensemble,213000.0
"LIMITAT,86,Vienne,vienne,""1 - Oui, fortement limité"",11200.0"
"LIMITAT,86,Vienne,vienne,""2 - Oui, limité mais pas fortement"",31800.0"
"LIMITAT,86,Vienne,vienne,""3 - Non, pas limité du tout"",78900.0"
LIMITAT,86,Vienne,vienne,Ensemble,122000.0
"LIMITAT,87,Haute-Vienne,hautevienne,""1 - Oui, fortement limité"",15200.0"
"LIMITAT,87,Haute-Vienne,hautevienne,""2 - Oui, limité mais pas fortement"",32600.0"
"LIMITAT,87,Haute-Vienne,hautevienne,""3 - Non, pas limité du tout"",67600.0"
LIMITAT,87,Haute-Vienne,hautevienne,Ensemble,115500.0
"LIMITAT,88,Vosges,vosges,""1 - Oui, fortement limité"",10500.0"
"LIMITAT,88,Vosges,vosges,""2 - Oui, limité mais pas fortement"",30100.0"
"LIMITAT,88,Vosges,vosges,""3 - Non, pas limité du tout"",71000.0"
LIMITAT,88,Vosges,vosges,Ensemble,111600.0
"LIMITAT,89,Yonne,yonne,""1 - Oui, fortement limité"",11000.0"
"LIMITAT,89,Yonne,yonne,""2 - Oui, limité mais pas fortement"",25800.0"
"LIMITAT,89,Yonne,yonne,""3 - Non, pas limité du tout"",65300.0"
LIMITAT,89,Yonne,yonne,Ensemble,102000.0
"LIMITAT,90,Territoire de Belfort,territoiredebelfort,""1 - Oui, fortement limité"",4000.0"
"LIMITAT,90,Territoire de Belfort,territoiredebelfort,""2 - Oui, limité mais pas fortement"",10800.0"
"LIMITAT,90,Territoire de Belfort,territoiredebelfort,""3 - Non, pas limité du tout"",21800.0"
LIMITAT,90,Territoire de Belfort,territoiredebelfort,Ensemble,36600.0
"LIMITAT,91,Essonne,essonne,""1 - Oui, fortement limité"",28200.0"
"LIMITAT,91,Essonne,essonne,""2 - Oui, limité mais pas fortement"",64400.0"
"LIMITAT,91,Essonne,essonne,""3 - Non, pas limité du tout"",167900.0"
LIMITAT,91,Essonne,essonne,Ensemble,260500.0
"LIMITAT,92,Hauts-de-Seine,hautsdeseine,""1 - Oui, fortement limité"",29100.0"
"LIMITAT,92,Hauts-de-Seine,hautsdeseine,""2 - Oui, limité mais pas fortement"",68300.0"
"LIMITAT,92,Hauts-de-Seine,hautsdeseine,""3 - Non, pas limité du tout"",222700.0"
LIMITAT,92,Hauts-de-Seine,hautsdeseine,Ensemble,320200.0
"LIMITAT,93,Seine-Saint-Denis,seinesaintdenis,""1 - Oui, fortement limité"",38900.0"
"LIMITAT,93,Seine-Saint-Denis,seinesaintdenis,""2 - Oui, limité mais pas fortement"",70300.0"
"LIMITAT,93,Seine-Saint-Denis,seinesaintdenis,""3 - Non, pas limité du tout"",158000.0"
LIMITAT,93,Seine-Saint-Denis,seinesaintdenis,Ensemble,267200.0
"LIMITAT,94,Val-de-Marne,valdemarne,""1 - Oui, fortement limité"",34600.0"
"LIMITAT,94,Val-de-Marne,valdemarne,""2 - Oui, limité mais pas fortement"",64700.0"
"LIMITAT,94,Val-de-Marne,valdemarne,""3 - Non, pas limité du tout"",178500.0"
LIMITAT,94,Val-de-Marne,valdemarne,Ensemble,277700.0
"LIMITAT,95,Val-d'Oise,valdoise,""1 - Oui, fortement limité"",26800.0"
"LIMITAT,95,Val-d'Oise,valdoise,""2 - Oui, limité mais pas fortement"",54300.0"
"LIMITAT,95,Val-d'Oise,valdoise,""3 - Non, pas limité du tout"",152600.0"
LIMITAT,95,Val-d'Oise,valdoise,Ensemble,233800.0
"LIMITAT,971,Guadeloupe,guadeloupe,""1 - Oui, fortement limité"",15000.0"
"LIMITAT,971,Guadeloupe,guadeloupe,""2 - Oui, limité mais pas fortement"",33900.0"
"LIMITAT,971,Guadeloupe,guadeloupe,""3 - Non, pas limité du tout"",57400.0"
LIMITAT,971,Guadeloupe,guadeloupe,Ensemble,106200.0
"LIMITAT,972,Martinique,martinique,""1 - Oui, fortement limité"",19800.0"
"LIMITAT,972,Martinique,martinique,""2 - Oui, limité mais pas fortement"",28800.0"
"LIMITAT,972,Martinique,martinique,""3 - Non, pas limité du tout"",60800.0"
LIMITAT,972,Martinique,martinique,Ensemble,109300.0
"LIMITAT,973,Guyane,guyane,""1 - Oui, fortement limité"",3800.0"
"LIMITAT,973,Guyane,guyane,""2 - Oui, limité mais pas fortement"",8200.0"
"LIMITAT,973,Guyane,guyane,""3 - Non, pas limité du tout"",16600.0"
LIMITAT,973,Guyane,guyane,Ensemble,28500.0
"LIMITAT,974,La Réunion,lareunion,""1 - Oui, fortement limité"",23800.0"
"LIMITAT,974,La Réunion,lareunion,""2 - Oui, limité mais pas fortement"",41500.0"
"LIMITAT,974,La Réunion,lareunion,""3 - Non, pas limité du tout"",97400.0"
LIMITAT,974,La Réunion,lareunion,Ensemble,162600.0
"LIMITAT,976,Mayotte,mayotte,""1 - Oui, fortement limité"",2000.0"
"LIMITAT,976,Mayotte,mayotte,""2 - Oui, limité mais pas fortement"",3300.0"
"LIMITAT,976,Mayotte,mayotte,""3 - Non, pas limité du tout"",7900.0"
LIMITAT,976,Mayotte,mayotte,Ensemble,13100.0
"LIMITAT,None,""Lecture > Dans l'Ain, 15 100 personnes de 25 à 59 ans déclarent avoir une forte restriction dans les activités quotidienne depuis au moins 6 mois en raison d'un problème de santé. "
Champ > Personnes de 5 ans ou plus vivant en logement ordinaire en France.
"Sources > Enquête Vie Quotidienne et Santé 2021, DREES."",lecturedanslain15100personnesde25a59ansdeclarentavoiruneforterestrictiondanslesactivitesquotidiennedepuisaumoins6moisenraisondunproblemedesantechamppersonnesde5ansouplusvivantenlogementordinaireenfrancesourcesenqueteviequotidienneetsante2021drees,,"
VUE,01,Ain,ain,1 - Beaucoup de difficultés ou ne peut pas du tout,5600.0
VUE,01,Ain,ain,2 - Quelques difficultés,35600.0
VUE,01,Ain,ain,3 - Aucune,112800.0
VUE,01,Ain,ain,Ensemble,154000.0
VUE,02,Aisne,aisne,1 - Beaucoup de difficultés ou ne peut pas du tout,10200.0
VUE,02,Aisne,aisne,2 - Quelques difficultés,38500.0
VUE,02,Aisne,aisne,3 - Aucune,93600.0
VUE,02,Aisne,aisne,Ensemble,142400.0
VUE,03,Allier,allier,1 - Beaucoup de difficultés ou ne peut pas du tout,6000.0
VUE,03,Allier,allier,2 - Quelques difficultés,31700.0
VUE,03,Allier,allier,3 - Aucune,75700.0
VUE,03,Allier,allier,Ensemble,113400.0
VUE,04,Alpes-de-Haute-Provence,alpesdehauteprovence,1 - Beaucoup de difficultés ou ne peut pas du tout,1900.0
VUE,04,Alpes-de-Haute-Provence,alpesdehauteprovence,2 - Quelques difficultés,19500.0
VUE,04,Alpes-de-Haute-Provence,alpesdehauteprovence,3 - Aucune,34000.0
VUE,04,Alpes-de-Haute-Provence,alpesdehauteprovence,Ensemble,55300.0
VUE,05,Hautes-Alpes,hautesalpes,1 - Beaucoup de difficultés ou ne peut pas du tout,1700.0
VUE,05,Hautes-Alpes,hautesalpes,2 - Quelques difficultés,12400.0
VUE,05,Hautes-Alpes,hautesalpes,3 - Aucune,30300.0
VUE,05,Hautes-Alpes,hautesalpes,Ensemble,44400.0
VUE,06,Alpes-Maritimes,alpesmaritimes,1 - Beaucoup de difficultés ou ne peut pas du tout,21900.0
VUE,06,Alpes-Maritimes,alpesmaritimes,2 - Quelques difficultés,90100.0
VUE,06,Alpes-Maritimes,alpesmaritimes,3 - Aucune,214600.0
VUE,06,Alpes-Maritimes,alpesmaritimes,Ensemble,326500.0
VUE,07,Ardèche,ardeche,1 - Beaucoup de difficultés ou ne peut pas du tout,5900.0
VUE,07,Ardèche,ardeche,2 - Quelques difficultés,30800.0
VUE,07,Ardèche,ardeche,3 - Aucune,65100.0
VUE,07,Ardèche,ardeche,Ensemble,101800.0
VUE,08,Ardennes,ardennes,1 - Beaucoup de difficultés ou ne peut pas du tout,7200.0
VUE,08,Ardennes,ardennes,2 - Quelques difficultés,22500.0
VUE,08,Ardennes,ardennes,3 - Aucune,46800.0
VUE,08,Ardennes,ardennes,Ensemble,76500.0
VUE,09,Ariège,ariege,1 - Beaucoup de difficultés ou ne peut pas du tout,2300.0
VUE,09,Ariège,ariege,2 - Quelques difficultés,13600.0
VUE,09,Ariège,ariege,3 - Aucune,34900.0
VUE,09,Ariège,ariege,Ensemble,50900.0
VUE,10,Aube,aube,1 - Beaucoup de difficultés ou ne peut pas du tout,5500.0
VUE,10,Aube,aube,2 - Quelques difficultés,23100.0
VUE,10,Aube,aube,3 - Aucune,55600.0
VUE,10,Aube,aube,Ensemble,84200.0
VUE,11,Aude,aude,1 - Beaucoup de difficultés ou ne peut pas du tout,7500.0
VUE,11,Aude,aude,2 - Quelques difficultés,37700.0
VUE,11,Aude,aude,3 - Aucune,78500.0
VUE,11,Aude,aude,Ensemble,123700.0
VUE,12,Aveyron,aveyron,1 - Beaucoup de difficultés ou ne peut pas du tout,4200.0
VUE,12,Aveyron,aveyron,2 - Quelques difficultés,27200.0
VUE,12,Aveyron,aveyron,3 - Aucune,61400.0
VUE,12,Aveyron,aveyron,Ensemble,92800.0
VUE,13,Bouches-du-Rhône,bouchesdurhone,1 - Beaucoup de difficultés ou ne peut pas du tout,28700.0
VUE,13,Bouches-du-Rhône,bouchesdurhone,2 - Quelques difficultés,154200.0
VUE,13,Bouches-du-Rhône,bouchesdurhone,3 - Aucune,346500.0
VUE,13,Bouches-du-Rhône,bouchesdurhone,Ensemble,529400.0
VUE,14,Calvados,calvados,1 - Beaucoup de difficultés ou ne peut pas du tout,9100.0
VUE,14,Calvados,calvados,2 - Quelques difficultés,53000.0
VUE,14,Calvados,calvados,3 - Aucune,132400.0
VUE,14,Calvados,calvados,Ensemble,194600.0
VUE,15,Cantal,cantal,1 - Beaucoup de difficultés ou ne peut pas du tout,3300.0
VUE,15,Cantal,cantal,2 - Quelques difficultés,13500.0
VUE,15,Cantal,cantal,3 - Aucune,32700.0
VUE,15,Cantal,cantal,Ensemble,49500.0
VUE,16,Charente,charente,1 - Beaucoup de difficultés ou ne peut pas du tout,3400.0
VUE,16,Charente,charente,2 - Quelques difficultés,32600.0
VUE,16,Charente,charente,3 - Aucune,75200.0
VUE,16,Charente,charente,Ensemble,111300.0
VUE,17,Charente-Maritime,charentemaritime,1 - Beaucoup de difficultés ou ne peut pas du tout,11000.0
VUE,17,Charente-Maritime,charentemaritime,2 - Quelques difficultés,56600.0
VUE,17,Charente-Maritime,charentemaritime,3 - Aucune,160000.0
VUE,17,Charente-Maritime,charentemaritime,Ensemble,227600.0
VUE,18,Cher,cher,1 - Beaucoup de difficultés ou ne peut pas du tout,4100.0
VUE,18,Cher,cher,2 - Quelques difficultés,28200.0
VUE,18,Cher,cher,3 - Aucune,63500.0
VUE,18,Cher,cher,Ensemble,95800.0
VUE,19,Corrèze,correze,1 - Beaucoup de difficultés ou ne peut pas du tout,4700.0
VUE,19,Corrèze,correze,2 - Quelques difficultés,22800.0
VUE,19,Corrèze,correze,3 - Aucune,54000.0
VUE,19,Corrèze,correze,Ensemble,81500.0
VUE,21,Côte-d'Or,cotedor,1 - Beaucoup de difficultés ou ne peut pas du tout,6100.0
VUE,21,Côte-d'Or,cotedor,2 - Quelques difficultés,36300.0
VUE,21,Côte-d'Or,cotedor,3 - Aucune,99600.0
VUE,21,Côte-d'Or,cotedor,Ensemble,142100.0
VUE,22,Côtes d'Armor,cotesdarmor,1 - Beaucoup de difficultés ou ne peut pas du tout,8500.0
VUE,22,Côtes d'Armor,cotesdarmor,2 - Quelques difficultés,48700.0
VUE,22,Côtes d'Armor,cotesdarmor,3 - Aucune,139000.0
VUE,22,Côtes d'Armor,cotesdarmor,Ensemble,196200.0
VUE,23,Creuse,creuse,1 - Beaucoup de difficultés ou ne peut pas du tout,2500.0
VUE,23,Creuse,creuse,2 - Quelques difficultés,15600.0
VUE,23,Creuse,creuse,3 - Aucune,25800.0
VUE,23,Creuse,creuse,Ensemble,43900.0
VUE,24,Dordogne,dordogne,1 - Beaucoup de difficultés ou ne peut pas du tout,7500.0
VUE,24,Dordogne,dordogne,2 - Quelques difficultés,37200.0
VUE,24,Dordogne,dordogne,3 - Aucune,105200.0
VUE,24,Dordogne,dordogne,Ensemble,149900.0
VUE,25,Doubs,doubs,1 - Beaucoup de difficultés ou ne peut pas du tout,7100.0
VUE,25,Doubs,doubs,2 - Quelques difficultés,33800.0
VUE,25,Doubs,doubs,3 - Aucune,95500.0
VUE,25,Doubs,doubs,Ensemble,136400.0
VUE,26,Drôme,drome,1 - Beaucoup de difficultés ou ne peut pas du tout,7100.0
VUE,26,Drôme,drome,2 - Quelques difficultés,38700.0
VUE,26,Drôme,drome,3 - Aucune,99000.0
VUE,26,Drôme,drome,Ensemble,144800.0
VUE,27,Eure,eure,1 - Beaucoup de difficultés ou ne peut pas du tout,5000.0
VUE,27,Eure,eure,2 - Quelques difficultés,39700.0
VUE,27,Eure,eure,3 - Aucune,108400.0
VUE,27,Eure,eure,Ensemble,153200.0
VUE,28,Eure-et-Loire,eureetloire,1 - Beaucoup de difficultés ou ne peut pas du tout,7900.0
VUE,28,Eure-et-Loire,eureetloire,2 - Quelques difficultés,33500.0
VUE,28,Eure-et-Loire,eureetloire,3 - Aucune,73800.0
VUE,28,Eure-et-Loire,eureetloire,Ensemble,115200.0
VUE,29,Finistère,finistere,1 - Beaucoup de difficultés ou ne peut pas du tout,12600.0
VUE,29,Finistère,finistere,2 - Quelques difficultés,70300.0
VUE,29,Finistère,finistere,3 - Aucune,196000.0
VUE,29,Finistère,finistere,Ensemble,278900.0
VUE,2A,Corse-du-Sud,corsedusud,1 - Beaucoup de difficultés ou ne peut pas du tout,4100.0
VUE,2A,Corse-du-Sud,corsedusud,2 - Quelques difficultés,16300.0
VUE,2A,Corse-du-Sud,corsedusud,3 - Aucune,28400.0
VUE,2A,Corse-du-Sud,corsedusud,Ensemble,48800.0
VUE,2B,Haute-Corse,hautecorse,1 - Beaucoup de difficultés ou ne peut pas du tout,3200.0
VUE,2B,Haute-Corse,hautecorse,2 - Quelques difficultés,17200.0
VUE,2B,Haute-Corse,hautecorse,3 - Aucune,33300.0
VUE,2B,Haute-Corse,hautecorse,Ensemble,53700.0
VUE,30,Gard,gard,1 - Beaucoup de difficultés ou ne peut pas du tout,12200.0
VUE,30,Gard,gard,2 - Quelques difficultés,60300.0
VUE,30,Gard,gard,3 - Aucune,151600.0
VUE,30,Gard,gard,Ensemble,224000.0
VUE,31,Haute-Garonne,hautegaronne,1 - Beaucoup de difficultés ou ne peut pas du tout,16000.0
VUE,31,Haute-Garonne,hautegaronne,2 - Quelques difficultés,82300.0
VUE,31,Haute-Garonne,hautegaronne,3 - Aucune,205400.0
VUE,31,Haute-Garonne,hautegaronne,Ensemble,303700.0
VUE,32,Gers,gers,1 - Beaucoup de difficultés ou ne peut pas du tout,2700.0
VUE,32,Gers,gers,2 - Quelques difficultés,18500.0
VUE,32,Gers,gers,3 - Aucune,44900.0
VUE,32,Gers,gers,Ensemble,66100.0
VUE,33,Gironde,gironde,1 - Beaucoup de difficultés ou ne peut pas du tout,24200.0
VUE,33,Gironde,gironde,2 - Quelques difficultés,98200.0
VUE,33,Gironde,gironde,3 - Aucune,283200.0
VUE,33,Gironde,gironde,Ensemble,405600.0
VUE,34,Hérault,herault,1 - Beaucoup de difficultés ou ne peut pas du tout,23100.0
VUE,34,Hérault,herault,2 - Quelques difficultés,97700.0
VUE,34,Hérault,herault,3 - Aucune,203500.0
VUE,34,Hérault,herault,Ensemble,324300.0
VUE,35,Ille-et-Vilaine,illeetvilaine,1 - Beaucoup de difficultés ou ne peut pas du tout,11700.0
VUE,35,Ille-et-Vilaine,illeetvilaine,2 - Quelques difficultés,61400.0
VUE,35,Ille-et-Vilaine,illeetvilaine,3 - Aucune,177300.0
VUE,35,Ille-et-Vilaine,illeetvilaine,Ensemble,250500.0
VUE,36,Indre,indre,1 - Beaucoup de difficultés ou ne peut pas du tout,3800.0
VUE,36,Indre,indre,2 - Quelques difficultés,18000.0
VUE,36,Indre,indre,3 - Aucune,53800.0
VUE,36,Indre,indre,Ensemble,75600.0
VUE,37,Indre-et-Loire,indreetloire,1 - Beaucoup de difficultés ou ne peut pas du tout,6400.0
VUE,37,Indre-et-Loire,indreetloire,2 - Quelques difficultés,41700.0
VUE,37,Indre-et-Loire,indreetloire,3 - Aucune,119200.0
VUE,37,Indre-et-Loire,indreetloire,Ensemble,167300.0
VUE,38,Isère,isere,1 - Beaucoup de difficultés ou ne peut pas du tout,15500.0
VUE,38,Isère,isere,2 - Quelques difficultés,84900.0
VUE,38,Isère,isere,3 - Aucune,206100.0
VUE,38,Isère,isere,Ensemble,306600.0
VUE,39,Jura,jura,1 - Beaucoup de difficultés ou ne peut pas du tout,3000.0
VUE,39,Jura,jura,2 - Quelques difficultés,22800.0
VUE,39,Jura,jura,3 - Aucune,52100.0
VUE,39,Jura,jura,Ensemble,77800.0
VUE,40,Landes,landes,1 - Beaucoup de difficultés ou ne peut pas du tout,6400.0
VUE,40,Landes,landes,2 - Quelques difficultés,36100.0
VUE,40,Landes,landes,3 - Aucune,91600.0
VUE,40,Landes,landes,Ensemble,134100.0
VUE,41,Loir-et-Cher,loiretcher,1 - Beaucoup de difficultés ou ne peut pas du tout,4200.0
VUE,41,Loir-et-Cher,loiretcher,2 - Quelques difficultés,27700.0
VUE,41,Loir-et-Cher,loiretcher,3 - Aucune,69900.0
VUE,41,Loir-et-Cher,loiretcher,Ensemble,101900.0
VUE,42,Loire,loire,1 - Beaucoup de difficultés ou ne peut pas du tout,9200.0
VUE,42,Loire,loire,2 - Quelques difficultés,63900.0
VUE,42,Loire,loire,3 - Aucune,136700.0
VUE,42,Loire,loire,Ensemble,209800.0
VUE,43,Haute-Loire,hauteloire,1 - Beaucoup de difficultés ou ne peut pas du tout,3100.0
VUE,43,Haute-Loire,hauteloire,2 - Quelques difficultés,20200.0
VUE,43,Haute-Loire,hauteloire,3 - Aucune,46000.0
VUE,43,Haute-Loire,hauteloire,Ensemble,69300.0
VUE,44,Loire-Atlantique,loireatlantique,1 - Beaucoup de difficultés ou ne peut pas du tout,14800.0
VUE,44,Loire-Atlantique,loireatlantique,2 - Quelques difficultés,78600.0
VUE,44,Loire-Atlantique,loireatlantique,3 - Aucune,242500.0
VUE,44,Loire-Atlantique,loireatlantique,Ensemble,335900.0
VUE,45,Loiret,loiret,1 - Beaucoup de difficultés ou ne peut pas du tout,10500.0
VUE,45,Loiret,loiret,2 - Quelques difficultés,49500.0
VUE,45,Loiret,loiret,3 - Aucune,114600.0
VUE,45,Loiret,loiret,Ensemble,174600.0
VUE,46,Lot,lot,1 - Beaucoup de difficultés ou ne peut pas du tout,3000.0
VUE,46,Lot,lot,2 - Quelques difficultés,17600.0
VUE,46,Lot,lot,3 - Aucune,44600.0
VUE,46,Lot,lot,Ensemble,65200.0
VUE,47,Lot-et-Garonne,lotetgaronne,1 - Beaucoup de difficultés ou ne peut pas du tout,7000.0
VUE,47,Lot-et-Garonne,lotetgaronne,2 - Quelques difficultés,31300.0
VUE,47,Lot-et-Garonne,lotetgaronne,3 - Aucune,69800.0
VUE,47,Lot-et-Garonne,lotetgaronne,Ensemble,108100.0
VUE,48,Lozère,lozere,1 - Beaucoup de difficultés ou ne peut pas du tout,1500.0
VUE,48,Lozère,lozere,2 - Quelques difficultés,6600.0
VUE,48,Lozère,lozere,3 - Aucune,15400.0
VUE,48,Lozère,lozere,Ensemble,23600.0
VUE,49,Maine-et-Loire,maineetloire,1 - Beaucoup de difficultés ou ne peut pas du tout,8500.0
VUE,49,Maine-et-Loire,maineetloire,2 - Quelques difficultés,52300.0
VUE,49,Maine-et-Loire,maineetloire,3 - Aucune,150900.0
VUE,49,Maine-et-Loire,maineetloire,Ensemble,211600.0
VUE,50,Manche,manche,1 - Beaucoup de difficultés ou ne peut pas du tout,10100.0
VUE,50,Manche,manche,2 - Quelques difficultés,40700.0
VUE,50,Manche,manche,3 - Aucune,106000.0
VUE,50,Manche,manche,Ensemble,156700.0
VUE,51,Marne,marne,1 - Beaucoup de difficultés ou ne peut pas du tout,9300.0
VUE,51,Marne,marne,2 - Quelques difficultés,38300.0
VUE,51,Marne,marne,3 - Aucune,94500.0
VUE,51,Marne,marne,Ensemble,142100.0
VUE,52,Haute-Marne,hautemarne,1 - Beaucoup de difficultés ou ne peut pas du tout,3600.0
VUE,52,Haute-Marne,hautemarne,2 - Quelques difficultés,12800.0
VUE,52,Haute-Marne,hautemarne,3 - Aucune,37300.0
VUE,52,Haute-Marne,hautemarne,Ensemble,53800.0
VUE,53,Mayenne,mayenne,1 - Beaucoup de difficultés ou ne peut pas du tout,6600.0
VUE,53,Mayenne,mayenne,2 - Quelques difficultés,21800.0
VUE,53,Mayenne,mayenne,3 - Aucune,56500.0
VUE,53,Mayenne,mayenne,Ensemble,84800.0
VUE,54,Meurthe-et-Moselle,meurtheetmoselle,1 - Beaucoup de difficultés ou ne peut pas du tout,8400.0
VUE,54,Meurthe-et-Moselle,meurtheetmoselle,2 - Quelques difficultés,53900.0
VUE,54,Meurthe-et-Moselle,meurtheetmoselle,3 - Aucune,121300.0
VUE,54,Meurthe-et-Moselle,meurtheetmoselle,Ensemble,183600.0
VUE,55,Meuse,meuse,1 - Beaucoup de difficultés ou ne peut pas du tout,2600.0
VUE,55,Meuse,meuse,2 - Quelques difficultés,15300.0
VUE,55,Meuse,meuse,3 - Aucune,35900.0
VUE,55,Meuse,meuse,Ensemble,53800.0
VUE,56,Morbihan,morbihan,1 - Beaucoup de difficultés ou ne peut pas du tout,12600.0
VUE,56,Morbihan,morbihan,2 - Quelques difficultés,61100.0
VUE,56,Morbihan,morbihan,3 - Aucune,168000.0
VUE,56,Morbihan,morbihan,Ensemble,241700.0
VUE,57,Moselle,moselle,1 - Beaucoup de difficultés ou ne peut pas du tout,14600.0
VUE,57,Moselle,moselle,2 - Quelques difficultés,86300.0
VUE,57,Moselle,moselle,3 - Aucune,174200.0
VUE,57,Moselle,moselle,Ensemble,275100.0
VUE,58,Nièvre,nievre,1 - Beaucoup de difficultés ou ne peut pas du tout,4900.0
VUE,58,Nièvre,nievre,2 - Quelques difficultés,20700.0
VUE,58,Nièvre,nievre,3 - Aucune,47100.0
VUE,58,Nièvre,nievre,Ensemble,72700.0
VUE,59,Nord,nord,1 - Beaucoup de difficultés ou ne peut pas du tout,37000.0
VUE,59,Nord,nord,2 - Quelques difficultés,165100.0
VUE,59,Nord,nord,3 - Aucune,385800.0
VUE,59,Nord,nord,Ensemble,587800.0
VUE,60,Oise,oise,1 - Beaucoup de difficultés ou ne peut pas du tout,11100.0
VUE,60,Oise,oise,2 - Quelques difficultés,49300.0
VUE,60,Oise,oise,3 - Aucune,129200.0
VUE,60,Oise,oise,Ensemble,189600.0
VUE,61,Orne,orne,1 - Beaucoup de difficultés ou ne peut pas du tout,4500.0
VUE,61,Orne,orne,2 - Quelques difficultés,24100.0
VUE,61,Orne,orne,3 - Aucune,61200.0
VUE,61,Orne,orne,Ensemble,89800.0
VUE,62,Pas-de-Calais,pasdecalais,1 - Beaucoup de difficultés ou ne peut pas du tout,23300.0
VUE,62,Pas-de-Calais,pasdecalais,2 - Quelques difficultés,114700.0
VUE,62,Pas-de-Calais,pasdecalais,3 - Aucune,230600.0
VUE,62,Pas-de-Calais,pasdecalais,Ensemble,368500.0
VUE,63,Puy-de-Dôme,puydedome,1 - Beaucoup de difficultés ou ne peut pas du tout,9200.0
VUE,63,Puy-de-Dôme,puydedome,2 - Quelques difficultés,58900.0
VUE,63,Puy-de-Dôme,puydedome,3 - Aucune,114000.0
VUE,63,Puy-de-Dôme,puydedome,Ensemble,182100.0
VUE,64,Pyrénées-Atlantiques,pyreneesatlantiques,1 - Beaucoup de difficultés ou ne peut pas du tout,9700.0
VUE,64,Pyrénées-Atlantiques,pyreneesatlantiques,2 - Quelques difficultés,50800.0
VUE,64,Pyrénées-Atlantiques,pyreneesatlantiques,3 - Aucune,147500.0
VUE,64,Pyrénées-Atlantiques,pyreneesatlantiques,Ensemble,208000.0
VUE,65,Hautes-Pyrénées,hautespyrenees,1 - Beaucoup de difficultés ou ne peut pas du tout,5300.0
VUE,65,Hautes-Pyrénées,hautespyrenees,2 - Quelques difficultés,21300.0
VUE,65,Hautes-Pyrénées,hautespyrenees,3 - Aucune,50100.0
VUE,65,Hautes-Pyrénées,hautespyrenees,Ensemble,76700.0
VUE,66,Pyrénées-Orientales,pyreneesorientales,1 - Beaucoup de difficultés ou ne peut pas du tout,5500.0
VUE,66,Pyrénées-Orientales,pyreneesorientales,2 - Quelques difficultés,46000.0
VUE,66,Pyrénées-Orientales,pyreneesorientales,3 - Aucune,105200.0
VUE,66,Pyrénées-Orientales,pyreneesorientales,Ensemble,156700.0
VUE,67,Bas-Rhin,basrhin,1 - Beaucoup de difficultés ou ne peut pas du tout,10800.0
VUE,67,Bas-Rhin,basrhin,2 - Quelques difficultés,79900.0
VUE,67,Bas-Rhin,basrhin,3 - Aucune,191000.0
VUE,67,Bas-Rhin,basrhin,Ensemble,281800.0
VUE,68,Haut-Rhin,hautrhin,1 - Beaucoup de difficultés ou ne peut pas du tout,10200.0
VUE,68,Haut-Rhin,hautrhin,2 - Quelques difficultés,56300.0
VUE,68,Haut-Rhin,hautrhin,3 - Aucune,134000.0
VUE,68,Haut-Rhin,hautrhin,Ensemble,200500.0
VUE,69,Rhône,rhone,1 - Beaucoup de difficultés ou ne peut pas du tout,23400.0
VUE,69,Rhône,rhone,2 - Quelques difficultés,107800.0
VUE,69,Rhône,rhone,3 - Aucune,269700.0
VUE,69,Rhône,rhone,Ensemble,400900.0
VUE,70,Haute-Saône,hautesaone,1 - Beaucoup de difficultés ou ne peut pas du tout,4500.0
VUE,70,Haute-Saône,hautesaone,2 - Quelques difficultés,17800.0
VUE,70,Haute-Saône,hautesaone,3 - Aucune,48200.0
VUE,70,Haute-Saône,hautesaone,Ensemble,70500.0
VUE,71,Saône-et-Loire,saoneetloire,1 - Beaucoup de difficultés ou ne peut pas du tout,7600.0
VUE,71,Saône-et-Loire,saoneetloire,2 - Quelques difficultés,54300.0
VUE,71,Saône-et-Loire,saoneetloire,3 - Aucune,115200.0
VUE,71,Saône-et-Loire,saoneetloire,Ensemble,177000.0
VUE,72,Sarthe,sarthe,1 - Beaucoup de difficultés ou ne peut pas du tout,7800.0
VUE,72,Sarthe,sarthe,2 - Quelques difficultés,34500.0
VUE,72,Sarthe,sarthe,3 - Aucune,116800.0
VUE,72,Sarthe,sarthe,Ensemble,159100.0
VUE,73,Savoie,savoie,1 - Beaucoup de difficultés ou ne peut pas du tout,4700.0
VUE,73,Savoie,savoie,2 - Quelques difficultés,24100.0
VUE,73,Savoie,savoie,3 - Aucune,88600.0
VUE,73,Savoie,savoie,Ensemble,117400.0
VUE,74,Haute-Savoie,hautesavoie,1 - Beaucoup de difficultés ou ne peut pas du tout,9500.0
VUE,74,Haute-Savoie,hautesavoie,2 - Quelques difficultés,53900.0
VUE,74,Haute-Savoie,hautesavoie,3 - Aucune,120600.0
VUE,74,Haute-Savoie,hautesavoie,Ensemble,184100.0
VUE,75,Paris,paris,1 - Beaucoup de difficultés ou ne peut pas du tout,22900.0
VUE,75,Paris,paris,2 - Quelques difficultés,130300.0
VUE,75,Paris,paris,3 - Aucune,319300.0
VUE,75,Paris,paris,Ensemble,472500.0
VUE,76,Seine-Maritime,seinemaritime,1 - Beaucoup de difficultés ou ne peut pas du tout,17300.0
VUE,76,Seine-Maritime,seinemaritime,2 - Quelques difficultés,87400.0
VUE,76,Seine-Maritime,seinemaritime,3 - Aucune,219900.0
VUE,76,Seine-Maritime,seinemaritime,Ensemble,324600.0
VUE,77,Seine-et-Marne,seineetmarne,1 - Beaucoup de difficultés ou ne peut pas du tout,18300.0
VUE,77,Seine-et-Marne,seineetmarne,2 - Quelques difficultés,72000.0
VUE,77,Seine-et-Marne,seineetmarne,3 - Aucune,195500.0
VUE,77,Seine-et-Marne,seineetmarne,Ensemble,285800.0
VUE,78,Yvelines,yvelines,1 - Beaucoup de difficultés ou ne peut pas du tout,13400.0
VUE,78,Yvelines,yvelines,2 - Quelques difficultés,82000.0
VUE,78,Yvelines,yvelines,3 - Aucune,218400.0
VUE,78,Yvelines,yvelines,Ensemble,313800.0
VUE,79,Deux-Sèvres,deuxsevres,1 - Beaucoup de difficultés ou ne peut pas du tout,4100.0
VUE,79,Deux-Sèvres,deuxsevres,2 - Quelques difficultés,28600.0
VUE,79,Deux-Sèvres,deuxsevres,3 - Aucune,77900.0
VUE,79,Deux-Sèvres,deuxsevres,Ensemble,110600.0
VUE,80,Somme,somme,1 - Beaucoup de difficultés ou ne peut pas du tout,8800.0
VUE,80,Somme,somme,2 - Quelques difficultés,38900.0
VUE,80,Somme,somme,3 - Aucune,99300.0
VUE,80,Somme,somme,Ensemble,147100.0
VUE,81,Tarn,tarn,1 - Beaucoup de difficultés ou ne peut pas du tout,4700.0
VUE,81,Tarn,tarn,2 - Quelques difficultés,36000.0
VUE,81,Tarn,tarn,3 - Aucune,80600.0
VUE,81,Tarn,tarn,Ensemble,121400.0
VUE,82,Tarn-et-Garonne,tarnetgaronne,1 - Beaucoup de difficultés ou ne peut pas du tout,4700.0
VUE,82,Tarn-et-Garonne,tarnetgaronne,2 - Quelques difficultés,20300.0
VUE,82,Tarn-et-Garonne,tarnetgaronne,3 - Aucune,48300.0
VUE,82,Tarn-et-Garonne,tarnetgaronne,Ensemble,73400.0
VUE,83,Var,var,1 - Beaucoup de difficultés ou ne peut pas du tout,16800.0
VUE,83,Var,var,2 - Quelques difficultés,100500.0
VUE,83,Var,var,3 - Aucune,234200.0
VUE,83,Var,var,Ensemble,351600.0
VUE,84,Vaucluse,vaucluse,1 - Beaucoup de difficultés ou ne peut pas du tout,8900.0
VUE,84,Vaucluse,vaucluse,2 - Quelques difficultés,47900.0
VUE,84,Vaucluse,vaucluse,3 - Aucune,103100.0
VUE,84,Vaucluse,vaucluse,Ensemble,159900.0
VUE,85,Vendée,vendee,1 - Beaucoup de difficultés ou ne peut pas du tout,6300.0
VUE,85,Vendée,vendee,2 - Quelques difficultés,52100.0
VUE,85,Vendée,vendee,3 - Aucune,154600.0
VUE,85,Vendée,vendee,Ensemble,213000.0
VUE,86,Vienne,vienne,1 - Beaucoup de difficultés ou ne peut pas du tout,4000.0
VUE,86,Vienne,vienne,2 - Quelques difficultés,31300.0
VUE,86,Vienne,vienne,3 - Aucune,86600.0
VUE,86,Vienne,vienne,Ensemble,122000.0
VUE,87,Haute-Vienne,hautevienne,1 - Beaucoup de difficultés ou ne peut pas du tout,6700.0
VUE,87,Haute-Vienne,hautevienne,2 - Quelques difficultés,37700.0
VUE,87,Haute-Vienne,hautevienne,3 - Aucune,71100.0
VUE,87,Haute-Vienne,hautevienne,Ensemble,115500.0
VUE,88,Vosges,vosges,1 - Beaucoup de difficultés ou ne peut pas du tout,9600.0
VUE,88,Vosges,vosges,2 - Quelques difficultés,29400.0
VUE,88,Vosges,vosges,3 - Aucune,72600.0
VUE,88,Vosges,vosges,Ensemble,111600.0
VUE,89,Yonne,yonne,1 - Beaucoup de difficultés ou ne peut pas du tout,5300.0
VUE,89,Yonne,yonne,2 - Quelques difficultés,24600.0
VUE,89,Yonne,yonne,3 - Aucune,72100.0
VUE,89,Yonne,yonne,Ensemble,102000.0
VUE,90,Territoire de Belfort,territoiredebelfort,1 - Beaucoup de difficultés ou ne peut pas du tout,2200.0
VUE,90,Territoire de Belfort,territoiredebelfort,2 - Quelques difficultés,10400.0
VUE,90,Territoire de Belfort,territoiredebelfort,3 - Aucune,24000.0
VUE,90,Territoire de Belfort,territoiredebelfort,Ensemble,36600.0
VUE,91,Essonne,essonne,1 - Beaucoup de difficultés ou ne peut pas du tout,16900.0
VUE,91,Essonne,essonne,2 - Quelques difficultés,71800.0
VUE,91,Essonne,essonne,3 - Aucune,171800.0
VUE,91,Essonne,essonne,Ensemble,260500.0
VUE,92,Hauts-de-Seine,hautsdeseine,1 - Beaucoup de difficultés ou ne peut pas du tout,14400.0
VUE,92,Hauts-de-Seine,hautsdeseine,2 - Quelques difficultés,89800.0
VUE,92,Hauts-de-Seine,hautsdeseine,3 - Aucune,216000.0
VUE,92,Hauts-de-Seine,hautsdeseine,Ensemble,320200.0
VUE,93,Seine-Saint-Denis,seinesaintdenis,1 - Beaucoup de difficultés ou ne peut pas du tout,17100.0
VUE,93,Seine-Saint-Denis,seinesaintdenis,2 - Quelques difficultés,87400.0
VUE,93,Seine-Saint-Denis,seinesaintdenis,3 - Aucune,162700.0
VUE,93,Seine-Saint-Denis,seinesaintdenis,Ensemble,267200.0
VUE,94,Val-de-Marne,valdemarne,1 - Beaucoup de difficultés ou ne peut pas du tout,17300.0
VUE,94,Val-de-Marne,valdemarne,2 - Quelques difficultés,77300.0
VUE,94,Val-de-Marne,valdemarne,3 - Aucune,183100.0
VUE,94,Val-de-Marne,valdemarne,Ensemble,277700.0
VUE,95,Val-d'Oise,valdoise,1 - Beaucoup de difficultés ou ne peut pas du tout,9700.0
VUE,95,Val-d'Oise,valdoise,2 - Quelques difficultés,62100.0
VUE,95,Val-d'Oise,valdoise,3 - Aucune,162000.0
VUE,95,Val-d'Oise,valdoise,Ensemble,233800.0
VUE,971,Guadeloupe,guadeloupe,1 - Beaucoup de difficultés ou ne peut pas du tout,8100.0
VUE,971,Guadeloupe,guadeloupe,2 - Quelques difficultés,32800.0
VUE,971,Guadeloupe,guadeloupe,3 - Aucune,65400.0
VUE,971,Guadeloupe,guadeloupe,Ensemble,106200.0
VUE,972,Martinique,martinique,1 - Beaucoup de difficultés ou ne peut pas du tout,9200.0
VUE,972,Martinique,martinique,2 - Quelques difficultés,37400.0
VUE,972,Martinique,martinique,3 - Aucune,62700.0
VUE,972,Martinique,martinique,Ensemble,109300.0
VUE,973,Guyane,guyane,1 - Beaucoup de difficultés ou ne peut pas du tout,2100.0
VUE,973,Guyane,guyane,2 - Quelques difficultés,8700.0
VUE,973,Guyane,guyane,3 - Aucune,17700.0
VUE,973,Guyane,guyane,Ensemble,28500.0
VUE,974,La Réunion,lareunion,1 - Beaucoup de difficultés ou ne peut pas du tout,10700.0
VUE,974,La Réunion,lareunion,2 - Quelques difficultés,49000.0
VUE,974,La Réunion,lareunion,3 - Aucune,103000.0
VUE,974,La Réunion,lareunion,Ensemble,162600.0
VUE,976,Mayotte,mayotte,1 - Beaucoup de difficultés ou ne peut pas du tout,1900.0
VUE,976,Mayotte,mayotte,2 - Quelques difficultés,4300.0
VUE,976,Mayotte,mayotte,3 - Aucune,6900.0
VUE,976,Mayotte,mayotte,Ensemble,13100.0
"VUE,None,""Lecture > Dans l'Ain, 4 400 personnes de 25 à 59 ans déclarent avoir beaucoup de difficultés pour voir ou ne pas pouvoir voir du tout. "
Champ > Personnes de 5 ans ou plus vivant en logement ordinaire en France.
"Sources > Enquête Vie Quotidienne et Santé 2021, DREES."",lecturedanslain4400personnesde25a59ansdeclarentavoirbeaucoupdedifficultespourvoirounepaspouvoirvoirdutoutchamppersonnesde5ansouplusvivantenlogementordinaireenfrancesourcesenqueteviequotidienneetsante2021drees,,"
AUDITIF,01,Ain,ain,1 - Beaucoup de difficultés ou ne peut pas du tout,7600.0
AUDITIF,01,Ain,ain,2 - Quelques difficultés,44700.0
AUDITIF,01,Ain,ain,3 - Aucune,101800.0
AUDITIF,01,Ain,ain,Ensemble,154000.0
AUDITIF,02,Aisne,aisne,1 - Beaucoup de difficultés ou ne peut pas du tout,9300.0
AUDITIF,02,Aisne,aisne,2 - Quelques difficultés,32900.0
AUDITIF,02,Aisne,aisne,3 - Aucune,100100.0
AUDITIF,02,Aisne,aisne,Ensemble,142400.0
AUDITIF,03,Allier,allier,1 - Beaucoup de difficultés ou ne peut pas du tout,6500.0
AUDITIF,03,Allier,allier,2 - Quelques difficultés,26100.0
AUDITIF,03,Allier,allier,3 - Aucune,80700.0
AUDITIF,03,Allier,allier,Ensemble,113400.0
AUDITIF,04,Alpes-de-Haute-Provence,alpesdehauteprovence,1 - Beaucoup de difficultés ou ne peut pas du tout,3900.0
AUDITIF,04,Alpes-de-Haute-Provence,alpesdehauteprovence,2 - Quelques difficultés,14300.0
AUDITIF,04,Alpes-de-Haute-Provence,alpesdehauteprovence,3 - Aucune,37100.0
AUDITIF,04,Alpes-de-Haute-Provence,alpesdehauteprovence,Ensemble,55300.0
AUDITIF,05,Hautes-Alpes,hautesalpes,1 - Beaucoup de difficultés ou ne peut pas du tout,2400.0
AUDITIF,05,Hautes-Alpes,hautesalpes,2 - Quelques difficultés,12300.0
AUDITIF,05,Hautes-Alpes,hautesalpes,3 - Aucune,29700.0
AUDITIF,05,Hautes-Alpes,hautesalpes,Ensemble,44400.0
AUDITIF,06,Alpes-Maritimes,alpesmaritimes,1 - Beaucoup de difficultés ou ne peut pas du tout,21300.0
AUDITIF,06,Alpes-Maritimes,alpesmaritimes,2 - Quelques difficultés,76300.0
AUDITIF,06,Alpes-Maritimes,alpesmaritimes,3 - Aucune,228900.0
AUDITIF,06,Alpes-Maritimes,alpesmaritimes,Ensemble,326500.0
AUDITIF,07,Ardèche,ardeche,1 - Beaucoup de difficultés ou ne peut pas du tout,5300.0
AUDITIF,07,Ardèche,ardeche,2 - Quelques difficultés,28600.0
AUDITIF,07,Ardèche,ardeche,3 - Aucune,68000.0
AUDITIF,07,Ardèche,ardeche,Ensemble,101800.0
AUDITIF,08,Ardennes,ardennes,1 - Beaucoup de difficultés ou ne peut pas du tout,4600.0
AUDITIF,08,Ardennes,ardennes,2 - Quelques difficultés,21600.0
AUDITIF,08,Ardennes,ardennes,3 - Aucune,50300.0
AUDITIF,08,Ardennes,ardennes,Ensemble,76500.0
AUDITIF,09,Ariège,ariege,1 - Beaucoup de difficultés ou ne peut pas du tout,4600.0
AUDITIF,09,Ariège,ariege,2 - Quelques difficultés,11800.0
AUDITIF,09,Ariège,ariege,3 - Aucune,34500.0
AUDITIF,09,Ariège,ariege,Ensemble,50900.0
AUDITIF,10,Aube,aube,1 - Beaucoup de difficultés ou ne peut pas du tout,5800.0
AUDITIF,10,Aube,aube,2 - Quelques difficultés,21600.0
AUDITIF,10,Aube,aube,3 - Aucune,56800.0
AUDITIF,10,Aube,aube,Ensemble,84200.0
AUDITIF,11,Aude,aude,1 - Beaucoup de difficultés ou ne peut pas du tout,7900.0
AUDITIF,11,Aude,aude,2 - Quelques difficultés,31500.0
AUDITIF,11,Aude,aude,3 - Aucune,84300.0
AUDITIF,11,Aude,aude,Ensemble,123700.0
AUDITIF,12,Aveyron,aveyron,1 - Beaucoup de difficultés ou ne peut pas du tout,6500.0
AUDITIF,12,Aveyron,aveyron,2 - Quelques difficultés,25700.0
AUDITIF,12,Aveyron,aveyron,3 - Aucune,60600.0
AUDITIF,12,Aveyron,aveyron,Ensemble,92800.0
AUDITIF,13,Bouches-du-Rhône,bouchesdurhone,1 - Beaucoup de difficultés ou ne peut pas du tout,32900.0
AUDITIF,13,Bouches-du-Rhône,bouchesdurhone,2 - Quelques difficultés,123900.0
AUDITIF,13,Bouches-du-Rhône,bouchesdurhone,3 - Aucune,372600.0
AUDITIF,13,Bouches-du-Rhône,bouchesdurhone,Ensemble,529400.0
AUDITIF,14,Calvados,calvados,1 - Beaucoup de difficultés ou ne peut pas du tout,12800.0
AUDITIF,14,Calvados,calvados,2 - Quelques difficultés,45000.0
AUDITIF,14,Calvados,calvados,3 - Aucune,136800.0
AUDITIF,14,Calvados,calvados,Ensemble,194600.0
AUDITIF,15,Cantal,cantal,1 - Beaucoup de difficultés ou ne peut pas du tout,4000.0
AUDITIF,15,Cantal,cantal,2 - Quelques difficultés,13700.0
AUDITIF,15,Cantal,cantal,3 - Aucune,31800.0
AUDITIF,15,Cantal,cantal,Ensemble,49500.0
AUDITIF,16,Charente,charente,1 - Beaucoup de difficultés ou ne peut pas du tout,6700.0
AUDITIF,16,Charente,charente,2 - Quelques difficultés,32400.0
AUDITIF,16,Charente,charente,3 - Aucune,72200.0
AUDITIF,16,Charente,charente,Ensemble,111300.0
AUDITIF,17,Charente-Maritime,charentemaritime,1 - Beaucoup de difficultés ou ne peut pas du tout,14600.0
AUDITIF,17,Charente-Maritime,charentemaritime,2 - Quelques difficultés,54300.0
AUDITIF,17,Charente-Maritime,charentemaritime,3 - Aucune,158700.0
AUDITIF,17,Charente-Maritime,charentemaritime,Ensemble,227600.0
AUDITIF,18,Cher,cher,1 - Beaucoup de difficultés ou ne peut pas du tout,6000.0
AUDITIF,18,Cher,cher,2 - Quelques difficultés,23800.0
AUDITIF,18,Cher,cher,3 - Aucune,66000.0
AUDITIF,18,Cher,cher,Ensemble,95800.0
AUDITIF,19,Corrèze,correze,1 - Beaucoup de difficultés ou ne peut pas du tout,5600.0
AUDITIF,19,Corrèze,correze,2 - Quelques difficultés,19100.0
AUDITIF,19,Corrèze,correze,3 - Aucune,56800.0
AUDITIF,19,Corrèze,correze,Ensemble,81500.0
AUDITIF,21,Côte-d'Or,cotedor,1 - Beaucoup de difficultés ou ne peut pas du tout,9000.0
AUDITIF,21,Côte-d'Or,cotedor,2 - Quelques difficultés,37600.0
AUDITIF,21,Côte-d'Or,cotedor,3 - Aucune,95400.0
AUDITIF,21,Côte-d'Or,cotedor,Ensemble,142100.0
AUDITIF,22,Côtes d'Armor,cotesdarmor,1 - Beaucoup de difficultés ou ne peut pas du tout,10300.0
AUDITIF,22,Côtes d'Armor,cotesdarmor,2 - Quelques difficultés,52800.0
AUDITIF,22,Côtes d'Armor,cotesdarmor,3 - Aucune,133100.0
AUDITIF,22,Côtes d'Armor,cotesdarmor,Ensemble,196200.0
AUDITIF,23,Creuse,creuse,1 - Beaucoup de difficultés ou ne peut pas du tout,4000.0
AUDITIF,23,Creuse,creuse,2 - Quelques difficultés,11600.0
AUDITIF,23,Creuse,creuse,3 - Aucune,28300.0
AUDITIF,23,Creuse,creuse,Ensemble,43900.0
AUDITIF,24,Dordogne,dordogne,1 - Beaucoup de difficultés ou ne peut pas du tout,9300.0
AUDITIF,24,Dordogne,dordogne,2 - Quelques difficultés,36400.0
AUDITIF,24,Dordogne,dordogne,3 - Aucune,104200.0
AUDITIF,24,Dordogne,dordogne,Ensemble,149900.0
AUDITIF,25,Doubs,doubs,1 - Beaucoup de difficultés ou ne peut pas du tout,7600.0
AUDITIF,25,Doubs,doubs,2 - Quelques difficultés,34200.0
AUDITIF,25,Doubs,doubs,3 - Aucune,94600.0
AUDITIF,25,Doubs,doubs,Ensemble,136400.0
AUDITIF,26,Drôme,drome,1 - Beaucoup de difficultés ou ne peut pas du tout,9500.0
AUDITIF,26,Drôme,drome,2 - Quelques difficultés,38800.0
AUDITIF,26,Drôme,drome,3 - Aucune,96500.0
AUDITIF,26,Drôme,drome,Ensemble,144800.0
AUDITIF,27,Eure,eure,1 - Beaucoup de difficultés ou ne peut pas du tout,9700.0
AUDITIF,27,Eure,eure,2 - Quelques difficultés,32300.0
AUDITIF,27,Eure,eure,3 - Aucune,111200.0
AUDITIF,27,Eure,eure,Ensemble,153200.0
AUDITIF,28,Eure-et-Loire,eureetloire,1 - Beaucoup de difficultés ou ne peut pas du tout,6800.0
AUDITIF,28,Eure-et-Loire,eureetloire,2 - Quelques difficultés,29600.0
AUDITIF,28,Eure-et-Loire,eureetloire,3 - Aucune,78900.0
AUDITIF,28,Eure-et-Loire,eureetloire,Ensemble,115200.0
AUDITIF,29,Finistère,finistere,1 - Beaucoup de difficultés ou ne peut pas du tout,16300.0
AUDITIF,29,Finistère,finistere,2 - Quelques difficultés,65400.0
AUDITIF,29,Finistère,finistere,3 - Aucune,197200.0
AUDITIF,29,Finistère,finistere,Ensemble,278900.0
AUDITIF,2A,Corse-du-Sud,corsedusud,1 - Beaucoup de difficultés ou ne peut pas du tout,4600.0
AUDITIF,2A,Corse-du-Sud,corsedusud,2 - Quelques difficultés,10400.0
AUDITIF,2A,Corse-du-Sud,corsedusud,3 - Aucune,33900.0
AUDITIF,2A,Corse-du-Sud,corsedusud,Ensemble,48800.0
AUDITIF,2B,Haute-Corse,hautecorse,1 - Beaucoup de difficultés ou ne peut pas du tout,3800.0
AUDITIF,2B,Haute-Corse,hautecorse,2 - Quelques difficultés,12600.0
AUDITIF,2B,Haute-Corse,hautecorse,3 - Aucune,37400.0
AUDITIF,2B,Haute-Corse,hautecorse,Ensemble,53700.0
AUDITIF,30,Gard,gard,1 - Beaucoup de difficultés ou ne peut pas du tout,17800.0
AUDITIF,30,Gard,gard,2 - Quelques difficultés,55800.0
AUDITIF,30,Gard,gard,3 - Aucune,150500.0
AUDITIF,30,Gard,gard,Ensemble,224000.0
AUDITIF,31,Haute-Garonne,hautegaronne,1 - Beaucoup de difficultés ou ne peut pas du tout,22200.0
AUDITIF,31,Haute-Garonne,hautegaronne,2 - Quelques difficultés,73100.0
AUDITIF,31,Haute-Garonne,hautegaronne,3 - Aucune,208300.0
AUDITIF,31,Haute-Garonne,hautegaronne,Ensemble,303700.0
AUDITIF,32,Gers,gers,1 - Beaucoup de difficultés ou ne peut pas du tout,4600.0
AUDITIF,32,Gers,gers,2 - Quelques difficultés,16900.0
AUDITIF,32,Gers,gers,3 - Aucune,44600.0
AUDITIF,32,Gers,gers,Ensemble,66100.0
AUDITIF,33,Gironde,gironde,1 - Beaucoup de difficultés ou ne peut pas du tout,27700.0
AUDITIF,33,Gironde,gironde,2 - Quelques difficultés,96400.0
AUDITIF,33,Gironde,gironde,3 - Aucune,281500.0
AUDITIF,33,Gironde,gironde,Ensemble,405600.0
AUDITIF,34,Hérault,herault,1 - Beaucoup de difficultés ou ne peut pas du tout,23800.0
AUDITIF,34,Hérault,herault,2 - Quelques difficultés,72000.0
AUDITIF,34,Hérault,herault,3 - Aucune,228600.0
AUDITIF,34,Hérault,herault,Ensemble,324300.0
AUDITIF,35,Ille-et-Vilaine,illeetvilaine,1 - Beaucoup de difficultés ou ne peut pas du tout,14000.0
AUDITIF,35,Ille-et-Vilaine,illeetvilaine,2 - Quelques difficultés,60700.0
AUDITIF,35,Ille-et-Vilaine,illeetvilaine,3 - Aucune,175800.0
AUDITIF,35,Ille-et-Vilaine,illeetvilaine,Ensemble,250500.0
AUDITIF,36,Indre,indre,1 - Beaucoup de difficultés ou ne peut pas du tout,5600.0
AUDITIF,36,Indre,indre,2 - Quelques difficultés,20800.0
AUDITIF,36,Indre,indre,3 - Aucune,49200.0
AUDITIF,36,Indre,indre,Ensemble,75600.0
AUDITIF,37,Indre-et-Loire,indreetloire,1 - Beaucoup de difficultés ou ne peut pas du tout,10100.0
AUDITIF,37,Indre-et-Loire,indreetloire,2 - Quelques difficultés,40600.0
AUDITIF,37,Indre-et-Loire,indreetloire,3 - Aucune,116600.0
AUDITIF,37,Indre-et-Loire,indreetloire,Ensemble,167300.0
AUDITIF,38,Isère,isere,1 - Beaucoup de difficultés ou ne peut pas du tout,19800.0
AUDITIF,38,Isère,isere,2 - Quelques difficultés,80400.0
AUDITIF,38,Isère,isere,3 - Aucune,206400.0
AUDITIF,38,Isère,isere,Ensemble,306600.0
AUDITIF,39,Jura,jura,1 - Beaucoup de difficultés ou ne peut pas du tout,4300.0
AUDITIF,39,Jura,jura,2 - Quelques difficultés,20600.0
AUDITIF,39,Jura,jura,3 - Aucune,53000.0
AUDITIF,39,Jura,jura,Ensemble,77800.0
AUDITIF,40,Landes,landes,1 - Beaucoup de difficultés ou ne peut pas du tout,9700.0
AUDITIF,40,Landes,landes,2 - Quelques difficultés,35300.0
AUDITIF,40,Landes,landes,3 - Aucune,89100.0
AUDITIF,40,Landes,landes,Ensemble,134100.0
AUDITIF,41,Loir-et-Cher,loiretcher,1 - Beaucoup de difficultés ou ne peut pas du tout,6100.0
AUDITIF,41,Loir-et-Cher,loiretcher,2 - Quelques difficultés,25800.0
AUDITIF,41,Loir-et-Cher,loiretcher,3 - Aucune,70000.0
AUDITIF,41,Loir-et-Cher,loiretcher,Ensemble,101900.0
AUDITIF,42,Loire,loire,1 - Beaucoup de difficultés ou ne peut pas du tout,16900.0
AUDITIF,42,Loire,loire,2 - Quelques difficultés,52600.0
AUDITIF,42,Loire,loire,3 - Aucune,140300.0
AUDITIF,42,Loire,loire,Ensemble,209800.0
AUDITIF,43,Haute-Loire,hauteloire,1 - Beaucoup de difficultés ou ne peut pas du tout,5000.0
AUDITIF,43,Haute-Loire,hauteloire,2 - Quelques difficultés,19900.0
AUDITIF,43,Haute-Loire,hauteloire,3 - Aucune,44400.0
AUDITIF,43,Haute-Loire,hauteloire,Ensemble,69300.0
AUDITIF,44,Loire-Atlantique,loireatlantique,1 - Beaucoup de difficultés ou ne peut pas du tout,16500.0
AUDITIF,44,Loire-Atlantique,loireatlantique,2 - Quelques difficultés,83300.0
AUDITIF,44,Loire-Atlantique,loireatlantique,3 - Aucune,236200.0
AUDITIF,44,Loire-Atlantique,loireatlantique,Ensemble,335900.0
AUDITIF,45,Loiret,loiret,1 - Beaucoup de difficultés ou ne peut pas du tout,12500.0
AUDITIF,45,Loiret,loiret,2 - Quelques difficultés,42700.0
AUDITIF,45,Loiret,loiret,3 - Aucune,119400.0
AUDITIF,45,Loiret,loiret,Ensemble,174600.0
AUDITIF,46,Lot,lot,1 - Beaucoup de difficultés ou ne peut pas du tout,2900.0
AUDITIF,46,Lot,lot,2 - Quelques difficultés,17800.0
AUDITIF,46,Lot,lot,3 - Aucune,44500.0
AUDITIF,46,Lot,lot,Ensemble,65200.0
AUDITIF,47,Lot-et-Garonne,lotetgaronne,1 - Beaucoup de difficultés ou ne peut pas du tout,6800.0
AUDITIF,47,Lot-et-Garonne,lotetgaronne,2 - Quelques difficultés,25900.0
AUDITIF,47,Lot-et-Garonne,lotetgaronne,3 - Aucune,75300.0
AUDITIF,47,Lot-et-Garonne,lotetgaronne,Ensemble,108100.0
AUDITIF,48,Lozère,lozere,1 - Beaucoup de difficultés ou ne peut pas du tout,2800.0
AUDITIF,48,Lozère,lozere,2 - Quelques difficultés,5400.0
AUDITIF,48,Lozère,lozere,3 - Aucune,15400.0
AUDITIF,48,Lozère,lozere,Ensemble,23600.0
AUDITIF,49,Maine-et-Loire,maineetloire,1 - Beaucoup de difficultés ou ne peut pas du tout,9800.0
AUDITIF,49,Maine-et-Loire,maineetloire,2 - Quelques difficultés,51900.0
AUDITIF,49,Maine-et-Loire,maineetloire,3 - Aucune,150000.0
AUDITIF,49,Maine-et-Loire,maineetloire,Ensemble,211600.0
AUDITIF,50,Manche,manche,1 - Beaucoup de difficultés ou ne peut pas du tout,10600.0
AUDITIF,50,Manche,manche,2 - Quelques difficultés,35000.0
AUDITIF,50,Manche,manche,3 - Aucune,111200.0
AUDITIF,50,Manche,manche,Ensemble,156700.0
AUDITIF,51,Marne,marne,1 - Beaucoup de difficultés ou ne peut pas du tout,9000.0
AUDITIF,51,Marne,marne,2 - Quelques difficultés,36700.0
AUDITIF,51,Marne,marne,3 - Aucune,96400.0
AUDITIF,51,Marne,marne,Ensemble,142100.0
AUDITIF,52,Haute-Marne,hautemarne,1 - Beaucoup de difficultés ou ne peut pas du tout,3500.0
AUDITIF,52,Haute-Marne,hautemarne,2 - Quelques difficultés,13200.0
AUDITIF,52,Haute-Marne,hautemarne,3 - Aucune,37100.0
AUDITIF,52,Haute-Marne,hautemarne,Ensemble,53800.0
AUDITIF,53,Mayenne,mayenne,1 - Beaucoup de difficultés ou ne peut pas du tout,6100.0
AUDITIF,53,Mayenne,mayenne,2 - Quelques difficultés,25100.0
AUDITIF,53,Mayenne,mayenne,3 - Aucune,53600.0
AUDITIF,53,Mayenne,mayenne,Ensemble,84800.0
AUDITIF,54,Meurthe-et-Moselle,meurtheetmoselle,1 - Beaucoup de difficultés ou ne peut pas du tout,9100.0
AUDITIF,54,Meurthe-et-Moselle,meurtheetmoselle,2 - Quelques difficultés,53800.0
AUDITIF,54,Meurthe-et-Moselle,meurtheetmoselle,3 - Aucune,120700.0
AUDITIF,54,Meurthe-et-Moselle,meurtheetmoselle,Ensemble,183600.0
AUDITIF,55,Meuse,meuse,1 - Beaucoup de difficultés ou ne peut pas du tout,4400.0
AUDITIF,55,Meuse,meuse,2 - Quelques difficultés,13900.0
AUDITIF,55,Meuse,meuse,3 - Aucune,35500.0
AUDITIF,55,Meuse,meuse,Ensemble,53800.0
AUDITIF,56,Morbihan,morbihan,1 - Beaucoup de difficultés ou ne peut pas du tout,15400.0
AUDITIF,56,Morbihan,morbihan,2 - Quelques difficultés,56100.0
AUDITIF,56,Morbihan,morbihan,3 - Aucune,170200.0
AUDITIF,56,Morbihan,morbihan,Ensemble,241700.0
AUDITIF,57,Moselle,moselle,1 - Beaucoup de difficultés ou ne peut pas du tout,16300.0
AUDITIF,57,Moselle,moselle,2 - Quelques difficultés,76800.0
AUDITIF,57,Moselle,moselle,3 - Aucune,182000.0
AUDITIF,57,Moselle,moselle,Ensemble,275100.0
AUDITIF,58,Nièvre,nievre,1 - Beaucoup de difficultés ou ne peut pas du tout,3800.0
AUDITIF,58,Nièvre,nievre,2 - Quelques difficultés,19100.0
AUDITIF,58,Nièvre,nievre,3 - Aucune,49800.0
AUDITIF,58,Nièvre,nievre,Ensemble,72700.0
AUDITIF,59,Nord,nord,1 - Beaucoup de difficultés ou ne peut pas du tout,45900.0
AUDITIF,59,Nord,nord,2 - Quelques difficultés,137900.0
AUDITIF,59,Nord,nord,3 - Aucune,404000.0
AUDITIF,59,Nord,nord,Ensemble,587800.0
AUDITIF,60,Oise,oise,1 - Beaucoup de difficultés ou ne peut pas du tout,9500.0
AUDITIF,60,Oise,oise,2 - Quelques difficultés,41000.0
AUDITIF,60,Oise,oise,3 - Aucune,139100.0
AUDITIF,60,Oise,oise,Ensemble,189600.0
AUDITIF,61,Orne,orne,1 - Beaucoup de difficultés ou ne peut pas du tout,5300.0
AUDITIF,61,Orne,orne,2 - Quelques difficultés,21900.0
AUDITIF,61,Orne,orne,3 - Aucune,62600.0
AUDITIF,61,Orne,orne,Ensemble,89800.0
AUDITIF,62,Pas-de-Calais,pasdecalais,1 - Beaucoup de difficultés ou ne peut pas du tout,23400.0
AUDITIF,62,Pas-de-Calais,pasdecalais,2 - Quelques difficultés,91800.0
AUDITIF,62,Pas-de-Calais,pasdecalais,3 - Aucune,253300.0
AUDITIF,62,Pas-de-Calais,pasdecalais,Ensemble,368500.0
AUDITIF,63,Puy-de-Dôme,puydedome,1 - Beaucoup de difficultés ou ne peut pas du tout,9800.0
AUDITIF,63,Puy-de-Dôme,puydedome,2 - Quelques difficultés,48900.0
AUDITIF,63,Puy-de-Dôme,puydedome,3 - Aucune,123400.0
AUDITIF,63,Puy-de-Dôme,puydedome,Ensemble,182100.0
AUDITIF,64,Pyrénées-Atlantiques,pyreneesatlantiques,1 - Beaucoup de difficultés ou ne peut pas du tout,14600.0
AUDITIF,64,Pyrénées-Atlantiques,pyreneesatlantiques,2 - Quelques difficultés,49900.0
AUDITIF,64,Pyrénées-Atlantiques,pyreneesatlantiques,3 - Aucune,143600.0
AUDITIF,64,Pyrénées-Atlantiques,pyreneesatlantiques,Ensemble,208000.0
AUDITIF,65,Hautes-Pyrénées,hautespyrenees,1 - Beaucoup de difficultés ou ne peut pas du tout,7800.0
AUDITIF,65,Hautes-Pyrénées,hautespyrenees,2 - Quelques difficultés,19200.0
AUDITIF,65,Hautes-Pyrénées,hautespyrenees,3 - Aucune,49800.0
AUDITIF,65,Hautes-Pyrénées,hautespyrenees,Ensemble,76700.0
AUDITIF,66,Pyrénées-Orientales,pyreneesorientales,1 - Beaucoup de difficultés ou ne peut pas du tout,11600.0
AUDITIF,66,Pyrénées-Orientales,pyreneesorientales,2 - Quelques difficultés,35900.0
AUDITIF,66,Pyrénées-Orientales,pyreneesorientales,3 - Aucune,109100.0
AUDITIF,66,Pyrénées-Orientales,pyreneesorientales,Ensemble,156700.0
AUDITIF,67,Bas-Rhin,basrhin,1 - Beaucoup de difficultés ou ne peut pas du tout,21400.0
AUDITIF,67,Bas-Rhin,basrhin,2 - Quelques difficultés,68800.0
AUDITIF,67,Bas-Rhin,basrhin,3 - Aucune,191600.0
AUDITIF,67,Bas-Rhin,basrhin,Ensemble,281800.0
AUDITIF,68,Haut-Rhin,hautrhin,1 - Beaucoup de difficultés ou ne peut pas du tout,12200.0
AUDITIF,68,Haut-Rhin,hautrhin,2 - Quelques difficultés,46800.0
AUDITIF,68,Haut-Rhin,hautrhin,3 - Aucune,141400.0
AUDITIF,68,Haut-Rhin,hautrhin,Ensemble,200500.0
AUDITIF,69,Rhône,rhone,1 - Beaucoup de difficultés ou ne peut pas du tout,22000.0
AUDITIF,69,Rhône,rhone,2 - Quelques difficultés,100000.0
AUDITIF,69,Rhône,rhone,3 - Aucune,278900.0
AUDITIF,69,Rhône,rhone,Ensemble,400900.0
AUDITIF,70,Haute-Saône,hautesaone,1 - Beaucoup de difficultés ou ne peut pas du tout,5000.0
AUDITIF,70,Haute-Saône,hautesaone,2 - Quelques difficultés,17700.0
AUDITIF,70,Haute-Saône,hautesaone,3 - Aucune,47900.0
AUDITIF,70,Haute-Saône,hautesaone,Ensemble,70500.0
AUDITIF,71,Saône-et-Loire,saoneetloire,1 - Beaucoup de difficultés ou ne peut pas du tout,13300.0
AUDITIF,71,Saône-et-Loire,saoneetloire,2 - Quelques difficultés,52200.0
AUDITIF,71,Saône-et-Loire,saoneetloire,3 - Aucune,111600.0
AUDITIF,71,Saône-et-Loire,saoneetloire,Ensemble,177000.0
AUDITIF,72,Sarthe,sarthe,1 - Beaucoup de difficultés ou ne peut pas du tout,8700.0
AUDITIF,72,Sarthe,sarthe,2 - Quelques difficultés,38300.0
AUDITIF,72,Sarthe,sarthe,3 - Aucune,112100.0
AUDITIF,72,Sarthe,sarthe,Ensemble,159100.0
AUDITIF,73,Savoie,savoie,1 - Beaucoup de difficultés ou ne peut pas du tout,5500.0
AUDITIF,73,Savoie,savoie,2 - Quelques difficultés,30600.0
AUDITIF,73,Savoie,savoie,3 - Aucune,81300.0
AUDITIF,73,Savoie,savoie,Ensemble,117400.0
AUDITIF,74,Haute-Savoie,hautesavoie,1 - Beaucoup de difficultés ou ne peut pas du tout,9700.0
AUDITIF,74,Haute-Savoie,hautesavoie,2 - Quelques difficultés,43700.0
AUDITIF,74,Haute-Savoie,hautesavoie,3 - Aucune,130600.0
AUDITIF,74,Haute-Savoie,hautesavoie,Ensemble,184100.0
AUDITIF,75,Paris,paris,1 - Beaucoup de difficultés ou ne peut pas du tout,20500.0
AUDITIF,75,Paris,paris,2 - Quelques difficultés,106400.0
AUDITIF,75,Paris,paris,3 - Aucune,345600.0
AUDITIF,75,Paris,paris,Ensemble,472500.0
AUDITIF,76,Seine-Maritime,seinemaritime,1 - Beaucoup de difficultés ou ne peut pas du tout,19700.0
AUDITIF,76,Seine-Maritime,seinemaritime,2 - Quelques difficultés,74700.0
AUDITIF,76,Seine-Maritime,seinemaritime,3 - Aucune,230200.0
AUDITIF,76,Seine-Maritime,seinemaritime,Ensemble,324600.0
AUDITIF,77,Seine-et-Marne,seineetmarne,1 - Beaucoup de difficultés ou ne peut pas du tout,16300.0
AUDITIF,77,Seine-et-Marne,seineetmarne,2 - Quelques difficultés,62600.0
AUDITIF,77,Seine-et-Marne,seineetmarne,3 - Aucune,207000.0
AUDITIF,77,Seine-et-Marne,seineetmarne,Ensemble,285800.0
AUDITIF,78,Yvelines,yvelines,1 - Beaucoup de difficultés ou ne peut pas du tout,13100.0
AUDITIF,78,Yvelines,yvelines,2 - Quelques difficultés,75400.0
AUDITIF,78,Yvelines,yvelines,3 - Aucune,225400.0
AUDITIF,78,Yvelines,yvelines,Ensemble,313800.0
AUDITIF,79,Deux-Sèvres,deuxsevres,1 - Beaucoup de difficultés ou ne peut pas du tout,5700.0
AUDITIF,79,Deux-Sèvres,deuxsevres,2 - Quelques difficultés,30200.0
AUDITIF,79,Deux-Sèvres,deuxsevres,3 - Aucune,74600.0
AUDITIF,79,Deux-Sèvres,deuxsevres,Ensemble,110600.0
AUDITIF,80,Somme,somme,1 - Beaucoup de difficultés ou ne peut pas du tout,12100.0
AUDITIF,80,Somme,somme,2 - Quelques difficultés,35000.0
AUDITIF,80,Somme,somme,3 - Aucune,100000.0
AUDITIF,80,Somme,somme,Ensemble,147100.0
AUDITIF,81,Tarn,tarn,1 - Beaucoup de difficultés ou ne peut pas du tout,9800.0
AUDITIF,81,Tarn,tarn,2 - Quelques difficultés,30500.0
AUDITIF,81,Tarn,tarn,3 - Aucune,81100.0
AUDITIF,81,Tarn,tarn,Ensemble,121400.0
AUDITIF,82,Tarn-et-Garonne,tarnetgaronne,1 - Beaucoup de difficultés ou ne peut pas du tout,4300.0
AUDITIF,82,Tarn-et-Garonne,tarnetgaronne,2 - Quelques difficultés,18500.0
AUDITIF,82,Tarn-et-Garonne,tarnetgaronne,3 - Aucune,50600.0
AUDITIF,82,Tarn-et-Garonne,tarnetgaronne,Ensemble,73400.0
AUDITIF,83,Var,var,1 - Beaucoup de difficultés ou ne peut pas du tout,17000.0
AUDITIF,83,Var,var,2 - Quelques difficultés,90500.0
AUDITIF,83,Var,var,3 - Aucune,244100.0
AUDITIF,83,Var,var,Ensemble,351600.0
AUDITIF,84,Vaucluse,vaucluse,1 - Beaucoup de difficultés ou ne peut pas du tout,13800.0
AUDITIF,84,Vaucluse,vaucluse,2 - Quelques difficultés,41500.0
AUDITIF,84,Vaucluse,vaucluse,3 - Aucune,104600.0
AUDITIF,84,Vaucluse,vaucluse,Ensemble,159900.0
AUDITIF,85,Vendée,vendee,1 - Beaucoup de difficultés ou ne peut pas du tout,11600.0
AUDITIF,85,Vendée,vendee,2 - Quelques difficultés,49700.0
AUDITIF,85,Vendée,vendee,3 - Aucune,151800.0
AUDITIF,85,Vendée,vendee,Ensemble,213000.0
AUDITIF,86,Vienne,vienne,1 - Beaucoup de difficultés ou ne peut pas du tout,6300.0
AUDITIF,86,Vienne,vienne,2 - Quelques difficultés,28700.0
AUDITIF,86,Vienne,vienne,3 - Aucune,87000.0
AUDITIF,86,Vienne,vienne,Ensemble,122000.0
AUDITIF,87,Haute-Vienne,hautevienne,1 - Beaucoup de difficultés ou ne peut pas du tout,8500.0
AUDITIF,87,Haute-Vienne,hautevienne,2 - Quelques difficultés,28200.0
AUDITIF,87,Haute-Vienne,hautevienne,3 - Aucune,78700.0
AUDITIF,87,Haute-Vienne,hautevienne,Ensemble,115500.0
AUDITIF,88,Vosges,vosges,1 - Beaucoup de difficultés ou ne peut pas du tout,7400.0
AUDITIF,88,Vosges,vosges,2 - Quelques difficultés,30000.0
AUDITIF,88,Vosges,vosges,3 - Aucune,74300.0
AUDITIF,88,Vosges,vosges,Ensemble,111600.0
AUDITIF,89,Yonne,yonne,1 - Beaucoup de difficultés ou ne peut pas du tout,6400.0
AUDITIF,89,Yonne,yonne,2 - Quelques difficultés,23300.0
AUDITIF,89,Yonne,yonne,3 - Aucune,72300.0
AUDITIF,89,Yonne,yonne,Ensemble,102000.0
AUDITIF,90,Territoire de Belfort,territoiredebelfort,1 - Beaucoup de difficultés ou ne peut pas du tout,2100.0
AUDITIF,90,Territoire de Belfort,territoiredebelfort,2 - Quelques difficultés,11400.0
AUDITIF,90,Territoire de Belfort,territoiredebelfort,3 - Aucune,23100.0
AUDITIF,90,Territoire de Belfort,territoiredebelfort,Ensemble,36600.0
AUDITIF,91,Essonne,essonne,1 - Beaucoup de difficultés ou ne peut pas du tout,14200.0
AUDITIF,91,Essonne,essonne,2 - Quelques difficultés,57700.0
AUDITIF,91,Essonne,essonne,3 - Aucune,188600.0
AUDITIF,91,Essonne,essonne,Ensemble,260500.0
AUDITIF,92,Hauts-de-Seine,hautsdeseine,1 - Beaucoup de difficultés ou ne peut pas du tout,13300.0
AUDITIF,92,Hauts-de-Seine,hautsdeseine,2 - Quelques difficultés,67600.0
AUDITIF,92,Hauts-de-Seine,hautsdeseine,3 - Aucune,239200.0
AUDITIF,92,Hauts-de-Seine,hautsdeseine,Ensemble,320200.0
AUDITIF,93,Seine-Saint-Denis,seinesaintdenis,1 - Beaucoup de difficultés ou ne peut pas du tout,13800.0
AUDITIF,93,Seine-Saint-Denis,seinesaintdenis,2 - Quelques difficultés,60300.0
AUDITIF,93,Seine-Saint-Denis,seinesaintdenis,3 - Aucune,193100.0
AUDITIF,93,Seine-Saint-Denis,seinesaintdenis,Ensemble,267200.0
AUDITIF,94,Val-de-Marne,valdemarne,1 - Beaucoup de difficultés ou ne peut pas du tout,17300.0
AUDITIF,94,Val-de-Marne,valdemarne,2 - Quelques difficultés,70100.0
AUDITIF,94,Val-de-Marne,valdemarne,3 - Aucune,190300.0
AUDITIF,94,Val-de-Marne,valdemarne,Ensemble,277700.0
AUDITIF,95,Val-d'Oise,valdoise,1 - Beaucoup de difficultés ou ne peut pas du tout,10400.0
AUDITIF,95,Val-d'Oise,valdoise,2 - Quelques difficultés,46400.0
AUDITIF,95,Val-d'Oise,valdoise,3 - Aucune,177000.0
AUDITIF,95,Val-d'Oise,valdoise,Ensemble,233800.0
AUDITIF,971,Guadeloupe,guadeloupe,1 - Beaucoup de difficultés ou ne peut pas du tout,4800.0
AUDITIF,971,Guadeloupe,guadeloupe,2 - Quelques difficultés,17600.0
AUDITIF,971,Guadeloupe,guadeloupe,3 - Aucune,83800.0
AUDITIF,971,Guadeloupe,guadeloupe,Ensemble,106200.0
AUDITIF,972,Martinique,martinique,1 - Beaucoup de difficultés ou ne peut pas du tout,5700.0
AUDITIF,972,Martinique,martinique,2 - Quelques difficultés,18500.0
AUDITIF,972,Martinique,martinique,3 - Aucune,85200.0
AUDITIF,972,Martinique,martinique,Ensemble,109300.0
AUDITIF,973,Guyane,guyane,1 - Beaucoup de difficultés ou ne peut pas du tout,1200.0
AUDITIF,973,Guyane,guyane,2 - Quelques difficultés,3700.0
AUDITIF,973,Guyane,guyane,3 - Aucune,23600.0
AUDITIF,973,Guyane,guyane,Ensemble,28500.0
AUDITIF,974,La Réunion,lareunion,1 - Beaucoup de difficultés ou ne peut pas du tout,11300.0
AUDITIF,974,La Réunion,lareunion,2 - Quelques difficultés,30300.0
AUDITIF,974,La Réunion,lareunion,3 - Aucune,121100.0
AUDITIF,974,La Réunion,lareunion,Ensemble,162600.0
AUDITIF,976,Mayotte,mayotte,1 - Beaucoup de difficultés ou ne peut pas du tout,500.0
AUDITIF,976,Mayotte,mayotte,2 - Quelques difficultés,1200.0
AUDITIF,976,Mayotte,mayotte,3 - Aucune,11400.0
AUDITIF,976,Mayotte,mayotte,Ensemble,13100.0
"AUDITIF,None,""Lecture > Dans l'Ain, 4 400 personnes de 25 à 59 ans déclarent avoir beaucoup de difficultés pour entendre ou ne pas entendre du tout. "
Champ > Personnes de 5 ans ou plus vivant en logement ordinaire en France.
"Sources > Enquête Vie Quotidienne et Santé 2021, DREES."",lecturedanslain4400personnesde25a59ansdeclarentavoirbeaucoupdedifficultespourentendreounepasentendredutoutchamppersonnesde5ansouplusvivantenlogementordinaireenfrancesourcesenqueteviequotidienneetsante2021drees,,"
MARCHE,01,Ain,ain,1 - Beaucoup de difficultés ou ne peut pas du tout,20900.0
MARCHE,01,Ain,ain,2 - Quelques difficultés,25300.0
MARCHE,01,Ain,ain,3 - Aucune,107800.0
MARCHE,01,Ain,ain,Ensemble,154000.0
MARCHE,02,Aisne,aisne,1 - Beaucoup de difficultés ou ne peut pas du tout,21900.0
MARCHE,02,Aisne,aisne,2 - Quelques difficultés,32900.0
MARCHE,02,Aisne,aisne,3 - Aucune,87600.0
MARCHE,02,Aisne,aisne,Ensemble,142400.0
MARCHE,03,Allier,allier,1 - Beaucoup de difficultés ou ne peut pas du tout,17400.0
MARCHE,03,Allier,allier,2 - Quelques difficultés,23400.0
MARCHE,03,Allier,allier,3 - Aucune,72600.0
MARCHE,03,Allier,allier,Ensemble,113400.0
MARCHE,04,Alpes-de-Haute-Provence,alpesdehauteprovence,1 - Beaucoup de difficultés ou ne peut pas du tout,7000.0
MARCHE,04,Alpes-de-Haute-Provence,alpesdehauteprovence,2 - Quelques difficultés,12400.0
MARCHE,04,Alpes-de-Haute-Provence,alpesdehauteprovence,3 - Aucune,36000.0
MARCHE,04,Alpes-de-Haute-Provence,alpesdehauteprovence,Ensemble,55300.0
MARCHE,05,Hautes-Alpes,hautesalpes,1 - Beaucoup de difficultés ou ne peut pas du tout,5500.0
MARCHE,05,Hautes-Alpes,hautesalpes,2 - Quelques difficultés,8300.0
MARCHE,05,Hautes-Alpes,hautesalpes,3 - Aucune,30600.0
MARCHE,05,Hautes-Alpes,hautesalpes,Ensemble,44400.0
MARCHE,06,Alpes-Maritimes,alpesmaritimes,1 - Beaucoup de difficultés ou ne peut pas du tout,53600.0
MARCHE,06,Alpes-Maritimes,alpesmaritimes,2 - Quelques difficultés,66000.0
MARCHE,06,Alpes-Maritimes,alpesmaritimes,3 - Aucune,206900.0
MARCHE,06,Alpes-Maritimes,alpesmaritimes,Ensemble,326500.0
MARCHE,07,Ardèche,ardeche,1 - Beaucoup de difficultés ou ne peut pas du tout,13600.0
MARCHE,07,Ardèche,ardeche,2 - Quelques difficultés,20500.0
MARCHE,07,Ardèche,ardeche,3 - Aucune,67800.0
MARCHE,07,Ardèche,ardeche,Ensemble,101800.0
MARCHE,08,Ardennes,ardennes,1 - Beaucoup de difficultés ou ne peut pas du tout,11800.0
MARCHE,08,Ardennes,ardennes,2 - Quelques difficultés,21200.0
MARCHE,08,Ardennes,ardennes,3 - Aucune,43500.0
MARCHE,08,Ardennes,ardennes,Ensemble,76500.0
MARCHE,09,Ariège,ariege,1 - Beaucoup de difficultés ou ne peut pas du tout,7700.0
MARCHE,09,Ariège,ariege,2 - Quelques difficultés,10500.0
MARCHE,09,Ariège,ariege,3 - Aucune,32700.0
MARCHE,09,Ariège,ariege,Ensemble,50900.0
MARCHE,10,Aube,aube,1 - Beaucoup de difficultés ou ne peut pas du tout,13300.0
MARCHE,10,Aube,aube,2 - Quelques difficultés,17800.0
MARCHE,10,Aube,aube,3 - Aucune,53000.0
MARCHE,10,Aube,aube,Ensemble,84200.0
MARCHE,11,Aude,aude,1 - Beaucoup de difficultés ou ne peut pas du tout,17000.0
MARCHE,11,Aude,aude,2 - Quelques difficultés,27500.0
MARCHE,11,Aude,aude,3 - Aucune,79200.0
MARCHE,11,Aude,aude,Ensemble,123700.0
MARCHE,12,Aveyron,aveyron,1 - Beaucoup de difficultés ou ne peut pas du tout,10300.0
MARCHE,12,Aveyron,aveyron,2 - Quelques difficultés,20100.0
MARCHE,12,Aveyron,aveyron,3 - Aucune,62400.0
MARCHE,12,Aveyron,aveyron,Ensemble,92800.0
MARCHE,13,Bouches-du-Rhône,bouchesdurhone,1 - Beaucoup de difficultés ou ne peut pas du tout,92900.0
MARCHE,13,Bouches-du-Rhône,bouchesdurhone,2 - Quelques difficultés,108500.0
MARCHE,13,Bouches-du-Rhône,bouchesdurhone,3 - Aucune,328000.0
MARCHE,13,Bouches-du-Rhône,bouchesdurhone,Ensemble,529400.0
MARCHE,14,Calvados,calvados,1 - Beaucoup de difficultés ou ne peut pas du tout,22900.0
MARCHE,14,Calvados,calvados,2 - Quelques difficultés,36600.0
MARCHE,14,Calvados,calvados,3 - Aucune,135100.0
MARCHE,14,Calvados,calvados,Ensemble,194600.0
MARCHE,15,Cantal,cantal,1 - Beaucoup de difficultés ou ne peut pas du tout,5600.0
MARCHE,15,Cantal,cantal,2 - Quelques difficultés,11900.0
MARCHE,15,Cantal,cantal,3 - Aucune,32000.0
MARCHE,15,Cantal,cantal,Ensemble,49500.0
MARCHE,16,Charente,charente,1 - Beaucoup de difficultés ou ne peut pas du tout,14100.0
MARCHE,16,Charente,charente,2 - Quelques difficultés,24700.0
MARCHE,16,Charente,charente,3 - Aucune,72500.0
MARCHE,16,Charente,charente,Ensemble,111300.0
MARCHE,17,Charente-Maritime,charentemaritime,1 - Beaucoup de difficultés ou ne peut pas du tout,32700.0
MARCHE,17,Charente-Maritime,charentemaritime,2 - Quelques difficultés,43400.0
MARCHE,17,Charente-Maritime,charentemaritime,3 - Aucune,151600.0
MARCHE,17,Charente-Maritime,charentemaritime,Ensemble,227600.0
MARCHE,18,Cher,cher,1 - Beaucoup de difficultés ou ne peut pas du tout,12800.0
MARCHE,18,Cher,cher,2 - Quelques difficultés,22200.0
MARCHE,18,Cher,cher,3 - Aucune,60800.0
MARCHE,18,Cher,cher,Ensemble,95800.0
MARCHE,19,Corrèze,correze,1 - Beaucoup de difficultés ou ne peut pas du tout,10300.0
MARCHE,19,Corrèze,correze,2 - Quelques difficultés,20600.0
MARCHE,19,Corrèze,correze,3 - Aucune,50600.0
MARCHE,19,Corrèze,correze,Ensemble,81500.0
MARCHE,21,Côte-d'Or,cotedor,1 - Beaucoup de difficultés ou ne peut pas du tout,16000.0
MARCHE,21,Côte-d'Or,cotedor,2 - Quelques difficultés,31800.0
MARCHE,21,Côte-d'Or,cotedor,3 - Aucune,94300.0
MARCHE,21,Côte-d'Or,cotedor,Ensemble,142100.0
MARCHE,22,Côtes d'Armor,cotesdarmor,1 - Beaucoup de difficultés ou ne peut pas du tout,23400.0
MARCHE,22,Côtes d'Armor,cotesdarmor,2 - Quelques difficultés,41200.0
MARCHE,22,Côtes d'Armor,cotesdarmor,3 - Aucune,131600.0
MARCHE,22,Côtes d'Armor,cotesdarmor,Ensemble,196200.0
MARCHE,23,Creuse,creuse,1 - Beaucoup de difficultés ou ne peut pas du tout,7300.0
MARCHE,23,Creuse,creuse,2 - Quelques difficultés,10300.0
MARCHE,23,Creuse,creuse,3 - Aucune,26300.0
MARCHE,23,Creuse,creuse,Ensemble,43900.0
MARCHE,24,Dordogne,dordogne,1 - Beaucoup de difficultés ou ne peut pas du tout,20100.0
MARCHE,24,Dordogne,dordogne,2 - Quelques difficultés,31400.0
MARCHE,24,Dordogne,dordogne,3 - Aucune,98400.0
MARCHE,24,Dordogne,dordogne,Ensemble,149900.0
MARCHE,25,Doubs,doubs,1 - Beaucoup de difficultés ou ne peut pas du tout,18000.0
MARCHE,25,Doubs,doubs,2 - Quelques difficultés,29000.0
MARCHE,25,Doubs,doubs,3 - Aucune,89400.0
MARCHE,25,Doubs,doubs,Ensemble,136400.0
MARCHE,26,Drôme,drome,1 - Beaucoup de difficultés ou ne peut pas du tout,17900.0
MARCHE,26,Drôme,drome,2 - Quelques difficultés,26900.0
MARCHE,26,Drôme,drome,3 - Aucune,100000.0
MARCHE,26,Drôme,drome,Ensemble,144800.0
MARCHE,27,Eure,eure,1 - Beaucoup de difficultés ou ne peut pas du tout,19800.0
MARCHE,27,Eure,eure,2 - Quelques difficultés,34300.0
MARCHE,27,Eure,eure,3 - Aucune,99100.0
MARCHE,27,Eure,eure,Ensemble,153200.0
MARCHE,28,Eure-et-Loire,eureetloire,1 - Beaucoup de difficultés ou ne peut pas du tout,20500.0
MARCHE,28,Eure-et-Loire,eureetloire,2 - Quelques difficultés,28900.0
MARCHE,28,Eure-et-Loire,eureetloire,3 - Aucune,65900.0
MARCHE,28,Eure-et-Loire,eureetloire,Ensemble,115200.0
MARCHE,29,Finistère,finistere,1 - Beaucoup de difficultés ou ne peut pas du tout,34900.0
MARCHE,29,Finistère,finistere,2 - Quelques difficultés,53600.0
MARCHE,29,Finistère,finistere,3 - Aucune,190400.0
MARCHE,29,Finistère,finistere,Ensemble,278900.0
MARCHE,2A,Corse-du-Sud,corsedusud,1 - Beaucoup de difficultés ou ne peut pas du tout,9300.0
MARCHE,2A,Corse-du-Sud,corsedusud,2 - Quelques difficultés,11300.0
MARCHE,2A,Corse-du-Sud,corsedusud,3 - Aucune,28300.0
MARCHE,2A,Corse-du-Sud,corsedusud,Ensemble,48800.0
MARCHE,2B,Haute-Corse,hautecorse,1 - Beaucoup de difficultés ou ne peut pas du tout,8100.0
MARCHE,2B,Haute-Corse,hautecorse,2 - Quelques difficultés,14300.0
MARCHE,2B,Haute-Corse,hautecorse,3 - Aucune,31300.0
MARCHE,2B,Haute-Corse,hautecorse,Ensemble,53700.0
MARCHE,30,Gard,gard,1 - Beaucoup de difficultés ou ne peut pas du tout,34800.0
MARCHE,30,Gard,gard,2 - Quelques difficultés,51400.0
MARCHE,30,Gard,gard,3 - Aucune,137900.0
MARCHE,30,Gard,gard,Ensemble,224000.0
MARCHE,31,Haute-Garonne,hautegaronne,1 - Beaucoup de difficultés ou ne peut pas du tout,45200.0
MARCHE,31,Haute-Garonne,hautegaronne,2 - Quelques difficultés,60400.0
MARCHE,31,Haute-Garonne,hautegaronne,3 - Aucune,198100.0
MARCHE,31,Haute-Garonne,hautegaronne,Ensemble,303700.0
MARCHE,32,Gers,gers,1 - Beaucoup de difficultés ou ne peut pas du tout,7400.0
MARCHE,32,Gers,gers,2 - Quelques difficultés,15100.0
MARCHE,32,Gers,gers,3 - Aucune,43600.0
MARCHE,32,Gers,gers,Ensemble,66100.0
MARCHE,33,Gironde,gironde,1 - Beaucoup de difficultés ou ne peut pas du tout,65300.0
MARCHE,33,Gironde,gironde,2 - Quelques difficultés,87800.0
MARCHE,33,Gironde,gironde,3 - Aucune,252500.0
MARCHE,33,Gironde,gironde,Ensemble,405600.0
MARCHE,34,Hérault,herault,1 - Beaucoup de difficultés ou ne peut pas du tout,42300.0
MARCHE,34,Hérault,herault,2 - Quelques difficultés,60700.0
MARCHE,34,Hérault,herault,3 - Aucune,221300.0
MARCHE,34,Hérault,herault,Ensemble,324300.0
MARCHE,35,Ille-et-Vilaine,illeetvilaine,1 - Beaucoup de difficultés ou ne peut pas du tout,29500.0
MARCHE,35,Ille-et-Vilaine,illeetvilaine,2 - Quelques difficultés,45100.0
MARCHE,35,Ille-et-Vilaine,illeetvilaine,3 - Aucune,175900.0
MARCHE,35,Ille-et-Vilaine,illeetvilaine,Ensemble,250500.0
MARCHE,36,Indre,indre,1 - Beaucoup de difficultés ou ne peut pas du tout,11700.0
MARCHE,36,Indre,indre,2 - Quelques difficultés,12000.0
MARCHE,36,Indre,indre,3 - Aucune,51900.0
MARCHE,36,Indre,indre,Ensemble,75600.0
MARCHE,37,Indre-et-Loire,indreetloire,1 - Beaucoup de difficultés ou ne peut pas du tout,18500.0
MARCHE,37,Indre-et-Loire,indreetloire,2 - Quelques difficultés,38400.0
MARCHE,37,Indre-et-Loire,indreetloire,3 - Aucune,110400.0
MARCHE,37,Indre-et-Loire,indreetloire,Ensemble,167300.0
MARCHE,38,Isère,isere,1 - Beaucoup de difficultés ou ne peut pas du tout,38100.0
MARCHE,38,Isère,isere,2 - Quelques difficultés,59300.0
MARCHE,38,Isère,isere,3 - Aucune,209200.0
MARCHE,38,Isère,isere,Ensemble,306600.0
MARCHE,39,Jura,jura,1 - Beaucoup de difficultés ou ne peut pas du tout,8000.0
MARCHE,39,Jura,jura,2 - Quelques difficultés,18400.0
MARCHE,39,Jura,jura,3 - Aucune,51500.0
MARCHE,39,Jura,jura,Ensemble,77800.0
MARCHE,40,Landes,landes,1 - Beaucoup de difficultés ou ne peut pas du tout,24200.0
MARCHE,40,Landes,landes,2 - Quelques difficultés,27100.0
MARCHE,40,Landes,landes,3 - Aucune,82800.0
MARCHE,40,Landes,landes,Ensemble,134100.0
MARCHE,41,Loir-et-Cher,loiretcher,1 - Beaucoup de difficultés ou ne peut pas du tout,11600.0
MARCHE,41,Loir-et-Cher,loiretcher,2 - Quelques difficultés,25500.0
MARCHE,41,Loir-et-Cher,loiretcher,3 - Aucune,64900.0
MARCHE,41,Loir-et-Cher,loiretcher,Ensemble,101900.0
MARCHE,42,Loire,loire,1 - Beaucoup de difficultés ou ne peut pas du tout,29400.0
MARCHE,42,Loire,loire,2 - Quelques difficultés,45000.0
MARCHE,42,Loire,loire,3 - Aucune,135400.0
MARCHE,42,Loire,loire,Ensemble,209800.0
MARCHE,43,Haute-Loire,hauteloire,1 - Beaucoup de difficultés ou ne peut pas du tout,9200.0
MARCHE,43,Haute-Loire,hauteloire,2 - Quelques difficultés,14200.0
MARCHE,43,Haute-Loire,hauteloire,3 - Aucune,45900.0
MARCHE,43,Haute-Loire,hauteloire,Ensemble,69300.0
MARCHE,44,Loire-Atlantique,loireatlantique,1 - Beaucoup de difficultés ou ne peut pas du tout,43200.0
MARCHE,44,Loire-Atlantique,loireatlantique,2 - Quelques difficultés,63300.0
MARCHE,44,Loire-Atlantique,loireatlantique,3 - Aucune,229400.0
MARCHE,44,Loire-Atlantique,loireatlantique,Ensemble,335900.0
MARCHE,45,Loiret,loiret,1 - Beaucoup de difficultés ou ne peut pas du tout,25800.0
MARCHE,45,Loiret,loiret,2 - Quelques difficultés,35500.0
MARCHE,45,Loiret,loiret,3 - Aucune,113400.0
MARCHE,45,Loiret,loiret,Ensemble,174600.0
MARCHE,46,Lot,lot,1 - Beaucoup de difficultés ou ne peut pas du tout,9000.0
MARCHE,46,Lot,lot,2 - Quelques difficultés,12900.0
MARCHE,46,Lot,lot,3 - Aucune,43200.0
MARCHE,46,Lot,lot,Ensemble,65200.0
MARCHE,47,Lot-et-Garonne,lotetgaronne,1 - Beaucoup de difficultés ou ne peut pas du tout,13700.0
MARCHE,47,Lot-et-Garonne,lotetgaronne,2 - Quelques difficultés,21700.0
MARCHE,47,Lot-et-Garonne,lotetgaronne,3 - Aucune,72600.0
MARCHE,47,Lot-et-Garonne,lotetgaronne,Ensemble,108100.0
MARCHE,48,Lozère,lozere,1 - Beaucoup de difficultés ou ne peut pas du tout,2600.0
MARCHE,48,Lozère,lozere,2 - Quelques difficultés,5200.0
MARCHE,48,Lozère,lozere,3 - Aucune,15800.0
MARCHE,48,Lozère,lozere,Ensemble,23600.0
MARCHE,49,Maine-et-Loire,maineetloire,1 - Beaucoup de difficultés ou ne peut pas du tout,27400.0
MARCHE,49,Maine-et-Loire,maineetloire,2 - Quelques difficultés,37700.0
MARCHE,49,Maine-et-Loire,maineetloire,3 - Aucune,146400.0
MARCHE,49,Maine-et-Loire,maineetloire,Ensemble,211600.0
MARCHE,50,Manche,manche,1 - Beaucoup de difficultés ou ne peut pas du tout,23500.0
MARCHE,50,Manche,manche,2 - Quelques difficultés,31000.0
MARCHE,50,Manche,manche,3 - Aucune,102200.0
MARCHE,50,Manche,manche,Ensemble,156700.0
MARCHE,51,Marne,marne,1 - Beaucoup de difficultés ou ne peut pas du tout,23700.0
MARCHE,51,Marne,marne,2 - Quelques difficultés,30300.0
MARCHE,51,Marne,marne,3 - Aucune,88100.0
MARCHE,51,Marne,marne,Ensemble,142100.0
MARCHE,52,Haute-Marne,hautemarne,1 - Beaucoup de difficultés ou ne peut pas du tout,8000.0
MARCHE,52,Haute-Marne,hautemarne,2 - Quelques difficultés,11800.0
MARCHE,52,Haute-Marne,hautemarne,3 - Aucune,34000.0
MARCHE,52,Haute-Marne,hautemarne,Ensemble,53800.0
MARCHE,53,Mayenne,mayenne,1 - Beaucoup de difficultés ou ne peut pas du tout,13600.0
MARCHE,53,Mayenne,mayenne,2 - Quelques difficultés,17300.0
MARCHE,53,Mayenne,mayenne,3 - Aucune,54000.0
MARCHE,53,Mayenne,mayenne,Ensemble,84800.0
MARCHE,54,Meurthe-et-Moselle,meurtheetmoselle,1 - Beaucoup de difficultés ou ne peut pas du tout,24700.0
MARCHE,54,Meurthe-et-Moselle,meurtheetmoselle,2 - Quelques difficultés,44100.0
MARCHE,54,Meurthe-et-Moselle,meurtheetmoselle,3 - Aucune,114800.0
MARCHE,54,Meurthe-et-Moselle,meurtheetmoselle,Ensemble,183600.0
MARCHE,55,Meuse,meuse,1 - Beaucoup de difficultés ou ne peut pas du tout,8300.0
MARCHE,55,Meuse,meuse,2 - Quelques difficultés,13400.0
MARCHE,55,Meuse,meuse,3 - Aucune,32200.0
MARCHE,55,Meuse,meuse,Ensemble,53800.0
MARCHE,56,Morbihan,morbihan,1 - Beaucoup de difficultés ou ne peut pas du tout,29000.0
MARCHE,56,Morbihan,morbihan,2 - Quelques difficultés,37800.0
MARCHE,56,Morbihan,morbihan,3 - Aucune,174900.0
MARCHE,56,Morbihan,morbihan,Ensemble,241700.0
MARCHE,57,Moselle,moselle,1 - Beaucoup de difficultés ou ne peut pas du tout,43400.0
MARCHE,57,Moselle,moselle,2 - Quelques difficultés,67600.0
MARCHE,57,Moselle,moselle,3 - Aucune,164100.0
MARCHE,57,Moselle,moselle,Ensemble,275100.0
MARCHE,58,Nièvre,nievre,1 - Beaucoup de difficultés ou ne peut pas du tout,12100.0
MARCHE,58,Nièvre,nievre,2 - Quelques difficultés,16600.0
MARCHE,58,Nièvre,nievre,3 - Aucune,43900.0
MARCHE,58,Nièvre,nievre,Ensemble,72700.0
MARCHE,59,Nord,nord,1 - Beaucoup de difficultés ou ne peut pas du tout,117000.0
MARCHE,59,Nord,nord,2 - Quelques difficultés,142700.0
MARCHE,59,Nord,nord,3 - Aucune,328200.0
MARCHE,59,Nord,nord,Ensemble,587800.0
MARCHE,60,Oise,oise,1 - Beaucoup de difficultés ou ne peut pas du tout,27200.0
MARCHE,60,Oise,oise,2 - Quelques difficultés,42000.0
MARCHE,60,Oise,oise,3 - Aucune,120400.0
MARCHE,60,Oise,oise,Ensemble,189600.0
MARCHE,61,Orne,orne,1 - Beaucoup de difficultés ou ne peut pas du tout,10600.0
MARCHE,61,Orne,orne,2 - Quelques difficultés,20700.0
MARCHE,61,Orne,orne,3 - Aucune,58500.0
MARCHE,61,Orne,orne,Ensemble,89800.0
MARCHE,62,Pas-de-Calais,pasdecalais,1 - Beaucoup de difficultés ou ne peut pas du tout,76600.0
MARCHE,62,Pas-de-Calais,pasdecalais,2 - Quelques difficultés,78700.0
MARCHE,62,Pas-de-Calais,pasdecalais,3 - Aucune,213100.0
MARCHE,62,Pas-de-Calais,pasdecalais,Ensemble,368500.0
MARCHE,63,Puy-de-Dôme,puydedome,1 - Beaucoup de difficultés ou ne peut pas du tout,24000.0
MARCHE,63,Puy-de-Dôme,puydedome,2 - Quelques difficultés,42500.0
MARCHE,63,Puy-de-Dôme,puydedome,3 - Aucune,115600.0
MARCHE,63,Puy-de-Dôme,puydedome,Ensemble,182100.0
MARCHE,64,Pyrénées-Atlantiques,pyreneesatlantiques,1 - Beaucoup de difficultés ou ne peut pas du tout,25000.0
MARCHE,64,Pyrénées-Atlantiques,pyreneesatlantiques,2 - Quelques difficultés,39200.0
MARCHE,64,Pyrénées-Atlantiques,pyreneesatlantiques,3 - Aucune,143800.0
MARCHE,64,Pyrénées-Atlantiques,pyreneesatlantiques,Ensemble,208000.0
MARCHE,65,Hautes-Pyrénées,hautespyrenees,1 - Beaucoup de difficultés ou ne peut pas du tout,11300.0
MARCHE,65,Hautes-Pyrénées,hautespyrenees,2 - Quelques difficultés,12800.0
MARCHE,65,Hautes-Pyrénées,hautespyrenees,3 - Aucune,52600.0
MARCHE,65,Hautes-Pyrénées,hautespyrenees,Ensemble,76700.0
MARCHE,66,Pyrénées-Orientales,pyreneesorientales,1 - Beaucoup de difficultés ou ne peut pas du tout,21500.0
MARCHE,66,Pyrénées-Orientales,pyreneesorientales,2 - Quelques difficultés,33800.0
MARCHE,66,Pyrénées-Orientales,pyreneesorientales,3 - Aucune,101400.0
MARCHE,66,Pyrénées-Orientales,pyreneesorientales,Ensemble,156700.0
MARCHE,67,Bas-Rhin,basrhin,1 - Beaucoup de difficultés ou ne peut pas du tout,41600.0
MARCHE,67,Bas-Rhin,basrhin,2 - Quelques difficultés,62100.0
MARCHE,67,Bas-Rhin,basrhin,3 - Aucune,178100.0
MARCHE,67,Bas-Rhin,basrhin,Ensemble,281800.0
MARCHE,68,Haut-Rhin,hautrhin,1 - Beaucoup de difficultés ou ne peut pas du tout,28200.0
MARCHE,68,Haut-Rhin,hautrhin,2 - Quelques difficultés,42000.0
MARCHE,68,Haut-Rhin,hautrhin,3 - Aucune,130200.0
MARCHE,68,Haut-Rhin,hautrhin,Ensemble,200500.0
MARCHE,69,Rhône,rhone,1 - Beaucoup de difficultés ou ne peut pas du tout,54100.0
MARCHE,69,Rhône,rhone,2 - Quelques difficultés,81900.0
MARCHE,69,Rhône,rhone,3 - Aucune,264800.0
MARCHE,69,Rhône,rhone,Ensemble,400900.0
MARCHE,70,Haute-Saône,hautesaone,1 - Beaucoup de difficultés ou ne peut pas du tout,10500.0
MARCHE,70,Haute-Saône,hautesaone,2 - Quelques difficultés,15400.0
MARCHE,70,Haute-Saône,hautesaone,3 - Aucune,44600.0
MARCHE,70,Haute-Saône,hautesaone,Ensemble,70500.0
MARCHE,71,Saône-et-Loire,saoneetloire,1 - Beaucoup de difficultés ou ne peut pas du tout,26000.0
MARCHE,71,Saône-et-Loire,saoneetloire,2 - Quelques difficultés,36500.0
MARCHE,71,Saône-et-Loire,saoneetloire,3 - Aucune,114500.0
MARCHE,71,Saône-et-Loire,saoneetloire,Ensemble,177000.0
MARCHE,72,Sarthe,sarthe,1 - Beaucoup de difficultés ou ne peut pas du tout,23900.0
MARCHE,72,Sarthe,sarthe,2 - Quelques difficultés,31700.0
MARCHE,72,Sarthe,sarthe,3 - Aucune,103500.0
MARCHE,72,Sarthe,sarthe,Ensemble,159100.0
MARCHE,73,Savoie,savoie,1 - Beaucoup de difficultés ou ne peut pas du tout,11800.0
MARCHE,73,Savoie,savoie,2 - Quelques difficultés,28400.0
MARCHE,73,Savoie,savoie,3 - Aucune,77200.0
MARCHE,73,Savoie,savoie,Ensemble,117400.0
MARCHE,74,Haute-Savoie,hautesavoie,1 - Beaucoup de difficultés ou ne peut pas du tout,17600.0
MARCHE,74,Haute-Savoie,hautesavoie,2 - Quelques difficultés,34200.0
MARCHE,74,Haute-Savoie,hautesavoie,3 - Aucune,132200.0
MARCHE,74,Haute-Savoie,hautesavoie,Ensemble,184100.0
MARCHE,75,Paris,paris,1 - Beaucoup de difficultés ou ne peut pas du tout,57900.0
MARCHE,75,Paris,paris,2 - Quelques difficultés,119900.0
MARCHE,75,Paris,paris,3 - Aucune,294700.0
MARCHE,75,Paris,paris,Ensemble,472500.0
MARCHE,76,Seine-Maritime,seinemaritime,1 - Beaucoup de difficultés ou ne peut pas du tout,44800.0
MARCHE,76,Seine-Maritime,seinemaritime,2 - Quelques difficultés,73100.0
MARCHE,76,Seine-Maritime,seinemaritime,3 - Aucune,206800.0
MARCHE,76,Seine-Maritime,seinemaritime,Ensemble,324600.0
MARCHE,77,Seine-et-Marne,seineetmarne,1 - Beaucoup de difficultés ou ne peut pas du tout,30200.0
MARCHE,77,Seine-et-Marne,seineetmarne,2 - Quelques difficultés,61900.0
MARCHE,77,Seine-et-Marne,seineetmarne,3 - Aucune,193700.0
MARCHE,77,Seine-et-Marne,seineetmarne,Ensemble,285800.0
MARCHE,78,Yvelines,yvelines,1 - Beaucoup de difficultés ou ne peut pas du tout,33400.0
MARCHE,78,Yvelines,yvelines,2 - Quelques difficultés,60200.0
MARCHE,78,Yvelines,yvelines,3 - Aucune,220300.0
MARCHE,78,Yvelines,yvelines,Ensemble,313800.0
MARCHE,79,Deux-Sèvres,deuxsevres,1 - Beaucoup de difficultés ou ne peut pas du tout,14600.0
MARCHE,79,Deux-Sèvres,deuxsevres,2 - Quelques difficultés,17600.0
MARCHE,79,Deux-Sèvres,deuxsevres,3 - Aucune,78300.0
MARCHE,79,Deux-Sèvres,deuxsevres,Ensemble,110600.0
MARCHE,80,Somme,somme,1 - Beaucoup de difficultés ou ne peut pas du tout,25200.0
MARCHE,80,Somme,somme,2 - Quelques difficultés,40200.0
MARCHE,80,Somme,somme,3 - Aucune,81700.0
MARCHE,80,Somme,somme,Ensemble,147100.0
MARCHE,81,Tarn,tarn,1 - Beaucoup de difficultés ou ne peut pas du tout,16900.0
MARCHE,81,Tarn,tarn,2 - Quelques difficultés,27000.0
MARCHE,81,Tarn,tarn,3 - Aucune,77400.0
MARCHE,81,Tarn,tarn,Ensemble,121400.0
MARCHE,82,Tarn-et-Garonne,tarnetgaronne,1 - Beaucoup de difficultés ou ne peut pas du tout,10300.0
MARCHE,82,Tarn-et-Garonne,tarnetgaronne,2 - Quelques difficultés,13600.0
MARCHE,82,Tarn-et-Garonne,tarnetgaronne,3 - Aucune,49500.0
MARCHE,82,Tarn-et-Garonne,tarnetgaronne,Ensemble,73400.0
MARCHE,83,Var,var,1 - Beaucoup de difficultés ou ne peut pas du tout,51500.0
MARCHE,83,Var,var,2 - Quelques difficultés,77500.0
MARCHE,83,Var,var,3 - Aucune,222500.0
MARCHE,83,Var,var,Ensemble,351600.0
MARCHE,84,Vaucluse,vaucluse,1 - Beaucoup de difficultés ou ne peut pas du tout,21600.0
MARCHE,84,Vaucluse,vaucluse,2 - Quelques difficultés,39900.0
MARCHE,84,Vaucluse,vaucluse,3 - Aucune,98400.0
MARCHE,84,Vaucluse,vaucluse,Ensemble,159900.0
MARCHE,85,Vendée,vendee,1 - Beaucoup de difficultés ou ne peut pas du tout,26900.0
MARCHE,85,Vendée,vendee,2 - Quelques difficultés,49700.0
MARCHE,85,Vendée,vendee,3 - Aucune,136400.0
MARCHE,85,Vendée,vendee,Ensemble,213000.0
MARCHE,86,Vienne,vienne,1 - Beaucoup de difficultés ou ne peut pas du tout,14400.0
MARCHE,86,Vienne,vienne,2 - Quelques difficultés,25700.0
MARCHE,86,Vienne,vienne,3 - Aucune,81800.0
MARCHE,86,Vienne,vienne,Ensemble,122000.0
MARCHE,87,Haute-Vienne,hautevienne,1 - Beaucoup de difficultés ou ne peut pas du tout,18000.0
MARCHE,87,Haute-Vienne,hautevienne,2 - Quelques difficultés,25200.0
MARCHE,87,Haute-Vienne,hautevienne,3 - Aucune,72300.0
MARCHE,87,Haute-Vienne,hautevienne,Ensemble,115500.0
MARCHE,88,Vosges,vosges,1 - Beaucoup de difficultés ou ne peut pas du tout,13100.0
MARCHE,88,Vosges,vosges,2 - Quelques difficultés,25100.0
MARCHE,88,Vosges,vosges,3 - Aucune,73400.0
MARCHE,88,Vosges,vosges,Ensemble,111600.0
MARCHE,89,Yonne,yonne,1 - Beaucoup de difficultés ou ne peut pas du tout,16000.0
MARCHE,89,Yonne,yonne,2 - Quelques difficultés,21400.0
MARCHE,89,Yonne,yonne,3 - Aucune,64700.0
MARCHE,89,Yonne,yonne,Ensemble,102000.0
MARCHE,90,Territoire de Belfort,territoiredebelfort,1 - Beaucoup de difficultés ou ne peut pas du tout,5600.0
MARCHE,90,Territoire de Belfort,territoiredebelfort,2 - Quelques difficultés,7500.0
MARCHE,90,Territoire de Belfort,territoiredebelfort,3 - Aucune,23500.0
MARCHE,90,Territoire de Belfort,territoiredebelfort,Ensemble,36600.0
MARCHE,91,Essonne,essonne,1 - Beaucoup de difficultés ou ne peut pas du tout,36600.0
MARCHE,91,Essonne,essonne,2 - Quelques difficultés,62100.0
MARCHE,91,Essonne,essonne,3 - Aucune,161800.0
MARCHE,91,Essonne,essonne,Ensemble,260500.0
MARCHE,92,Hauts-de-Seine,hautsdeseine,1 - Beaucoup de difficultés ou ne peut pas du tout,34800.0
MARCHE,92,Hauts-de-Seine,hautsdeseine,2 - Quelques difficultés,65800.0
MARCHE,92,Hauts-de-Seine,hautsdeseine,3 - Aucune,219500.0
MARCHE,92,Hauts-de-Seine,hautsdeseine,Ensemble,320200.0
MARCHE,93,Seine-Saint-Denis,seinesaintdenis,1 - Beaucoup de difficultés ou ne peut pas du tout,53500.0
MARCHE,93,Seine-Saint-Denis,seinesaintdenis,2 - Quelques difficultés,69700.0
MARCHE,93,Seine-Saint-Denis,seinesaintdenis,3 - Aucune,144100.0
MARCHE,93,Seine-Saint-Denis,seinesaintdenis,Ensemble,267200.0
MARCHE,94,Val-de-Marne,valdemarne,1 - Beaucoup de difficultés ou ne peut pas du tout,39400.0
MARCHE,94,Val-de-Marne,valdemarne,2 - Quelques difficultés,68400.0
MARCHE,94,Val-de-Marne,valdemarne,3 - Aucune,170000.0
MARCHE,94,Val-de-Marne,valdemarne,Ensemble,277700.0
MARCHE,95,Val-d'Oise,valdoise,1 - Beaucoup de difficultés ou ne peut pas du tout,35300.0
MARCHE,95,Val-d'Oise,valdoise,2 - Quelques difficultés,50900.0
MARCHE,95,Val-d'Oise,valdoise,3 - Aucune,147500.0
MARCHE,95,Val-d'Oise,valdoise,Ensemble,233800.0
MARCHE,971,Guadeloupe,guadeloupe,1 - Beaucoup de difficultés ou ne peut pas du tout,21000.0
MARCHE,971,Guadeloupe,guadeloupe,2 - Quelques difficultés,24800.0
MARCHE,971,Guadeloupe,guadeloupe,3 - Aucune,60400.0
MARCHE,971,Guadeloupe,guadeloupe,Ensemble,106200.0
MARCHE,972,Martinique,martinique,1 - Beaucoup de difficultés ou ne peut pas du tout,20600.0
MARCHE,972,Martinique,martinique,2 - Quelques difficultés,25800.0
MARCHE,972,Martinique,martinique,3 - Aucune,62900.0
MARCHE,972,Martinique,martinique,Ensemble,109300.0
MARCHE,973,Guyane,guyane,1 - Beaucoup de difficultés ou ne peut pas du tout,5300.0
MARCHE,973,Guyane,guyane,2 - Quelques difficultés,5600.0
MARCHE,973,Guyane,guyane,3 - Aucune,17600.0
MARCHE,973,Guyane,guyane,Ensemble,28500.0
MARCHE,974,La Réunion,lareunion,1 - Beaucoup de difficultés ou ne peut pas du tout,31000.0
MARCHE,974,La Réunion,lareunion,2 - Quelques difficultés,33800.0
MARCHE,974,La Réunion,lareunion,3 - Aucune,97800.0
MARCHE,974,La Réunion,lareunion,Ensemble,162600.0
MARCHE,976,Mayotte,mayotte,1 - Beaucoup de difficultés ou ne peut pas du tout,3900.0
MARCHE,976,Mayotte,mayotte,2 - Quelques difficultés,3000.0
MARCHE,976,Mayotte,mayotte,3 - Aucune,6200.0
MARCHE,976,Mayotte,mayotte,Ensemble,13100.0
"MARCHE,None,""Lecture > Dans l'Ain, 6 200 personnes de 25 à 59 ans déclarent avoir beaucoup de difficultés pour marcher 500m sur un terrain plat ou monter un étage d'escalier, ou ne pas pouvoir le faire du tout. "
Champ > Personnes de 5 ans ou plus vivant en logement ordinaire en France.
"Sources > Enquête Vie Quotidienne et Santé 2021, DREES."",lecturedanslain6200personnesde25a59ansdeclarentavoirbeaucoupdedifficultespourmarcher500msurunterrainplatoumonterunetagedescalierounepaspouvoirlefairedutoutchamppersonnesde5ansouplusvivantenlogementordinaireenfrancesourcesenqueteviequotidienneetsante2021drees,,"
BRAS,01,Ain,ain,1 - Beaucoup de difficultés ou ne peut pas du tout,8400.0
BRAS,01,Ain,ain,2 - Quelques difficultés,25200.0
BRAS,01,Ain,ain,3 - Aucune,120500.0
BRAS,01,Ain,ain,Ensemble,154000.0
BRAS,02,Aisne,aisne,1 - Beaucoup de difficultés ou ne peut pas du tout,9200.0
BRAS,02,Aisne,aisne,2 - Quelques difficultés,24700.0
BRAS,02,Aisne,aisne,3 - Aucune,108500.0
BRAS,02,Aisne,aisne,Ensemble,142400.0
BRAS,03,Allier,allier,1 - Beaucoup de difficultés ou ne peut pas du tout,7900.0
BRAS,03,Allier,allier,2 - Quelques difficultés,17200.0
BRAS,03,Allier,allier,3 - Aucune,88300.0
BRAS,03,Allier,allier,Ensemble,113400.0
BRAS,04,Alpes-de-Haute-Provence,alpesdehauteprovence,1 - Beaucoup de difficultés ou ne peut pas du tout,2600.0
BRAS,04,Alpes-de-Haute-Provence,alpesdehauteprovence,2 - Quelques difficultés,8900.0
BRAS,04,Alpes-de-Haute-Provence,alpesdehauteprovence,3 - Aucune,43800.0
BRAS,04,Alpes-de-Haute-Provence,alpesdehauteprovence,Ensemble,55300.0
BRAS,05,Hautes-Alpes,hautesalpes,1 - Beaucoup de difficultés ou ne peut pas du tout,3100.0
BRAS,05,Hautes-Alpes,hautesalpes,2 - Quelques difficultés,6900.0
BRAS,05,Hautes-Alpes,hautesalpes,3 - Aucune,34400.0
BRAS,05,Hautes-Alpes,hautesalpes,Ensemble,44400.0
BRAS,06,Alpes-Maritimes,alpesmaritimes,1 - Beaucoup de difficultés ou ne peut pas du tout,24400.0
BRAS,06,Alpes-Maritimes,alpesmaritimes,2 - Quelques difficultés,49000.0
BRAS,06,Alpes-Maritimes,alpesmaritimes,3 - Aucune,253100.0
BRAS,06,Alpes-Maritimes,alpesmaritimes,Ensemble,326500.0
BRAS,07,Ardèche,ardeche,1 - Beaucoup de difficultés ou ne peut pas du tout,5200.0
BRAS,07,Ardèche,ardeche,2 - Quelques difficultés,17400.0
BRAS,07,Ardèche,ardeche,3 - Aucune,79200.0
BRAS,07,Ardèche,ardeche,Ensemble,101800.0
BRAS,08,Ardennes,ardennes,1 - Beaucoup de difficultés ou ne peut pas du tout,5000.0
BRAS,08,Ardennes,ardennes,2 - Quelques difficultés,14700.0
BRAS,08,Ardennes,ardennes,3 - Aucune,56800.0
BRAS,08,Ardennes,ardennes,Ensemble,76500.0
BRAS,09,Ariège,ariege,1 - Beaucoup de difficultés ou ne peut pas du tout,4000.0
BRAS,09,Ariège,ariege,2 - Quelques difficultés,7800.0
BRAS,09,Ariège,ariege,3 - Aucune,39100.0
BRAS,09,Ariège,ariege,Ensemble,50900.0
BRAS,10,Aube,aube,1 - Beaucoup de difficultés ou ne peut pas du tout,4100.0
BRAS,10,Aube,aube,2 - Quelques difficultés,10600.0
BRAS,10,Aube,aube,3 - Aucune,69500.0
BRAS,10,Aube,aube,Ensemble,84200.0
BRAS,11,Aude,aude,1 - Beaucoup de difficultés ou ne peut pas du tout,9700.0
BRAS,11,Aude,aude,2 - Quelques difficultés,22300.0
BRAS,11,Aude,aude,3 - Aucune,91700.0
BRAS,11,Aude,aude,Ensemble,123700.0
BRAS,12,Aveyron,aveyron,1 - Beaucoup de difficultés ou ne peut pas du tout,4800.0
BRAS,12,Aveyron,aveyron,2 - Quelques difficultés,11900.0
BRAS,12,Aveyron,aveyron,3 - Aucune,76100.0
BRAS,12,Aveyron,aveyron,Ensemble,92800.0
BRAS,13,Bouches-du-Rhône,bouchesdurhone,1 - Beaucoup de difficultés ou ne peut pas du tout,43500.0
BRAS,13,Bouches-du-Rhône,bouchesdurhone,2 - Quelques difficultés,81900.0
BRAS,13,Bouches-du-Rhône,bouchesdurhone,3 - Aucune,404000.0
BRAS,13,Bouches-du-Rhône,bouchesdurhone,Ensemble,529400.0
BRAS,14,Calvados,calvados,1 - Beaucoup de difficultés ou ne peut pas du tout,11600.0
BRAS,14,Calvados,calvados,2 - Quelques difficultés,22800.0
BRAS,14,Calvados,calvados,3 - Aucune,160200.0
BRAS,14,Calvados,calvados,Ensemble,194600.0
BRAS,15,Cantal,cantal,1 - Beaucoup de difficultés ou ne peut pas du tout,2600.0
BRAS,15,Cantal,cantal,2 - Quelques difficultés,8200.0
BRAS,15,Cantal,cantal,3 - Aucune,38700.0
BRAS,15,Cantal,cantal,Ensemble,49500.0
BRAS,16,Charente,charente,1 - Beaucoup de difficultés ou ne peut pas du tout,7000.0
BRAS,16,Charente,charente,2 - Quelques difficultés,15800.0
BRAS,16,Charente,charente,3 - Aucune,88400.0
BRAS,16,Charente,charente,Ensemble,111300.0
BRAS,17,Charente-Maritime,charentemaritime,1 - Beaucoup de difficultés ou ne peut pas du tout,12200.0
BRAS,17,Charente-Maritime,charentemaritime,2 - Quelques difficultés,32600.0
BRAS,17,Charente-Maritime,charentemaritime,3 - Aucune,182800.0
BRAS,17,Charente-Maritime,charentemaritime,Ensemble,227600.0
BRAS,18,Cher,cher,1 - Beaucoup de difficultés ou ne peut pas du tout,5200.0
BRAS,18,Cher,cher,2 - Quelques difficultés,15300.0
BRAS,18,Cher,cher,3 - Aucune,75300.0
BRAS,18,Cher,cher,Ensemble,95800.0
BRAS,19,Corrèze,correze,1 - Beaucoup de difficultés ou ne peut pas du tout,7000.0
BRAS,19,Corrèze,correze,2 - Quelques difficultés,12400.0
BRAS,19,Corrèze,correze,3 - Aucune,62100.0
BRAS,19,Corrèze,correze,Ensemble,81500.0
BRAS,21,Côte-d'Or,cotedor,1 - Beaucoup de difficultés ou ne peut pas du tout,6900.0
BRAS,21,Côte-d'Or,cotedor,2 - Quelques difficultés,21100.0
BRAS,21,Côte-d'Or,cotedor,3 - Aucune,114100.0
BRAS,21,Côte-d'Or,cotedor,Ensemble,142100.0
BRAS,22,Côtes d'Armor,cotesdarmor,1 - Beaucoup de difficultés ou ne peut pas du tout,10100.0
BRAS,22,Côtes d'Armor,cotesdarmor,2 - Quelques difficultés,25600.0
BRAS,22,Côtes d'Armor,cotesdarmor,3 - Aucune,160500.0
BRAS,22,Côtes d'Armor,cotesdarmor,Ensemble,196200.0
BRAS,23,Creuse,creuse,1 - Beaucoup de difficultés ou ne peut pas du tout,4300.0
BRAS,23,Creuse,creuse,2 - Quelques difficultés,7700.0
BRAS,23,Creuse,creuse,3 - Aucune,32000.0
BRAS,23,Creuse,creuse,Ensemble,43900.0
BRAS,24,Dordogne,dordogne,1 - Beaucoup de difficultés ou ne peut pas du tout,8600.0
BRAS,24,Dordogne,dordogne,2 - Quelques difficultés,24900.0
BRAS,24,Dordogne,dordogne,3 - Aucune,116400.0
BRAS,24,Dordogne,dordogne,Ensemble,149900.0
BRAS,25,Doubs,doubs,1 - Beaucoup de difficultés ou ne peut pas du tout,8200.0
BRAS,25,Doubs,doubs,2 - Quelques difficultés,19800.0
BRAS,25,Doubs,doubs,3 - Aucune,108400.0
BRAS,25,Doubs,doubs,Ensemble,136400.0
BRAS,26,Drôme,drome,1 - Beaucoup de difficultés ou ne peut pas du tout,7600.0
BRAS,26,Drôme,drome,2 - Quelques difficultés,20300.0
BRAS,26,Drôme,drome,3 - Aucune,116900.0
BRAS,26,Drôme,drome,Ensemble,144800.0
BRAS,27,Eure,eure,1 - Beaucoup de difficultés ou ne peut pas du tout,8500.0
BRAS,27,Eure,eure,2 - Quelques difficultés,26300.0
BRAS,27,Eure,eure,3 - Aucune,118400.0
BRAS,27,Eure,eure,Ensemble,153200.0
BRAS,28,Eure-et-Loire,eureetloire,1 - Beaucoup de difficultés ou ne peut pas du tout,5400.0
BRAS,28,Eure-et-Loire,eureetloire,2 - Quelques difficultés,22000.0
BRAS,28,Eure-et-Loire,eureetloire,3 - Aucune,87800.0
BRAS,28,Eure-et-Loire,eureetloire,Ensemble,115200.0
BRAS,29,Finistère,finistere,1 - Beaucoup de difficultés ou ne peut pas du tout,20200.0
BRAS,29,Finistère,finistere,2 - Quelques difficultés,37000.0
BRAS,29,Finistère,finistere,3 - Aucune,221800.0
BRAS,29,Finistère,finistere,Ensemble,278900.0
BRAS,2A,Corse-du-Sud,corsedusud,1 - Beaucoup de difficultés ou ne peut pas du tout,4500.0
BRAS,2A,Corse-du-Sud,corsedusud,2 - Quelques difficultés,8500.0
BRAS,2A,Corse-du-Sud,corsedusud,3 - Aucune,35800.0
BRAS,2A,Corse-du-Sud,corsedusud,Ensemble,48800.0
BRAS,2B,Haute-Corse,hautecorse,1 - Beaucoup de difficultés ou ne peut pas du tout,4700.0
BRAS,2B,Haute-Corse,hautecorse,2 - Quelques difficultés,9300.0
BRAS,2B,Haute-Corse,hautecorse,3 - Aucune,39800.0
BRAS,2B,Haute-Corse,hautecorse,Ensemble,53700.0
BRAS,30,Gard,gard,1 - Beaucoup de difficultés ou ne peut pas du tout,12100.0
BRAS,30,Gard,gard,2 - Quelques difficultés,35700.0
BRAS,30,Gard,gard,3 - Aucune,176200.0
BRAS,30,Gard,gard,Ensemble,224000.0
BRAS,31,Haute-Garonne,hautegaronne,1 - Beaucoup de difficultés ou ne peut pas du tout,22900.0
BRAS,31,Haute-Garonne,hautegaronne,2 - Quelques difficultés,45700.0
BRAS,31,Haute-Garonne,hautegaronne,3 - Aucune,235100.0
BRAS,31,Haute-Garonne,hautegaronne,Ensemble,303700.0
BRAS,32,Gers,gers,1 - Beaucoup de difficultés ou ne peut pas du tout,3900.0
BRAS,32,Gers,gers,2 - Quelques difficultés,9200.0
BRAS,32,Gers,gers,3 - Aucune,52900.0
BRAS,32,Gers,gers,Ensemble,66100.0
BRAS,33,Gironde,gironde,1 - Beaucoup de difficultés ou ne peut pas du tout,29600.0
BRAS,33,Gironde,gironde,2 - Quelques difficultés,56900.0
BRAS,33,Gironde,gironde,3 - Aucune,319100.0
BRAS,33,Gironde,gironde,Ensemble,405600.0
BRAS,34,Hérault,herault,1 - Beaucoup de difficultés ou ne peut pas du tout,18400.0
BRAS,34,Hérault,herault,2 - Quelques difficultés,45700.0
BRAS,34,Hérault,herault,3 - Aucune,260200.0
BRAS,34,Hérault,herault,Ensemble,324300.0
BRAS,35,Ille-et-Vilaine,illeetvilaine,1 - Beaucoup de difficultés ou ne peut pas du tout,16800.0
BRAS,35,Ille-et-Vilaine,illeetvilaine,2 - Quelques difficultés,30800.0
BRAS,35,Ille-et-Vilaine,illeetvilaine,3 - Aucune,202900.0
BRAS,35,Ille-et-Vilaine,illeetvilaine,Ensemble,250500.0
BRAS,36,Indre,indre,1 - Beaucoup de difficultés ou ne peut pas du tout,5200.0
BRAS,36,Indre,indre,2 - Quelques difficultés,12600.0
BRAS,36,Indre,indre,3 - Aucune,57900.0
BRAS,36,Indre,indre,Ensemble,75600.0
BRAS,37,Indre-et-Loire,indreetloire,1 - Beaucoup de difficultés ou ne peut pas du tout,4700.0
BRAS,37,Indre-et-Loire,indreetloire,2 - Quelques difficultés,20600.0
BRAS,37,Indre-et-Loire,indreetloire,3 - Aucune,142000.0
BRAS,37,Indre-et-Loire,indreetloire,Ensemble,167300.0
BRAS,38,Isère,isere,1 - Beaucoup de difficultés ou ne peut pas du tout,18100.0
BRAS,38,Isère,isere,2 - Quelques difficultés,43700.0
BRAS,38,Isère,isere,3 - Aucune,244800.0
BRAS,38,Isère,isere,Ensemble,306600.0
BRAS,39,Jura,jura,1 - Beaucoup de difficultés ou ne peut pas du tout,3400.0
BRAS,39,Jura,jura,2 - Quelques difficultés,12000.0
BRAS,39,Jura,jura,3 - Aucune,62400.0
BRAS,39,Jura,jura,Ensemble,77800.0
BRAS,40,Landes,landes,1 - Beaucoup de difficultés ou ne peut pas du tout,12100.0
BRAS,40,Landes,landes,2 - Quelques difficultés,20100.0
BRAS,40,Landes,landes,3 - Aucune,101900.0
BRAS,40,Landes,landes,Ensemble,134100.0
BRAS,41,Loir-et-Cher,loiretcher,1 - Beaucoup de difficultés ou ne peut pas du tout,6000.0
BRAS,41,Loir-et-Cher,loiretcher,2 - Quelques difficultés,17200.0
BRAS,41,Loir-et-Cher,loiretcher,3 - Aucune,78700.0
BRAS,41,Loir-et-Cher,loiretcher,Ensemble,101900.0
BRAS,42,Loire,loire,1 - Beaucoup de difficultés ou ne peut pas du tout,11300.0
BRAS,42,Loire,loire,2 - Quelques difficultés,34400.0
BRAS,42,Loire,loire,3 - Aucune,164100.0
BRAS,42,Loire,loire,Ensemble,209800.0
BRAS,43,Haute-Loire,hauteloire,1 - Beaucoup de difficultés ou ne peut pas du tout,4800.0
BRAS,43,Haute-Loire,hauteloire,2 - Quelques difficultés,12300.0
BRAS,43,Haute-Loire,hauteloire,3 - Aucune,52200.0
BRAS,43,Haute-Loire,hauteloire,Ensemble,69300.0
BRAS,44,Loire-Atlantique,loireatlantique,1 - Beaucoup de difficultés ou ne peut pas du tout,20400.0
BRAS,44,Loire-Atlantique,loireatlantique,2 - Quelques difficultés,37100.0
BRAS,44,Loire-Atlantique,loireatlantique,3 - Aucune,278400.0
BRAS,44,Loire-Atlantique,loireatlantique,Ensemble,335900.0
BRAS,45,Loiret,loiret,1 - Beaucoup de difficultés ou ne peut pas du tout,14100.0
BRAS,45,Loiret,loiret,2 - Quelques difficultés,22400.0
BRAS,45,Loiret,loiret,3 - Aucune,138100.0
BRAS,45,Loiret,loiret,Ensemble,174600.0
BRAS,46,Lot,lot,1 - Beaucoup de difficultés ou ne peut pas du tout,2800.0
BRAS,46,Lot,lot,2 - Quelques difficultés,10500.0
BRAS,46,Lot,lot,3 - Aucune,51800.0
BRAS,46,Lot,lot,Ensemble,65200.0
BRAS,47,Lot-et-Garonne,lotetgaronne,1 - Beaucoup de difficultés ou ne peut pas du tout,5400.0
BRAS,47,Lot-et-Garonne,lotetgaronne,2 - Quelques difficultés,14300.0
BRAS,47,Lot-et-Garonne,lotetgaronne,3 - Aucune,88400.0
BRAS,47,Lot-et-Garonne,lotetgaronne,Ensemble,108100.0
BRAS,48,Lozère,lozere,1 - Beaucoup de difficultés ou ne peut pas du tout,1200.0
BRAS,48,Lozère,lozere,2 - Quelques difficultés,3600.0
BRAS,48,Lozère,lozere,3 - Aucune,18800.0
BRAS,48,Lozère,lozere,Ensemble,23600.0
BRAS,49,Maine-et-Loire,maineetloire,1 - Beaucoup de difficultés ou ne peut pas du tout,13600.0
BRAS,49,Maine-et-Loire,maineetloire,2 - Quelques difficultés,26500.0
BRAS,49,Maine-et-Loire,maineetloire,3 - Aucune,171500.0
BRAS,49,Maine-et-Loire,maineetloire,Ensemble,211600.0
BRAS,50,Manche,manche,1 - Beaucoup de difficultés ou ne peut pas du tout,9600.0
BRAS,50,Manche,manche,2 - Quelques difficultés,26400.0
BRAS,50,Manche,manche,3 - Aucune,120700.0
BRAS,50,Manche,manche,Ensemble,156700.0
BRAS,51,Marne,marne,1 - Beaucoup de difficultés ou ne peut pas du tout,9300.0
BRAS,51,Marne,marne,2 - Quelques difficultés,21100.0
BRAS,51,Marne,marne,3 - Aucune,111700.0
BRAS,51,Marne,marne,Ensemble,142100.0
BRAS,52,Haute-Marne,hautemarne,1 - Beaucoup de difficultés ou ne peut pas du tout,3700.0
BRAS,52,Haute-Marne,hautemarne,2 - Quelques difficultés,8400.0
BRAS,52,Haute-Marne,hautemarne,3 - Aucune,41700.0
BRAS,52,Haute-Marne,hautemarne,Ensemble,53800.0
BRAS,53,Mayenne,mayenne,1 - Beaucoup de difficultés ou ne peut pas du tout,6900.0
BRAS,53,Mayenne,mayenne,2 - Quelques difficultés,12500.0
BRAS,53,Mayenne,mayenne,3 - Aucune,65400.0
BRAS,53,Mayenne,mayenne,Ensemble,84800.0
BRAS,54,Meurthe-et-Moselle,meurtheetmoselle,1 - Beaucoup de difficultés ou ne peut pas du tout,11200.0
BRAS,54,Meurthe-et-Moselle,meurtheetmoselle,2 - Quelques difficultés,24900.0
BRAS,54,Meurthe-et-Moselle,meurtheetmoselle,3 - Aucune,147500.0
BRAS,54,Meurthe-et-Moselle,meurtheetmoselle,Ensemble,183600.0
BRAS,55,Meuse,meuse,1 - Beaucoup de difficultés ou ne peut pas du tout,3500.0
BRAS,55,Meuse,meuse,2 - Quelques difficultés,9900.0
BRAS,55,Meuse,meuse,3 - Aucune,40400.0
BRAS,55,Meuse,meuse,Ensemble,53800.0
BRAS,56,Morbihan,morbihan,1 - Beaucoup de difficultés ou ne peut pas du tout,13700.0
BRAS,56,Morbihan,morbihan,2 - Quelques difficultés,28300.0
BRAS,56,Morbihan,morbihan,3 - Aucune,199700.0
BRAS,56,Morbihan,morbihan,Ensemble,241700.0
BRAS,57,Moselle,moselle,1 - Beaucoup de difficultés ou ne peut pas du tout,23200.0
BRAS,57,Moselle,moselle,2 - Quelques difficultés,52500.0
BRAS,57,Moselle,moselle,3 - Aucune,199400.0
BRAS,57,Moselle,moselle,Ensemble,275100.0
BRAS,58,Nièvre,nievre,1 - Beaucoup de difficultés ou ne peut pas du tout,5900.0
BRAS,58,Nièvre,nievre,2 - Quelques difficultés,12900.0
BRAS,58,Nièvre,nievre,3 - Aucune,53900.0
BRAS,58,Nièvre,nievre,Ensemble,72700.0
BRAS,59,Nord,nord,1 - Beaucoup de difficultés ou ne peut pas du tout,48700.0
BRAS,59,Nord,nord,2 - Quelques difficultés,103800.0
BRAS,59,Nord,nord,3 - Aucune,435400.0
BRAS,59,Nord,nord,Ensemble,587800.0
BRAS,60,Oise,oise,1 - Beaucoup de difficultés ou ne peut pas du tout,13200.0
BRAS,60,Oise,oise,2 - Quelques difficultés,26800.0
BRAS,60,Oise,oise,3 - Aucune,149700.0
BRAS,60,Oise,oise,Ensemble,189600.0
BRAS,61,Orne,orne,1 - Beaucoup de difficultés ou ne peut pas du tout,6200.0
BRAS,61,Orne,orne,2 - Quelques difficultés,13500.0
BRAS,61,Orne,orne,3 - Aucune,70100.0
BRAS,61,Orne,orne,Ensemble,89800.0
BRAS,62,Pas-de-Calais,pasdecalais,1 - Beaucoup de difficultés ou ne peut pas du tout,33800.0
BRAS,62,Pas-de-Calais,pasdecalais,2 - Quelques difficultés,67100.0
BRAS,62,Pas-de-Calais,pasdecalais,3 - Aucune,267700.0
BRAS,62,Pas-de-Calais,pasdecalais,Ensemble,368500.0
BRAS,63,Puy-de-Dôme,puydedome,1 - Beaucoup de difficultés ou ne peut pas du tout,11800.0
BRAS,63,Puy-de-Dôme,puydedome,2 - Quelques difficultés,30200.0
BRAS,63,Puy-de-Dôme,puydedome,3 - Aucune,140100.0
BRAS,63,Puy-de-Dôme,puydedome,Ensemble,182100.0
BRAS,64,Pyrénées-Atlantiques,pyreneesatlantiques,1 - Beaucoup de difficultés ou ne peut pas du tout,10500.0
BRAS,64,Pyrénées-Atlantiques,pyreneesatlantiques,2 - Quelques difficultés,26400.0
BRAS,64,Pyrénées-Atlantiques,pyreneesatlantiques,3 - Aucune,171200.0
BRAS,64,Pyrénées-Atlantiques,pyreneesatlantiques,Ensemble,208000.0
BRAS,65,Hautes-Pyrénées,hautespyrenees,1 - Beaucoup de difficultés ou ne peut pas du tout,6600.0
BRAS,65,Hautes-Pyrénées,hautespyrenees,2 - Quelques difficultés,10500.0
BRAS,65,Hautes-Pyrénées,hautespyrenees,3 - Aucune,59600.0
BRAS,65,Hautes-Pyrénées,hautespyrenees,Ensemble,76700.0
BRAS,66,Pyrénées-Orientales,pyreneesorientales,1 - Beaucoup de difficultés ou ne peut pas du tout,14600.0
BRAS,66,Pyrénées-Orientales,pyreneesorientales,2 - Quelques difficultés,22300.0
BRAS,66,Pyrénées-Orientales,pyreneesorientales,3 - Aucune,119800.0
BRAS,66,Pyrénées-Orientales,pyreneesorientales,Ensemble,156700.0
BRAS,67,Bas-Rhin,basrhin,1 - Beaucoup de difficultés ou ne peut pas du tout,15400.0
BRAS,67,Bas-Rhin,basrhin,2 - Quelques difficultés,42400.0
BRAS,67,Bas-Rhin,basrhin,3 - Aucune,224000.0
BRAS,67,Bas-Rhin,basrhin,Ensemble,281800.0
BRAS,68,Haut-Rhin,hautrhin,1 - Beaucoup de difficultés ou ne peut pas du tout,12100.0
BRAS,68,Haut-Rhin,hautrhin,2 - Quelques difficultés,27400.0
BRAS,68,Haut-Rhin,hautrhin,3 - Aucune,161000.0
BRAS,68,Haut-Rhin,hautrhin,Ensemble,200500.0
BRAS,69,Rhône,rhone,1 - Beaucoup de difficultés ou ne peut pas du tout,24000.0
BRAS,69,Rhône,rhone,2 - Quelques difficultés,54700.0
BRAS,69,Rhône,rhone,3 - Aucune,322200.0
BRAS,69,Rhône,rhone,Ensemble,400900.0
BRAS,70,Haute-Saône,hautesaone,1 - Beaucoup de difficultés ou ne peut pas du tout,5000.0
BRAS,70,Haute-Saône,hautesaone,2 - Quelques difficultés,12400.0
BRAS,70,Haute-Saône,hautesaone,3 - Aucune,53100.0
BRAS,70,Haute-Saône,hautesaone,Ensemble,70500.0
BRAS,71,Saône-et-Loire,saoneetloire,1 - Beaucoup de difficultés ou ne peut pas du tout,11200.0
BRAS,71,Saône-et-Loire,saoneetloire,2 - Quelques difficultés,26000.0
BRAS,71,Saône-et-Loire,saoneetloire,3 - Aucune,139800.0
BRAS,71,Saône-et-Loire,saoneetloire,Ensemble,177000.0
BRAS,72,Sarthe,sarthe,1 - Beaucoup de difficultés ou ne peut pas du tout,8800.0
BRAS,72,Sarthe,sarthe,2 - Quelques difficultés,22100.0
BRAS,72,Sarthe,sarthe,3 - Aucune,128200.0
BRAS,72,Sarthe,sarthe,Ensemble,159100.0
BRAS,73,Savoie,savoie,1 - Beaucoup de difficultés ou ne peut pas du tout,6200.0
BRAS,73,Savoie,savoie,2 - Quelques difficultés,14400.0
BRAS,73,Savoie,savoie,3 - Aucune,96800.0
BRAS,73,Savoie,savoie,Ensemble,117400.0
BRAS,74,Haute-Savoie,hautesavoie,1 - Beaucoup de difficultés ou ne peut pas du tout,9100.0
BRAS,74,Haute-Savoie,hautesavoie,2 - Quelques difficultés,26700.0
BRAS,74,Haute-Savoie,hautesavoie,3 - Aucune,148300.0
BRAS,74,Haute-Savoie,hautesavoie,Ensemble,184100.0
BRAS,75,Paris,paris,1 - Beaucoup de difficultés ou ne peut pas du tout,17100.0
BRAS,75,Paris,paris,2 - Quelques difficultés,49000.0
BRAS,75,Paris,paris,3 - Aucune,406400.0
BRAS,75,Paris,paris,Ensemble,472500.0
BRAS,76,Seine-Maritime,seinemaritime,1 - Beaucoup de difficultés ou ne peut pas du tout,17500.0
BRAS,76,Seine-Maritime,seinemaritime,2 - Quelques difficultés,48400.0
BRAS,76,Seine-Maritime,seinemaritime,3 - Aucune,258700.0
BRAS,76,Seine-Maritime,seinemaritime,Ensemble,324600.0
BRAS,77,Seine-et-Marne,seineetmarne,1 - Beaucoup de difficultés ou ne peut pas du tout,12700.0
BRAS,77,Seine-et-Marne,seineetmarne,2 - Quelques difficultés,36200.0
BRAS,77,Seine-et-Marne,seineetmarne,3 - Aucune,237000.0
BRAS,77,Seine-et-Marne,seineetmarne,Ensemble,285800.0
BRAS,78,Yvelines,yvelines,1 - Beaucoup de difficultés ou ne peut pas du tout,8900.0
BRAS,78,Yvelines,yvelines,2 - Quelques difficultés,37400.0
BRAS,78,Yvelines,yvelines,3 - Aucune,267500.0
BRAS,78,Yvelines,yvelines,Ensemble,313800.0
BRAS,79,Deux-Sèvres,deuxsevres,1 - Beaucoup de difficultés ou ne peut pas du tout,6500.0
BRAS,79,Deux-Sèvres,deuxsevres,2 - Quelques difficultés,16400.0
BRAS,79,Deux-Sèvres,deuxsevres,3 - Aucune,87700.0
BRAS,79,Deux-Sèvres,deuxsevres,Ensemble,110600.0
BRAS,80,Somme,somme,1 - Beaucoup de difficultés ou ne peut pas du tout,13000.0
BRAS,80,Somme,somme,2 - Quelques difficultés,27000.0
BRAS,80,Somme,somme,3 - Aucune,107000.0
BRAS,80,Somme,somme,Ensemble,147100.0
BRAS,81,Tarn,tarn,1 - Beaucoup de difficultés ou ne peut pas du tout,7300.0
BRAS,81,Tarn,tarn,2 - Quelques difficultés,21200.0
BRAS,81,Tarn,tarn,3 - Aucune,92800.0
BRAS,81,Tarn,tarn,Ensemble,121400.0
BRAS,82,Tarn-et-Garonne,tarnetgaronne,1 - Beaucoup de difficultés ou ne peut pas du tout,6500.0
BRAS,82,Tarn-et-Garonne,tarnetgaronne,2 - Quelques difficultés,11400.0
BRAS,82,Tarn-et-Garonne,tarnetgaronne,3 - Aucune,55500.0
BRAS,82,Tarn-et-Garonne,tarnetgaronne,Ensemble,73400.0
BRAS,83,Var,var,1 - Beaucoup de difficultés ou ne peut pas du tout,24600.0
BRAS,83,Var,var,2 - Quelques difficultés,50200.0
BRAS,83,Var,var,3 - Aucune,276800.0
BRAS,83,Var,var,Ensemble,351600.0
BRAS,84,Vaucluse,vaucluse,1 - Beaucoup de difficultés ou ne peut pas du tout,7300.0
BRAS,84,Vaucluse,vaucluse,2 - Quelques difficultés,27500.0
BRAS,84,Vaucluse,vaucluse,3 - Aucune,125000.0
BRAS,84,Vaucluse,vaucluse,Ensemble,159900.0
BRAS,85,Vendée,vendee,1 - Beaucoup de difficultés ou ne peut pas du tout,10400.0
BRAS,85,Vendée,vendee,2 - Quelques difficultés,36600.0
BRAS,85,Vendée,vendee,3 - Aucune,166000.0
BRAS,85,Vendée,vendee,Ensemble,213000.0
BRAS,86,Vienne,vienne,1 - Beaucoup de difficultés ou ne peut pas du tout,5700.0
BRAS,86,Vienne,vienne,2 - Quelques difficultés,18600.0
BRAS,86,Vienne,vienne,3 - Aucune,97700.0
BRAS,86,Vienne,vienne,Ensemble,122000.0
BRAS,87,Haute-Vienne,hautevienne,1 - Beaucoup de difficultés ou ne peut pas du tout,10600.0
BRAS,87,Haute-Vienne,hautevienne,2 - Quelques difficultés,17600.0
BRAS,87,Haute-Vienne,hautevienne,3 - Aucune,87200.0
BRAS,87,Haute-Vienne,hautevienne,Ensemble,115500.0
BRAS,88,Vosges,vosges,1 - Beaucoup de difficultés ou ne peut pas du tout,6600.0
BRAS,88,Vosges,vosges,2 - Quelques difficultés,16900.0
BRAS,88,Vosges,vosges,3 - Aucune,88200.0
BRAS,88,Vosges,vosges,Ensemble,111600.0
BRAS,89,Yonne,yonne,1 - Beaucoup de difficultés ou ne peut pas du tout,4900.0
BRAS,89,Yonne,yonne,2 - Quelques difficultés,16500.0
BRAS,89,Yonne,yonne,3 - Aucune,80600.0
BRAS,89,Yonne,yonne,Ensemble,102000.0
BRAS,90,Territoire de Belfort,territoiredebelfort,1 - Beaucoup de difficultés ou ne peut pas du tout,1400.0
BRAS,90,Territoire de Belfort,territoiredebelfort,2 - Quelques difficultés,5000.0
BRAS,90,Territoire de Belfort,territoiredebelfort,3 - Aucune,30100.0
BRAS,90,Territoire de Belfort,territoiredebelfort,Ensemble,36600.0
BRAS,91,Essonne,essonne,1 - Beaucoup de difficultés ou ne peut pas du tout,19600.0
BRAS,91,Essonne,essonne,2 - Quelques difficultés,34200.0
BRAS,91,Essonne,essonne,3 - Aucune,206700.0
BRAS,91,Essonne,essonne,Ensemble,260500.0
BRAS,92,Hauts-de-Seine,hautsdeseine,1 - Beaucoup de difficultés ou ne peut pas du tout,16200.0
BRAS,92,Hauts-de-Seine,hautsdeseine,2 - Quelques difficultés,36300.0
BRAS,92,Hauts-de-Seine,hautsdeseine,3 - Aucune,267700.0
BRAS,92,Hauts-de-Seine,hautsdeseine,Ensemble,320200.0
BRAS,93,Seine-Saint-Denis,seinesaintdenis,1 - Beaucoup de difficultés ou ne peut pas du tout,18500.0
BRAS,93,Seine-Saint-Denis,seinesaintdenis,2 - Quelques difficultés,40300.0
BRAS,93,Seine-Saint-Denis,seinesaintdenis,3 - Aucune,208400.0
BRAS,93,Seine-Saint-Denis,seinesaintdenis,Ensemble,267200.0
BRAS,94,Val-de-Marne,valdemarne,1 - Beaucoup de difficultés ou ne peut pas du tout,13600.0
BRAS,94,Val-de-Marne,valdemarne,2 - Quelques difficultés,38100.0
BRAS,94,Val-de-Marne,valdemarne,3 - Aucune,226000.0
BRAS,94,Val-de-Marne,valdemarne,Ensemble,277700.0
BRAS,95,Val-d'Oise,valdoise,1 - Beaucoup de difficultés ou ne peut pas du tout,14800.0
BRAS,95,Val-d'Oise,valdoise,2 - Quelques difficultés,30600.0
BRAS,95,Val-d'Oise,valdoise,3 - Aucune,188400.0
BRAS,95,Val-d'Oise,valdoise,Ensemble,233800.0
BRAS,971,Guadeloupe,guadeloupe,1 - Beaucoup de difficultés ou ne peut pas du tout,9600.0
BRAS,971,Guadeloupe,guadeloupe,2 - Quelques difficultés,20500.0
BRAS,971,Guadeloupe,guadeloupe,3 - Aucune,76200.0
BRAS,971,Guadeloupe,guadeloupe,Ensemble,106200.0
BRAS,972,Martinique,martinique,1 - Beaucoup de difficultés ou ne peut pas du tout,8900.0
BRAS,972,Martinique,martinique,2 - Quelques difficultés,19900.0
BRAS,972,Martinique,martinique,3 - Aucune,80500.0
BRAS,972,Martinique,martinique,Ensemble,109300.0
BRAS,973,Guyane,guyane,1 - Beaucoup de difficultés ou ne peut pas du tout,1700.0
BRAS,973,Guyane,guyane,2 - Quelques difficultés,4700.0
BRAS,973,Guyane,guyane,3 - Aucune,22100.0
BRAS,973,Guyane,guyane,Ensemble,28500.0
BRAS,974,La Réunion,lareunion,1 - Beaucoup de difficultés ou ne peut pas du tout,11800.0
BRAS,974,La Réunion,lareunion,2 - Quelques difficultés,25900.0
BRAS,974,La Réunion,lareunion,3 - Aucune,125000.0
BRAS,974,La Réunion,lareunion,Ensemble,162600.0
BRAS,976,Mayotte,mayotte,1 - Beaucoup de difficultés ou ne peut pas du tout,800.0
BRAS,976,Mayotte,mayotte,2 - Quelques difficultés,1500.0
BRAS,976,Mayotte,mayotte,3 - Aucune,10800.0
BRAS,976,Mayotte,mayotte,Ensemble,13100.0
"BRAS,None,""Lecture > Dans l'Ain, 6 500 personnes de 25 à 59 ans déclarent beaucoup de difficultés pour lever un bras au-dessus de la tête ou ne pas pouvoir le faire du tout. "
Champ > Personnes de 5 ans ou plus vivant en logement ordinaire en France.
"Sources > Enquête Vie Quotidienne et Santé 2021, DREES."",lecturedanslain6500personnesde25a59ansdeclarentbeaucoupdedifficultespourleverunbrasaudessusdelateteounepaspouvoirlefairedutoutchamppersonnesde5ansouplusvivantenlogementordinaireenfrancesourcesenqueteviequotidienneetsante2021drees,,"
MAIN,01,Ain,ain,1 - Beaucoup de difficultés ou ne peut pas du tout,4000.0
MAIN,01,Ain,ain,2 - Quelques difficultés,20900.0
MAIN,01,Ain,ain,3 - Aucune,129100.0
MAIN,01,Ain,ain,Ensemble,154000.0
MAIN,02,Aisne,aisne,1 - Beaucoup de difficultés ou ne peut pas du tout,6600.0
MAIN,02,Aisne,aisne,2 - Quelques difficultés,16200.0
MAIN,02,Aisne,aisne,3 - Aucune,119600.0
MAIN,02,Aisne,aisne,Ensemble,142400.0
MAIN,03,Allier,allier,1 - Beaucoup de difficultés ou ne peut pas du tout,3800.0
MAIN,03,Allier,allier,2 - Quelques difficultés,17800.0
MAIN,03,Allier,allier,3 - Aucune,91800.0
MAIN,03,Allier,allier,Ensemble,113400.0
MAIN,04,Alpes-de-Haute-Provence,alpesdehauteprovence,1 - Beaucoup de difficultés ou ne peut pas du tout,2700.0
MAIN,04,Alpes-de-Haute-Provence,alpesdehauteprovence,2 - Quelques difficultés,8000.0
MAIN,04,Alpes-de-Haute-Provence,alpesdehauteprovence,3 - Aucune,44600.0
MAIN,04,Alpes-de-Haute-Provence,alpesdehauteprovence,Ensemble,55300.0
MAIN,05,Hautes-Alpes,hautesalpes,1 - Beaucoup de difficultés ou ne peut pas du tout,2000.0
MAIN,05,Hautes-Alpes,hautesalpes,2 - Quelques difficultés,5900.0
MAIN,05,Hautes-Alpes,hautesalpes,3 - Aucune,36500.0
MAIN,05,Hautes-Alpes,hautesalpes,Ensemble,44400.0
MAIN,06,Alpes-Maritimes,alpesmaritimes,1 - Beaucoup de difficultés ou ne peut pas du tout,16400.0
MAIN,06,Alpes-Maritimes,alpesmaritimes,2 - Quelques difficultés,43300.0
MAIN,06,Alpes-Maritimes,alpesmaritimes,3 - Aucune,266900.0
MAIN,06,Alpes-Maritimes,alpesmaritimes,Ensemble,326500.0
MAIN,07,Ardèche,ardeche,1 - Beaucoup de difficultés ou ne peut pas du tout,4300.0
MAIN,07,Ardèche,ardeche,2 - Quelques difficultés,12200.0
MAIN,07,Ardèche,ardeche,3 - Aucune,85300.0
MAIN,07,Ardèche,ardeche,Ensemble,101800.0
MAIN,08,Ardennes,ardennes,1 - Beaucoup de difficultés ou ne peut pas du tout,3300.0
MAIN,08,Ardennes,ardennes,2 - Quelques difficultés,11800.0
MAIN,08,Ardennes,ardennes,3 - Aucune,61400.0
MAIN,08,Ardennes,ardennes,Ensemble,76500.0
MAIN,09,Ariège,ariege,1 - Beaucoup de difficultés ou ne peut pas du tout,2400.0
MAIN,09,Ariège,ariege,2 - Quelques difficultés,8700.0
MAIN,09,Ariège,ariege,3 - Aucune,39800.0
MAIN,09,Ariège,ariege,Ensemble,50900.0
MAIN,10,Aube,aube,1 - Beaucoup de difficultés ou ne peut pas du tout,4000.0
MAIN,10,Aube,aube,2 - Quelques difficultés,10700.0
MAIN,10,Aube,aube,3 - Aucune,69500.0
MAIN,10,Aube,aube,Ensemble,84200.0
MAIN,11,Aude,aude,1 - Beaucoup de difficultés ou ne peut pas du tout,6800.0
MAIN,11,Aude,aude,2 - Quelques difficultés,17700.0
MAIN,11,Aude,aude,3 - Aucune,99300.0
MAIN,11,Aude,aude,Ensemble,123700.0
MAIN,12,Aveyron,aveyron,1 - Beaucoup de difficultés ou ne peut pas du tout,2600.0
MAIN,12,Aveyron,aveyron,2 - Quelques difficultés,12100.0
MAIN,12,Aveyron,aveyron,3 - Aucune,78100.0
MAIN,12,Aveyron,aveyron,Ensemble,92800.0
MAIN,13,Bouches-du-Rhône,bouchesdurhone,1 - Beaucoup de difficultés ou ne peut pas du tout,27300.0
MAIN,13,Bouches-du-Rhône,bouchesdurhone,2 - Quelques difficultés,80900.0
MAIN,13,Bouches-du-Rhône,bouchesdurhone,3 - Aucune,421200.0
MAIN,13,Bouches-du-Rhône,bouchesdurhone,Ensemble,529400.0
MAIN,14,Calvados,calvados,1 - Beaucoup de difficultés ou ne peut pas du tout,8400.0
MAIN,14,Calvados,calvados,2 - Quelques difficultés,24800.0
MAIN,14,Calvados,calvados,3 - Aucune,161400.0
MAIN,14,Calvados,calvados,Ensemble,194600.0
MAIN,15,Cantal,cantal,1 - Beaucoup de difficultés ou ne peut pas du tout,1700.0
MAIN,15,Cantal,cantal,2 - Quelques difficultés,5400.0
MAIN,15,Cantal,cantal,3 - Aucune,42400.0
MAIN,15,Cantal,cantal,Ensemble,49500.0
MAIN,16,Charente,charente,1 - Beaucoup de difficultés ou ne peut pas du tout,5100.0
MAIN,16,Charente,charente,2 - Quelques difficultés,14100.0
MAIN,16,Charente,charente,3 - Aucune,92200.0
MAIN,16,Charente,charente,Ensemble,111300.0
MAIN,17,Charente-Maritime,charentemaritime,1 - Beaucoup de difficultés ou ne peut pas du tout,8500.0
MAIN,17,Charente-Maritime,charentemaritime,2 - Quelques difficultés,31300.0
MAIN,17,Charente-Maritime,charentemaritime,3 - Aucune,187800.0
MAIN,17,Charente-Maritime,charentemaritime,Ensemble,227600.0
MAIN,18,Cher,cher,1 - Beaucoup de difficultés ou ne peut pas du tout,2800.0
MAIN,18,Cher,cher,2 - Quelques difficultés,16000.0
MAIN,18,Cher,cher,3 - Aucune,77000.0
MAIN,18,Cher,cher,Ensemble,95800.0
MAIN,19,Corrèze,correze,1 - Beaucoup de difficultés ou ne peut pas du tout,3800.0
MAIN,19,Corrèze,correze,2 - Quelques difficultés,12100.0
MAIN,19,Corrèze,correze,3 - Aucune,65600.0
MAIN,19,Corrèze,correze,Ensemble,81500.0
MAIN,21,Côte-d'Or,cotedor,1 - Beaucoup de difficultés ou ne peut pas du tout,4300.0
MAIN,21,Côte-d'Or,cotedor,2 - Quelques difficultés,19200.0
MAIN,21,Côte-d'Or,cotedor,3 - Aucune,118500.0
MAIN,21,Côte-d'Or,cotedor,Ensemble,142100.0
MAIN,22,Côtes d'Armor,cotesdarmor,1 - Beaucoup de difficultés ou ne peut pas du tout,7600.0
MAIN,22,Côtes d'Armor,cotesdarmor,2 - Quelques difficultés,23600.0
MAIN,22,Côtes d'Armor,cotesdarmor,3 - Aucune,165000.0
MAIN,22,Côtes d'Armor,cotesdarmor,Ensemble,196200.0
MAIN,23,Creuse,creuse,1 - Beaucoup de difficultés ou ne peut pas du tout,2200.0
MAIN,23,Creuse,creuse,2 - Quelques difficultés,7500.0
MAIN,23,Creuse,creuse,3 - Aucune,34100.0
MAIN,23,Creuse,creuse,Ensemble,43900.0
MAIN,24,Dordogne,dordogne,1 - Beaucoup de difficultés ou ne peut pas du tout,6100.0
MAIN,24,Dordogne,dordogne,2 - Quelques difficultés,20400.0
MAIN,24,Dordogne,dordogne,3 - Aucune,123300.0
MAIN,24,Dordogne,dordogne,Ensemble,149900.0
MAIN,25,Doubs,doubs,1 - Beaucoup de difficultés ou ne peut pas du tout,5800.0
MAIN,25,Doubs,doubs,2 - Quelques difficultés,18300.0
MAIN,25,Doubs,doubs,3 - Aucune,112300.0
MAIN,25,Doubs,doubs,Ensemble,136400.0
MAIN,26,Drôme,drome,1 - Beaucoup de difficultés ou ne peut pas du tout,4600.0
MAIN,26,Drôme,drome,2 - Quelques difficultés,18600.0
MAIN,26,Drôme,drome,3 - Aucune,121500.0
MAIN,26,Drôme,drome,Ensemble,144800.0
MAIN,27,Eure,eure,1 - Beaucoup de difficultés ou ne peut pas du tout,4200.0
MAIN,27,Eure,eure,2 - Quelques difficultés,18100.0
MAIN,27,Eure,eure,3 - Aucune,130900.0
MAIN,27,Eure,eure,Ensemble,153200.0
MAIN,28,Eure-et-Loire,eureetloire,1 - Beaucoup de difficultés ou ne peut pas du tout,6800.0
MAIN,28,Eure-et-Loire,eureetloire,2 - Quelques difficultés,15600.0
MAIN,28,Eure-et-Loire,eureetloire,3 - Aucune,92900.0
MAIN,28,Eure-et-Loire,eureetloire,Ensemble,115200.0
MAIN,29,Finistère,finistere,1 - Beaucoup de difficultés ou ne peut pas du tout,12400.0
MAIN,29,Finistère,finistere,2 - Quelques difficultés,37400.0
MAIN,29,Finistère,finistere,3 - Aucune,229100.0
MAIN,29,Finistère,finistere,Ensemble,278900.0
MAIN,2A,Corse-du-Sud,corsedusud,1 - Beaucoup de difficultés ou ne peut pas du tout,4400.0
MAIN,2A,Corse-du-Sud,corsedusud,2 - Quelques difficultés,5900.0
MAIN,2A,Corse-du-Sud,corsedusud,3 - Aucune,38500.0
MAIN,2A,Corse-du-Sud,corsedusud,Ensemble,48800.0
MAIN,2B,Haute-Corse,hautecorse,1 - Beaucoup de difficultés ou ne peut pas du tout,3300.0
MAIN,2B,Haute-Corse,hautecorse,2 - Quelques difficultés,8800.0
MAIN,2B,Haute-Corse,hautecorse,3 - Aucune,41700.0
MAIN,2B,Haute-Corse,hautecorse,Ensemble,53700.0
MAIN,30,Gard,gard,1 - Beaucoup de difficultés ou ne peut pas du tout,11100.0
MAIN,30,Gard,gard,2 - Quelques difficultés,31000.0
MAIN,30,Gard,gard,3 - Aucune,182000.0
MAIN,30,Gard,gard,Ensemble,224000.0
MAIN,31,Haute-Garonne,hautegaronne,1 - Beaucoup de difficultés ou ne peut pas du tout,15800.0
MAIN,31,Haute-Garonne,hautegaronne,2 - Quelques difficultés,41000.0
MAIN,31,Haute-Garonne,hautegaronne,3 - Aucune,246800.0
MAIN,31,Haute-Garonne,hautegaronne,Ensemble,303700.0
MAIN,32,Gers,gers,1 - Beaucoup de difficultés ou ne peut pas du tout,2700.0
MAIN,32,Gers,gers,2 - Quelques difficultés,8600.0
MAIN,32,Gers,gers,3 - Aucune,54700.0
MAIN,32,Gers,gers,Ensemble,66100.0
MAIN,33,Gironde,gironde,1 - Beaucoup de difficultés ou ne peut pas du tout,19100.0
MAIN,33,Gironde,gironde,2 - Quelques difficultés,61500.0
MAIN,33,Gironde,gironde,3 - Aucune,325000.0
MAIN,33,Gironde,gironde,Ensemble,405600.0
MAIN,34,Hérault,herault,1 - Beaucoup de difficultés ou ne peut pas du tout,14400.0
MAIN,34,Hérault,herault,2 - Quelques difficultés,37300.0
MAIN,34,Hérault,herault,3 - Aucune,272600.0
MAIN,34,Hérault,herault,Ensemble,324300.0
MAIN,35,Ille-et-Vilaine,illeetvilaine,1 - Beaucoup de difficultés ou ne peut pas du tout,10700.0
MAIN,35,Ille-et-Vilaine,illeetvilaine,2 - Quelques difficultés,25100.0
MAIN,35,Ille-et-Vilaine,illeetvilaine,3 - Aucune,214700.0
MAIN,35,Ille-et-Vilaine,illeetvilaine,Ensemble,250500.0
MAIN,36,Indre,indre,1 - Beaucoup de difficultés ou ne peut pas du tout,2800.0
MAIN,36,Indre,indre,2 - Quelques difficultés,11400.0
MAIN,36,Indre,indre,3 - Aucune,61500.0
MAIN,36,Indre,indre,Ensemble,75600.0
MAIN,37,Indre-et-Loire,indreetloire,1 - Beaucoup de difficultés ou ne peut pas du tout,3500.0
MAIN,37,Indre-et-Loire,indreetloire,2 - Quelques difficultés,23100.0
MAIN,37,Indre-et-Loire,indreetloire,3 - Aucune,140700.0
MAIN,37,Indre-et-Loire,indreetloire,Ensemble,167300.0
MAIN,38,Isère,isere,1 - Beaucoup de difficultés ou ne peut pas du tout,13200.0
MAIN,38,Isère,isere,2 - Quelques difficultés,41200.0
MAIN,38,Isère,isere,3 - Aucune,252200.0
MAIN,38,Isère,isere,Ensemble,306600.0
MAIN,39,Jura,jura,1 - Beaucoup de difficultés ou ne peut pas du tout,1800.0
MAIN,39,Jura,jura,2 - Quelques difficultés,9100.0
MAIN,39,Jura,jura,3 - Aucune,66900.0
MAIN,39,Jura,jura,Ensemble,77800.0
MAIN,40,Landes,landes,1 - Beaucoup de difficultés ou ne peut pas du tout,9100.0
MAIN,40,Landes,landes,2 - Quelques difficultés,20100.0
MAIN,40,Landes,landes,3 - Aucune,104900.0
MAIN,40,Landes,landes,Ensemble,134100.0
MAIN,41,Loir-et-Cher,loiretcher,1 - Beaucoup de difficultés ou ne peut pas du tout,3700.0
MAIN,41,Loir-et-Cher,loiretcher,2 - Quelques difficultés,11900.0
MAIN,41,Loir-et-Cher,loiretcher,3 - Aucune,86300.0
MAIN,41,Loir-et-Cher,loiretcher,Ensemble,101900.0
MAIN,42,Loire,loire,1 - Beaucoup de difficultés ou ne peut pas du tout,4400.0
MAIN,42,Loire,loire,2 - Quelques difficultés,25900.0
MAIN,42,Loire,loire,3 - Aucune,179500.0
MAIN,42,Loire,loire,Ensemble,209800.0
MAIN,43,Haute-Loire,hauteloire,1 - Beaucoup de difficultés ou ne peut pas du tout,2000.0
MAIN,43,Haute-Loire,hauteloire,2 - Quelques difficultés,11100.0
MAIN,43,Haute-Loire,hauteloire,3 - Aucune,56200.0
MAIN,43,Haute-Loire,hauteloire,Ensemble,69300.0
MAIN,44,Loire-Atlantique,loireatlantique,1 - Beaucoup de difficultés ou ne peut pas du tout,14400.0
MAIN,44,Loire-Atlantique,loireatlantique,2 - Quelques difficultés,36300.0
MAIN,44,Loire-Atlantique,loireatlantique,3 - Aucune,285200.0
MAIN,44,Loire-Atlantique,loireatlantique,Ensemble,335900.0
MAIN,45,Loiret,loiret,1 - Beaucoup de difficultés ou ne peut pas du tout,8900.0
MAIN,45,Loiret,loiret,2 - Quelques difficultés,27600.0
MAIN,45,Loiret,loiret,3 - Aucune,138200.0
MAIN,45,Loiret,loiret,Ensemble,174600.0
MAIN,46,Lot,lot,1 - Beaucoup de difficultés ou ne peut pas du tout,2800.0
MAIN,46,Lot,lot,2 - Quelques difficultés,10200.0
MAIN,46,Lot,lot,3 - Aucune,52100.0
MAIN,46,Lot,lot,Ensemble,65200.0
MAIN,47,Lot-et-Garonne,lotetgaronne,1 - Beaucoup de difficultés ou ne peut pas du tout,5200.0
MAIN,47,Lot-et-Garonne,lotetgaronne,2 - Quelques difficultés,15700.0
MAIN,47,Lot-et-Garonne,lotetgaronne,3 - Aucune,87200.0
MAIN,47,Lot-et-Garonne,lotetgaronne,Ensemble,108100.0
MAIN,48,Lozère,lozere,1 - Beaucoup de difficultés ou ne peut pas du tout,900.0
MAIN,48,Lozère,lozere,2 - Quelques difficultés,3200.0
MAIN,48,Lozère,lozere,3 - Aucune,19500.0
MAIN,48,Lozère,lozere,Ensemble,23600.0
MAIN,49,Maine-et-Loire,maineetloire,1 - Beaucoup de difficultés ou ne peut pas du tout,8700.0
MAIN,49,Maine-et-Loire,maineetloire,2 - Quelques difficultés,26400.0
MAIN,49,Maine-et-Loire,maineetloire,3 - Aucune,176500.0
MAIN,49,Maine-et-Loire,maineetloire,Ensemble,211600.0
MAIN,50,Manche,manche,1 - Beaucoup de difficultés ou ne peut pas du tout,9700.0
MAIN,50,Manche,manche,2 - Quelques difficultés,21700.0
MAIN,50,Manche,manche,3 - Aucune,125300.0
MAIN,50,Manche,manche,Ensemble,156700.0
MAIN,51,Marne,marne,1 - Beaucoup de difficultés ou ne peut pas du tout,6200.0
MAIN,51,Marne,marne,2 - Quelques difficultés,18400.0
MAIN,51,Marne,marne,3 - Aucune,117500.0
MAIN,51,Marne,marne,Ensemble,142100.0
MAIN,52,Haute-Marne,hautemarne,1 - Beaucoup de difficultés ou ne peut pas du tout,2600.0
MAIN,52,Haute-Marne,hautemarne,2 - Quelques difficultés,7000.0
MAIN,52,Haute-Marne,hautemarne,3 - Aucune,44100.0
MAIN,52,Haute-Marne,hautemarne,Ensemble,53800.0
MAIN,53,Mayenne,mayenne,1 - Beaucoup de difficultés ou ne peut pas du tout,3400.0
MAIN,53,Mayenne,mayenne,2 - Quelques difficultés,14400.0
MAIN,53,Mayenne,mayenne,3 - Aucune,67000.0
MAIN,53,Mayenne,mayenne,Ensemble,84800.0
MAIN,54,Meurthe-et-Moselle,meurtheetmoselle,1 - Beaucoup de difficultés ou ne peut pas du tout,6600.0
MAIN,54,Meurthe-et-Moselle,meurtheetmoselle,2 - Quelques difficultés,22400.0
MAIN,54,Meurthe-et-Moselle,meurtheetmoselle,3 - Aucune,154600.0
MAIN,54,Meurthe-et-Moselle,meurtheetmoselle,Ensemble,183600.0
MAIN,55,Meuse,meuse,1 - Beaucoup de difficultés ou ne peut pas du tout,3200.0
MAIN,55,Meuse,meuse,2 - Quelques difficultés,7600.0
MAIN,55,Meuse,meuse,3 - Aucune,43000.0
MAIN,55,Meuse,meuse,Ensemble,53800.0
MAIN,56,Morbihan,morbihan,1 - Beaucoup de difficultés ou ne peut pas du tout,9600.0
MAIN,56,Morbihan,morbihan,2 - Quelques difficultés,25700.0
MAIN,56,Morbihan,morbihan,3 - Aucune,206400.0
MAIN,56,Morbihan,morbihan,Ensemble,241700.0
MAIN,57,Moselle,moselle,1 - Beaucoup de difficultés ou ne peut pas du tout,15600.0
MAIN,57,Moselle,moselle,2 - Quelques difficultés,42000.0
MAIN,57,Moselle,moselle,3 - Aucune,217600.0
MAIN,57,Moselle,moselle,Ensemble,275100.0
MAIN,58,Nièvre,nievre,1 - Beaucoup de difficultés ou ne peut pas du tout,4400.0
MAIN,58,Nièvre,nievre,2 - Quelques difficultés,10400.0
MAIN,58,Nièvre,nievre,3 - Aucune,57800.0
MAIN,58,Nièvre,nievre,Ensemble,72700.0
MAIN,59,Nord,nord,1 - Beaucoup de difficultés ou ne peut pas du tout,30500.0
MAIN,59,Nord,nord,2 - Quelques difficultés,83700.0
MAIN,59,Nord,nord,3 - Aucune,473600.0
MAIN,59,Nord,nord,Ensemble,587800.0
MAIN,60,Oise,oise,1 - Beaucoup de difficultés ou ne peut pas du tout,6800.0
MAIN,60,Oise,oise,2 - Quelques difficultés,23600.0
MAIN,60,Oise,oise,3 - Aucune,159200.0
MAIN,60,Oise,oise,Ensemble,189600.0
MAIN,61,Orne,orne,1 - Beaucoup de difficultés ou ne peut pas du tout,3600.0
MAIN,61,Orne,orne,2 - Quelques difficultés,12100.0
MAIN,61,Orne,orne,3 - Aucune,74100.0
MAIN,61,Orne,orne,Ensemble,89800.0
MAIN,62,Pas-de-Calais,pasdecalais,1 - Beaucoup de difficultés ou ne peut pas du tout,19800.0
MAIN,62,Pas-de-Calais,pasdecalais,2 - Quelques difficultés,63500.0
MAIN,62,Pas-de-Calais,pasdecalais,3 - Aucune,285200.0
MAIN,62,Pas-de-Calais,pasdecalais,Ensemble,368500.0
MAIN,63,Puy-de-Dôme,puydedome,1 - Beaucoup de difficultés ou ne peut pas du tout,7700.0
MAIN,63,Puy-de-Dôme,puydedome,2 - Quelques difficultés,26000.0
MAIN,63,Puy-de-Dôme,puydedome,3 - Aucune,148500.0
MAIN,63,Puy-de-Dôme,puydedome,Ensemble,182100.0
MAIN,64,Pyrénées-Atlantiques,pyreneesatlantiques,1 - Beaucoup de difficultés ou ne peut pas du tout,5800.0
MAIN,64,Pyrénées-Atlantiques,pyreneesatlantiques,2 - Quelques difficultés,28700.0
MAIN,64,Pyrénées-Atlantiques,pyreneesatlantiques,3 - Aucune,173500.0
MAIN,64,Pyrénées-Atlantiques,pyreneesatlantiques,Ensemble,208000.0
MAIN,65,Hautes-Pyrénées,hautespyrenees,1 - Beaucoup de difficultés ou ne peut pas du tout,4900.0
MAIN,65,Hautes-Pyrénées,hautespyrenees,2 - Quelques difficultés,12600.0
MAIN,65,Hautes-Pyrénées,hautespyrenees,3 - Aucune,59300.0
MAIN,65,Hautes-Pyrénées,hautespyrenees,Ensemble,76700.0
MAIN,66,Pyrénées-Orientales,pyreneesorientales,1 - Beaucoup de difficultés ou ne peut pas du tout,9800.0
MAIN,66,Pyrénées-Orientales,pyreneesorientales,2 - Quelques difficultés,23700.0
MAIN,66,Pyrénées-Orientales,pyreneesorientales,3 - Aucune,123200.0
MAIN,66,Pyrénées-Orientales,pyreneesorientales,Ensemble,156700.0
MAIN,67,Bas-Rhin,basrhin,1 - Beaucoup de difficultés ou ne peut pas du tout,7300.0
MAIN,67,Bas-Rhin,basrhin,2 - Quelques difficultés,40200.0
MAIN,67,Bas-Rhin,basrhin,3 - Aucune,234200.0
MAIN,67,Bas-Rhin,basrhin,Ensemble,281800.0
MAIN,68,Haut-Rhin,hautrhin,1 - Beaucoup de difficultés ou ne peut pas du tout,7100.0
MAIN,68,Haut-Rhin,hautrhin,2 - Quelques difficultés,23000.0
MAIN,68,Haut-Rhin,hautrhin,3 - Aucune,170400.0
MAIN,68,Haut-Rhin,hautrhin,Ensemble,200500.0
MAIN,69,Rhône,rhone,1 - Beaucoup de difficultés ou ne peut pas du tout,15200.0
MAIN,69,Rhône,rhone,2 - Quelques difficultés,47600.0
MAIN,69,Rhône,rhone,3 - Aucune,338000.0
MAIN,69,Rhône,rhone,Ensemble,400900.0
MAIN,70,Haute-Saône,hautesaone,1 - Beaucoup de difficultés ou ne peut pas du tout,3700.0
MAIN,70,Haute-Saône,hautesaone,2 - Quelques difficultés,10400.0
MAIN,70,Haute-Saône,hautesaone,3 - Aucune,56400.0
MAIN,70,Haute-Saône,hautesaone,Ensemble,70500.0
MAIN,71,Saône-et-Loire,saoneetloire,1 - Beaucoup de difficultés ou ne peut pas du tout,6300.0
MAIN,71,Saône-et-Loire,saoneetloire,2 - Quelques difficultés,22400.0
MAIN,71,Saône-et-Loire,saoneetloire,3 - Aucune,148300.0
MAIN,71,Saône-et-Loire,saoneetloire,Ensemble,177000.0
MAIN,72,Sarthe,sarthe,1 - Beaucoup de difficultés ou ne peut pas du tout,6100.0
MAIN,72,Sarthe,sarthe,2 - Quelques difficultés,21700.0
MAIN,72,Sarthe,sarthe,3 - Aucune,131300.0
MAIN,72,Sarthe,sarthe,Ensemble,159100.0
MAIN,73,Savoie,savoie,1 - Beaucoup de difficultés ou ne peut pas du tout,5100.0
MAIN,73,Savoie,savoie,2 - Quelques difficultés,11500.0
MAIN,73,Savoie,savoie,3 - Aucune,100900.0
MAIN,73,Savoie,savoie,Ensemble,117400.0
MAIN,74,Haute-Savoie,hautesavoie,1 - Beaucoup de difficultés ou ne peut pas du tout,5300.0
MAIN,74,Haute-Savoie,hautesavoie,2 - Quelques difficultés,22600.0
MAIN,74,Haute-Savoie,hautesavoie,3 - Aucune,156200.0
MAIN,74,Haute-Savoie,hautesavoie,Ensemble,184100.0
MAIN,75,Paris,paris,1 - Beaucoup de difficultés ou ne peut pas du tout,14300.0
MAIN,75,Paris,paris,2 - Quelques difficultés,47000.0
MAIN,75,Paris,paris,3 - Aucune,411200.0
MAIN,75,Paris,paris,Ensemble,472500.0
MAIN,76,Seine-Maritime,seinemaritime,1 - Beaucoup de difficultés ou ne peut pas du tout,14800.0
MAIN,76,Seine-Maritime,seinemaritime,2 - Quelques difficultés,35600.0
MAIN,76,Seine-Maritime,seinemaritime,3 - Aucune,274200.0
MAIN,76,Seine-Maritime,seinemaritime,Ensemble,324600.0
MAIN,77,Seine-et-Marne,seineetmarne,1 - Beaucoup de difficultés ou ne peut pas du tout,6900.0
MAIN,77,Seine-et-Marne,seineetmarne,2 - Quelques difficultés,31600.0
MAIN,77,Seine-et-Marne,seineetmarne,3 - Aucune,247300.0
MAIN,77,Seine-et-Marne,seineetmarne,Ensemble,285800.0
MAIN,78,Yvelines,yvelines,1 - Beaucoup de difficultés ou ne peut pas du tout,8000.0
MAIN,78,Yvelines,yvelines,2 - Quelques difficultés,30500.0
MAIN,78,Yvelines,yvelines,3 - Aucune,275400.0
MAIN,78,Yvelines,yvelines,Ensemble,313800.0
MAIN,79,Deux-Sèvres,deuxsevres,1 - Beaucoup de difficultés ou ne peut pas du tout,4700.0
MAIN,79,Deux-Sèvres,deuxsevres,2 - Quelques difficultés,11600.0
MAIN,79,Deux-Sèvres,deuxsevres,3 - Aucune,94300.0
MAIN,79,Deux-Sèvres,deuxsevres,Ensemble,110600.0
MAIN,80,Somme,somme,1 - Beaucoup de difficultés ou ne peut pas du tout,4100.0
MAIN,80,Somme,somme,2 - Quelques difficultés,24500.0
MAIN,80,Somme,somme,3 - Aucune,118500.0
MAIN,80,Somme,somme,Ensemble,147100.0
MAIN,81,Tarn,tarn,1 - Beaucoup de difficultés ou ne peut pas du tout,4700.0
MAIN,81,Tarn,tarn,2 - Quelques difficultés,19000.0
MAIN,81,Tarn,tarn,3 - Aucune,97700.0
MAIN,81,Tarn,tarn,Ensemble,121400.0
MAIN,82,Tarn-et-Garonne,tarnetgaronne,1 - Beaucoup de difficultés ou ne peut pas du tout,2500.0
MAIN,82,Tarn-et-Garonne,tarnetgaronne,2 - Quelques difficultés,11600.0
MAIN,82,Tarn-et-Garonne,tarnetgaronne,3 - Aucune,59300.0
MAIN,82,Tarn-et-Garonne,tarnetgaronne,Ensemble,73400.0
MAIN,83,Var,var,1 - Beaucoup de difficultés ou ne peut pas du tout,15300.0
MAIN,83,Var,var,2 - Quelques difficultés,44600.0
MAIN,83,Var,var,3 - Aucune,291600.0
MAIN,83,Var,var,Ensemble,351600.0
MAIN,84,Vaucluse,vaucluse,1 - Beaucoup de difficultés ou ne peut pas du tout,7200.0
MAIN,84,Vaucluse,vaucluse,2 - Quelques difficultés,18000.0
MAIN,84,Vaucluse,vaucluse,3 - Aucune,134600.0
MAIN,84,Vaucluse,vaucluse,Ensemble,159900.0
MAIN,85,Vendée,vendee,1 - Beaucoup de difficultés ou ne peut pas du tout,9300.0
MAIN,85,Vendée,vendee,2 - Quelques difficultés,27200.0
MAIN,85,Vendée,vendee,3 - Aucune,176600.0
MAIN,85,Vendée,vendee,Ensemble,213000.0
MAIN,86,Vienne,vienne,1 - Beaucoup de difficultés ou ne peut pas du tout,4000.0
MAIN,86,Vienne,vienne,2 - Quelques difficultés,15500.0
MAIN,86,Vienne,vienne,3 - Aucune,102500.0
MAIN,86,Vienne,vienne,Ensemble,122000.0
MAIN,87,Haute-Vienne,hautevienne,1 - Beaucoup de difficultés ou ne peut pas du tout,7700.0
MAIN,87,Haute-Vienne,hautevienne,2 - Quelques difficultés,17500.0
MAIN,87,Haute-Vienne,hautevienne,3 - Aucune,90200.0
MAIN,87,Haute-Vienne,hautevienne,Ensemble,115500.0
MAIN,88,Vosges,vosges,1 - Beaucoup de difficultés ou ne peut pas du tout,5200.0
MAIN,88,Vosges,vosges,2 - Quelques difficultés,17100.0
MAIN,88,Vosges,vosges,3 - Aucune,89400.0
MAIN,88,Vosges,vosges,Ensemble,111600.0
MAIN,89,Yonne,yonne,1 - Beaucoup de difficultés ou ne peut pas du tout,3000.0
MAIN,89,Yonne,yonne,2 - Quelques difficultés,12600.0
MAIN,89,Yonne,yonne,3 - Aucune,86400.0
MAIN,89,Yonne,yonne,Ensemble,102000.0
MAIN,90,Territoire de Belfort,territoiredebelfort,1 - Beaucoup de difficultés ou ne peut pas du tout,1200.0
MAIN,90,Territoire de Belfort,territoiredebelfort,2 - Quelques difficultés,5300.0
MAIN,90,Territoire de Belfort,territoiredebelfort,3 - Aucune,30200.0
MAIN,90,Territoire de Belfort,territoiredebelfort,Ensemble,36600.0
MAIN,91,Essonne,essonne,1 - Beaucoup de difficultés ou ne peut pas du tout,11900.0
MAIN,91,Essonne,essonne,2 - Quelques difficultés,32400.0
MAIN,91,Essonne,essonne,3 - Aucune,216200.0
MAIN,91,Essonne,essonne,Ensemble,260500.0
MAIN,92,Hauts-de-Seine,hautsdeseine,1 - Beaucoup de difficultés ou ne peut pas du tout,8800.0
MAIN,92,Hauts-de-Seine,hautsdeseine,2 - Quelques difficultés,33000.0
MAIN,92,Hauts-de-Seine,hautsdeseine,3 - Aucune,278400.0
MAIN,92,Hauts-de-Seine,hautsdeseine,Ensemble,320200.0
MAIN,93,Seine-Saint-Denis,seinesaintdenis,1 - Beaucoup de difficultés ou ne peut pas du tout,13900.0
MAIN,93,Seine-Saint-Denis,seinesaintdenis,2 - Quelques difficultés,33300.0
MAIN,93,Seine-Saint-Denis,seinesaintdenis,3 - Aucune,220000.0
MAIN,93,Seine-Saint-Denis,seinesaintdenis,Ensemble,267200.0
MAIN,94,Val-de-Marne,valdemarne,1 - Beaucoup de difficultés ou ne peut pas du tout,9900.0
MAIN,94,Val-de-Marne,valdemarne,2 - Quelques difficultés,27600.0
MAIN,94,Val-de-Marne,valdemarne,3 - Aucune,240300.0
MAIN,94,Val-de-Marne,valdemarne,Ensemble,277700.0
MAIN,95,Val-d'Oise,valdoise,1 - Beaucoup de difficultés ou ne peut pas du tout,8700.0
MAIN,95,Val-d'Oise,valdoise,2 - Quelques difficultés,27500.0
MAIN,95,Val-d'Oise,valdoise,3 - Aucune,197600.0
MAIN,95,Val-d'Oise,valdoise,Ensemble,233800.0
MAIN,971,Guadeloupe,guadeloupe,1 - Beaucoup de difficultés ou ne peut pas du tout,7000.0
MAIN,971,Guadeloupe,guadeloupe,2 - Quelques difficultés,16200.0
MAIN,971,Guadeloupe,guadeloupe,3 - Aucune,83000.0
MAIN,971,Guadeloupe,guadeloupe,Ensemble,106200.0
MAIN,972,Martinique,martinique,1 - Beaucoup de difficultés ou ne peut pas du tout,6400.0
MAIN,972,Martinique,martinique,2 - Quelques difficultés,14500.0
MAIN,972,Martinique,martinique,3 - Aucune,88500.0
MAIN,972,Martinique,martinique,Ensemble,109300.0
MAIN,973,Guyane,guyane,1 - Beaucoup de difficultés ou ne peut pas du tout,1500.0
MAIN,973,Guyane,guyane,2 - Quelques difficultés,3200.0
MAIN,973,Guyane,guyane,3 - Aucune,23900.0
MAIN,973,Guyane,guyane,Ensemble,28500.0
MAIN,974,La Réunion,lareunion,1 - Beaucoup de difficultés ou ne peut pas du tout,9500.0
MAIN,974,La Réunion,lareunion,2 - Quelques difficultés,18700.0
MAIN,974,La Réunion,lareunion,3 - Aucune,134500.0
MAIN,974,La Réunion,lareunion,Ensemble,162600.0
MAIN,976,Mayotte,mayotte,1 - Beaucoup de difficultés ou ne peut pas du tout,700.0
MAIN,976,Mayotte,mayotte,2 - Quelques difficultés,1000.0
MAIN,976,Mayotte,mayotte,3 - Aucune,11400.0
MAIN,976,Mayotte,mayotte,Ensemble,13100.0
"MAIN,None,""Lecture > Dans l'Ain, 3 100 personnes de 25 à 59 ans déclarent avoir beaucoup de difficultés pour se servir de leurs mains ou ne pas pouvoir le faire du tout. "
Champ > Personnes de 5 ans ou plus vivant en logement ordinaire en France.
"Sources > Enquête Vie Quotidienne et Santé 2021, DREES."",lecturedanslain3100personnesde25a59ansdeclarentavoirbeaucoupdedifficultespourseservirdeleursmainsounepaspouvoirlefairedutoutchamppersonnesde5ansouplusvivantenlogementordinaireenfrancesourcesenqueteviequotidienneetsante2021drees,,"
CONCENTRA,01,Ain,ain,1 - Beaucoup de difficultés ou ne peut pas du tout,7200.0
CONCENTRA,01,Ain,ain,2 - Quelques difficultés,16200.0
CONCENTRA,01,Ain,ain,3 - Aucune,130600.0
CONCENTRA,01,Ain,ain,Ensemble,154000.0
CONCENTRA,02,Aisne,aisne,1 - Beaucoup de difficultés ou ne peut pas du tout,4400.0
CONCENTRA,02,Aisne,aisne,2 - Quelques difficultés,17200.0
CONCENTRA,02,Aisne,aisne,3 - Aucune,120800.0
CONCENTRA,02,Aisne,aisne,Ensemble,142400.0
CONCENTRA,03,Allier,allier,1 - Beaucoup de difficultés ou ne peut pas du tout,2300.0
CONCENTRA,03,Allier,allier,2 - Quelques difficultés,16900.0
CONCENTRA,03,Allier,allier,3 - Aucune,94100.0
CONCENTRA,03,Allier,allier,Ensemble,113400.0
CONCENTRA,04,Alpes-de-Haute-Provence,alpesdehauteprovence,1 - Beaucoup de difficultés ou ne peut pas du tout,1400.0
CONCENTRA,04,Alpes-de-Haute-Provence,alpesdehauteprovence,2 - Quelques difficultés,6900.0
CONCENTRA,04,Alpes-de-Haute-Provence,alpesdehauteprovence,3 - Aucune,47000.0
CONCENTRA,04,Alpes-de-Haute-Provence,alpesdehauteprovence,Ensemble,55300.0
CONCENTRA,05,Hautes-Alpes,hautesalpes,1 - Beaucoup de difficultés ou ne peut pas du tout,1600.0
CONCENTRA,05,Hautes-Alpes,hautesalpes,2 - Quelques difficultés,5000.0
CONCENTRA,05,Hautes-Alpes,hautesalpes,3 - Aucune,37800.0
CONCENTRA,05,Hautes-Alpes,hautesalpes,Ensemble,44400.0
CONCENTRA,06,Alpes-Maritimes,alpesmaritimes,1 - Beaucoup de difficultés ou ne peut pas du tout,13900.0
CONCENTRA,06,Alpes-Maritimes,alpesmaritimes,2 - Quelques difficultés,40700.0
CONCENTRA,06,Alpes-Maritimes,alpesmaritimes,3 - Aucune,271900.0
CONCENTRA,06,Alpes-Maritimes,alpesmaritimes,Ensemble,326500.0
CONCENTRA,07,Ardèche,ardeche,1 - Beaucoup de difficultés ou ne peut pas du tout,4600.0
CONCENTRA,07,Ardèche,ardeche,2 - Quelques difficultés,14500.0
CONCENTRA,07,Ardèche,ardeche,3 - Aucune,82700.0
CONCENTRA,07,Ardèche,ardeche,Ensemble,101800.0
CONCENTRA,08,Ardennes,ardennes,1 - Beaucoup de difficultés ou ne peut pas du tout,3600.0
CONCENTRA,08,Ardennes,ardennes,2 - Quelques difficultés,9300.0
CONCENTRA,08,Ardennes,ardennes,3 - Aucune,63700.0
CONCENTRA,08,Ardennes,ardennes,Ensemble,76500.0
CONCENTRA,09,Ariège,ariege,1 - Beaucoup de difficultés ou ne peut pas du tout,1000.0
CONCENTRA,09,Ariège,ariege,2 - Quelques difficultés,8100.0
CONCENTRA,09,Ariège,ariege,3 - Aucune,41800.0
CONCENTRA,09,Ariège,ariege,Ensemble,50900.0
CONCENTRA,10,Aube,aube,1 - Beaucoup de difficultés ou ne peut pas du tout,3300.0
CONCENTRA,10,Aube,aube,2 - Quelques difficultés,10700.0
CONCENTRA,10,Aube,aube,3 - Aucune,70200.0
CONCENTRA,10,Aube,aube,Ensemble,84200.0
CONCENTRA,11,Aude,aude,1 - Beaucoup de difficultés ou ne peut pas du tout,2900.0
CONCENTRA,11,Aude,aude,2 - Quelques difficultés,18800.0
CONCENTRA,11,Aude,aude,3 - Aucune,102000.0
CONCENTRA,11,Aude,aude,Ensemble,123700.0
CONCENTRA,12,Aveyron,aveyron,1 - Beaucoup de difficultés ou ne peut pas du tout,4500.0
CONCENTRA,12,Aveyron,aveyron,2 - Quelques difficultés,14000.0
CONCENTRA,12,Aveyron,aveyron,3 - Aucune,74400.0
CONCENTRA,12,Aveyron,aveyron,Ensemble,92800.0
CONCENTRA,13,Bouches-du-Rhône,bouchesdurhone,1 - Beaucoup de difficultés ou ne peut pas du tout,26800.0
CONCENTRA,13,Bouches-du-Rhône,bouchesdurhone,2 - Quelques difficultés,64300.0
CONCENTRA,13,Bouches-du-Rhône,bouchesdurhone,3 - Aucune,438300.0
CONCENTRA,13,Bouches-du-Rhône,bouchesdurhone,Ensemble,529400.0
CONCENTRA,14,Calvados,calvados,1 - Beaucoup de difficultés ou ne peut pas du tout,6300.0
CONCENTRA,14,Calvados,calvados,2 - Quelques difficultés,20400.0
CONCENTRA,14,Calvados,calvados,3 - Aucune,167900.0
CONCENTRA,14,Calvados,calvados,Ensemble,194600.0
CONCENTRA,15,Cantal,cantal,1 - Beaucoup de difficultés ou ne peut pas du tout,1500.0
CONCENTRA,15,Cantal,cantal,2 - Quelques difficultés,8500.0
CONCENTRA,15,Cantal,cantal,3 - Aucune,39600.0
CONCENTRA,15,Cantal,cantal,Ensemble,49500.0
CONCENTRA,16,Charente,charente,1 - Beaucoup de difficultés ou ne peut pas du tout,3700.0
CONCENTRA,16,Charente,charente,2 - Quelques difficultés,14600.0
CONCENTRA,16,Charente,charente,3 - Aucune,93000.0
CONCENTRA,16,Charente,charente,Ensemble,111300.0
CONCENTRA,17,Charente-Maritime,charentemaritime,1 - Beaucoup de difficultés ou ne peut pas du tout,7500.0
CONCENTRA,17,Charente-Maritime,charentemaritime,2 - Quelques difficultés,28600.0
CONCENTRA,17,Charente-Maritime,charentemaritime,3 - Aucune,191600.0
CONCENTRA,17,Charente-Maritime,charentemaritime,Ensemble,227600.0
CONCENTRA,18,Cher,cher,1 - Beaucoup de difficultés ou ne peut pas du tout,1700.0
CONCENTRA,18,Cher,cher,2 - Quelques difficultés,12800.0
CONCENTRA,18,Cher,cher,3 - Aucune,81300.0
CONCENTRA,18,Cher,cher,Ensemble,95800.0
CONCENTRA,19,Corrèze,correze,1 - Beaucoup de difficultés ou ne peut pas du tout,2500.0
CONCENTRA,19,Corrèze,correze,2 - Quelques difficultés,9800.0
CONCENTRA,19,Corrèze,correze,3 - Aucune,69200.0
CONCENTRA,19,Corrèze,correze,Ensemble,81500.0
CONCENTRA,21,Côte-d'Or,cotedor,1 - Beaucoup de difficultés ou ne peut pas du tout,4200.0
CONCENTRA,21,Côte-d'Or,cotedor,2 - Quelques difficultés,17500.0
CONCENTRA,21,Côte-d'Or,cotedor,3 - Aucune,120400.0
CONCENTRA,21,Côte-d'Or,cotedor,Ensemble,142100.0
CONCENTRA,22,Côtes d'Armor,cotesdarmor,1 - Beaucoup de difficultés ou ne peut pas du tout,4200.0
CONCENTRA,22,Côtes d'Armor,cotesdarmor,2 - Quelques difficultés,17000.0
CONCENTRA,22,Côtes d'Armor,cotesdarmor,3 - Aucune,175000.0
CONCENTRA,22,Côtes d'Armor,cotesdarmor,Ensemble,196200.0
CONCENTRA,23,Creuse,creuse,1 - Beaucoup de difficultés ou ne peut pas du tout,2100.0
CONCENTRA,23,Creuse,creuse,2 - Quelques difficultés,6800.0
CONCENTRA,23,Creuse,creuse,3 - Aucune,35000.0
CONCENTRA,23,Creuse,creuse,Ensemble,43900.0
CONCENTRA,24,Dordogne,dordogne,1 - Beaucoup de difficultés ou ne peut pas du tout,4400.0
CONCENTRA,24,Dordogne,dordogne,2 - Quelques difficultés,18600.0
CONCENTRA,24,Dordogne,dordogne,3 - Aucune,126900.0
CONCENTRA,24,Dordogne,dordogne,Ensemble,149900.0
CONCENTRA,25,Doubs,doubs,1 - Beaucoup de difficultés ou ne peut pas du tout,4400.0
CONCENTRA,25,Doubs,doubs,2 - Quelques difficultés,17300.0
CONCENTRA,25,Doubs,doubs,3 - Aucune,114700.0
CONCENTRA,25,Doubs,doubs,Ensemble,136400.0
CONCENTRA,26,Drôme,drome,1 - Beaucoup de difficultés ou ne peut pas du tout,3000.0
CONCENTRA,26,Drôme,drome,2 - Quelques difficultés,16700.0
CONCENTRA,26,Drôme,drome,3 - Aucune,125100.0
CONCENTRA,26,Drôme,drome,Ensemble,144800.0
CONCENTRA,27,Eure,eure,1 - Beaucoup de difficultés ou ne peut pas du tout,3800.0
CONCENTRA,27,Eure,eure,2 - Quelques difficultés,17700.0
CONCENTRA,27,Eure,eure,3 - Aucune,131700.0
CONCENTRA,27,Eure,eure,Ensemble,153200.0
CONCENTRA,28,Eure-et-Loire,eureetloire,1 - Beaucoup de difficultés ou ne peut pas du tout,4700.0
CONCENTRA,28,Eure-et-Loire,eureetloire,2 - Quelques difficultés,14200.0
CONCENTRA,28,Eure-et-Loire,eureetloire,3 - Aucune,96400.0
CONCENTRA,28,Eure-et-Loire,eureetloire,Ensemble,115200.0
CONCENTRA,29,Finistère,finistere,1 - Beaucoup de difficultés ou ne peut pas du tout,9800.0
CONCENTRA,29,Finistère,finistere,2 - Quelques difficultés,27700.0
CONCENTRA,29,Finistère,finistere,3 - Aucune,241400.0
CONCENTRA,29,Finistère,finistere,Ensemble,278900.0
CONCENTRA,2A,Corse-du-Sud,corsedusud,1 - Beaucoup de difficultés ou ne peut pas du tout,2100.0
CONCENTRA,2A,Corse-du-Sud,corsedusud,2 - Quelques difficultés,9600.0
CONCENTRA,2A,Corse-du-Sud,corsedusud,3 - Aucune,37100.0
CONCENTRA,2A,Corse-du-Sud,corsedusud,Ensemble,48800.0
CONCENTRA,2B,Haute-Corse,hautecorse,1 - Beaucoup de difficultés ou ne peut pas du tout,1500.0
CONCENTRA,2B,Haute-Corse,hautecorse,2 - Quelques difficultés,7700.0
CONCENTRA,2B,Haute-Corse,hautecorse,3 - Aucune,44500.0
CONCENTRA,2B,Haute-Corse,hautecorse,Ensemble,53700.0
CONCENTRA,30,Gard,gard,1 - Beaucoup de difficultés ou ne peut pas du tout,8200.0
CONCENTRA,30,Gard,gard,2 - Quelques difficultés,31900.0
CONCENTRA,30,Gard,gard,3 - Aucune,183900.0
CONCENTRA,30,Gard,gard,Ensemble,224000.0
CONCENTRA,31,Haute-Garonne,hautegaronne,1 - Beaucoup de difficultés ou ne peut pas du tout,13600.0
CONCENTRA,31,Haute-Garonne,hautegaronne,2 - Quelques difficultés,40200.0
CONCENTRA,31,Haute-Garonne,hautegaronne,3 - Aucune,249800.0
CONCENTRA,31,Haute-Garonne,hautegaronne,Ensemble,303700.0
CONCENTRA,32,Gers,gers,1 - Beaucoup de difficultés ou ne peut pas du tout,1900.0
CONCENTRA,32,Gers,gers,2 - Quelques difficultés,6900.0
CONCENTRA,32,Gers,gers,3 - Aucune,57300.0
CONCENTRA,32,Gers,gers,Ensemble,66100.0
CONCENTRA,33,Gironde,gironde,1 - Beaucoup de difficultés ou ne peut pas du tout,12800.0
CONCENTRA,33,Gironde,gironde,2 - Quelques difficultés,53200.0
CONCENTRA,33,Gironde,gironde,3 - Aucune,339600.0
CONCENTRA,33,Gironde,gironde,Ensemble,405600.0
CONCENTRA,34,Hérault,herault,1 - Beaucoup de difficultés ou ne peut pas du tout,10600.0
CONCENTRA,34,Hérault,herault,2 - Quelques difficultés,34500.0
CONCENTRA,34,Hérault,herault,3 - Aucune,279200.0
CONCENTRA,34,Hérault,herault,Ensemble,324300.0
CONCENTRA,35,Ille-et-Vilaine,illeetvilaine,1 - Beaucoup de difficultés ou ne peut pas du tout,6800.0
CONCENTRA,35,Ille-et-Vilaine,illeetvilaine,2 - Quelques difficultés,25800.0
CONCENTRA,35,Ille-et-Vilaine,illeetvilaine,3 - Aucune,217900.0
CONCENTRA,35,Ille-et-Vilaine,illeetvilaine,Ensemble,250500.0
CONCENTRA,36,Indre,indre,1 - Beaucoup de difficultés ou ne peut pas du tout,3000.0
CONCENTRA,36,Indre,indre,2 - Quelques difficultés,11800.0
CONCENTRA,36,Indre,indre,3 - Aucune,60800.0
CONCENTRA,36,Indre,indre,Ensemble,75600.0
CONCENTRA,37,Indre-et-Loire,indreetloire,1 - Beaucoup de difficultés ou ne peut pas du tout,3200.0
CONCENTRA,37,Indre-et-Loire,indreetloire,2 - Quelques difficultés,20800.0
CONCENTRA,37,Indre-et-Loire,indreetloire,3 - Aucune,143300.0
CONCENTRA,37,Indre-et-Loire,indreetloire,Ensemble,167300.0
CONCENTRA,38,Isère,isere,1 - Beaucoup de difficultés ou ne peut pas du tout,11800.0
CONCENTRA,38,Isère,isere,2 - Quelques difficultés,33000.0
CONCENTRA,38,Isère,isere,3 - Aucune,261800.0
CONCENTRA,38,Isère,isere,Ensemble,306600.0
CONCENTRA,39,Jura,jura,1 - Beaucoup de difficultés ou ne peut pas du tout,2800.0
CONCENTRA,39,Jura,jura,2 - Quelques difficultés,9600.0
CONCENTRA,39,Jura,jura,3 - Aucune,65500.0
CONCENTRA,39,Jura,jura,Ensemble,77800.0
CONCENTRA,40,Landes,landes,1 - Beaucoup de difficultés ou ne peut pas du tout,6300.0
CONCENTRA,40,Landes,landes,2 - Quelques difficultés,16800.0
CONCENTRA,40,Landes,landes,3 - Aucune,111000.0
CONCENTRA,40,Landes,landes,Ensemble,134100.0
CONCENTRA,41,Loir-et-Cher,loiretcher,1 - Beaucoup de difficultés ou ne peut pas du tout,3000.0
CONCENTRA,41,Loir-et-Cher,loiretcher,2 - Quelques difficultés,9300.0
CONCENTRA,41,Loir-et-Cher,loiretcher,3 - Aucune,89600.0
CONCENTRA,41,Loir-et-Cher,loiretcher,Ensemble,101900.0
CONCENTRA,42,Loire,loire,1 - Beaucoup de difficultés ou ne peut pas du tout,5800.0
CONCENTRA,42,Loire,loire,2 - Quelques difficultés,30200.0
CONCENTRA,42,Loire,loire,3 - Aucune,173800.0
CONCENTRA,42,Loire,loire,Ensemble,209800.0
CONCENTRA,43,Haute-Loire,hauteloire,1 - Beaucoup de difficultés ou ne peut pas du tout,3800.0
CONCENTRA,43,Haute-Loire,hauteloire,2 - Quelques difficultés,10600.0
CONCENTRA,43,Haute-Loire,hauteloire,3 - Aucune,54900.0
CONCENTRA,43,Haute-Loire,hauteloire,Ensemble,69300.0
CONCENTRA,44,Loire-Atlantique,loireatlantique,1 - Beaucoup de difficultés ou ne peut pas du tout,8900.0
CONCENTRA,44,Loire-Atlantique,loireatlantique,2 - Quelques difficultés,37400.0
CONCENTRA,44,Loire-Atlantique,loireatlantique,3 - Aucune,289600.0
CONCENTRA,44,Loire-Atlantique,loireatlantique,Ensemble,335900.0
CONCENTRA,45,Loiret,loiret,1 - Beaucoup de difficultés ou ne peut pas du tout,5800.0
CONCENTRA,45,Loiret,loiret,2 - Quelques difficultés,23400.0
CONCENTRA,45,Loiret,loiret,3 - Aucune,145500.0
CONCENTRA,45,Loiret,loiret,Ensemble,174600.0
CONCENTRA,46,Lot,lot,1 - Beaucoup de difficultés ou ne peut pas du tout,2600.0
CONCENTRA,46,Lot,lot,2 - Quelques difficultés,7800.0
CONCENTRA,46,Lot,lot,3 - Aucune,54800.0
CONCENTRA,46,Lot,lot,Ensemble,65200.0
CONCENTRA,47,Lot-et-Garonne,lotetgaronne,1 - Beaucoup de difficultés ou ne peut pas du tout,4200.0
CONCENTRA,47,Lot-et-Garonne,lotetgaronne,2 - Quelques difficultés,14600.0
CONCENTRA,47,Lot-et-Garonne,lotetgaronne,3 - Aucune,89300.0
CONCENTRA,47,Lot-et-Garonne,lotetgaronne,Ensemble,108100.0
CONCENTRA,48,Lozère,lozere,1 - Beaucoup de difficultés ou ne peut pas du tout,900.0
CONCENTRA,48,Lozère,lozere,2 - Quelques difficultés,3900.0
CONCENTRA,48,Lozère,lozere,3 - Aucune,18800.0
CONCENTRA,48,Lozère,lozere,Ensemble,23600.0
CONCENTRA,49,Maine-et-Loire,maineetloire,1 - Beaucoup de difficultés ou ne peut pas du tout,5100.0
CONCENTRA,49,Maine-et-Loire,maineetloire,2 - Quelques difficultés,22800.0
CONCENTRA,49,Maine-et-Loire,maineetloire,3 - Aucune,183700.0
CONCENTRA,49,Maine-et-Loire,maineetloire,Ensemble,211600.0
CONCENTRA,50,Manche,manche,1 - Beaucoup de difficultés ou ne peut pas du tout,4300.0
CONCENTRA,50,Manche,manche,2 - Quelques difficultés,17400.0
CONCENTRA,50,Manche,manche,3 - Aucune,135000.0
CONCENTRA,50,Manche,manche,Ensemble,156700.0
CONCENTRA,51,Marne,marne,1 - Beaucoup de difficultés ou ne peut pas du tout,5300.0
CONCENTRA,51,Marne,marne,2 - Quelques difficultés,17000.0
CONCENTRA,51,Marne,marne,3 - Aucune,119800.0
CONCENTRA,51,Marne,marne,Ensemble,142100.0
CONCENTRA,52,Haute-Marne,hautemarne,1 - Beaucoup de difficultés ou ne peut pas du tout,2000.0
CONCENTRA,52,Haute-Marne,hautemarne,2 - Quelques difficultés,6600.0
CONCENTRA,52,Haute-Marne,hautemarne,3 - Aucune,45100.0
CONCENTRA,52,Haute-Marne,hautemarne,Ensemble,53800.0
CONCENTRA,53,Mayenne,mayenne,1 - Beaucoup de difficultés ou ne peut pas du tout,3300.0
CONCENTRA,53,Mayenne,mayenne,2 - Quelques difficultés,11600.0
CONCENTRA,53,Mayenne,mayenne,3 - Aucune,69900.0
CONCENTRA,53,Mayenne,mayenne,Ensemble,84800.0
CONCENTRA,54,Meurthe-et-Moselle,meurtheetmoselle,1 - Beaucoup de difficultés ou ne peut pas du tout,4100.0
CONCENTRA,54,Meurthe-et-Moselle,meurtheetmoselle,2 - Quelques difficultés,18200.0
CONCENTRA,54,Meurthe-et-Moselle,meurtheetmoselle,3 - Aucune,161300.0
CONCENTRA,54,Meurthe-et-Moselle,meurtheetmoselle,Ensemble,183600.0
CONCENTRA,55,Meuse,meuse,1 - Beaucoup de difficultés ou ne peut pas du tout,1600.0
CONCENTRA,55,Meuse,meuse,2 - Quelques difficultés,6700.0
CONCENTRA,55,Meuse,meuse,3 - Aucune,45500.0
CONCENTRA,55,Meuse,meuse,Ensemble,53800.0
CONCENTRA,56,Morbihan,morbihan,1 - Beaucoup de difficultés ou ne peut pas du tout,4900.0
CONCENTRA,56,Morbihan,morbihan,2 - Quelques difficultés,26400.0
CONCENTRA,56,Morbihan,morbihan,3 - Aucune,210400.0
CONCENTRA,56,Morbihan,morbihan,Ensemble,241700.0
CONCENTRA,57,Moselle,moselle,1 - Beaucoup de difficultés ou ne peut pas du tout,10500.0
CONCENTRA,57,Moselle,moselle,2 - Quelques difficultés,41500.0
CONCENTRA,57,Moselle,moselle,3 - Aucune,223200.0
CONCENTRA,57,Moselle,moselle,Ensemble,275100.0
CONCENTRA,58,Nièvre,nievre,1 - Beaucoup de difficultés ou ne peut pas du tout,2500.0
CONCENTRA,58,Nièvre,nievre,2 - Quelques difficultés,9200.0
CONCENTRA,58,Nièvre,nievre,3 - Aucune,61000.0
CONCENTRA,58,Nièvre,nievre,Ensemble,72700.0
CONCENTRA,59,Nord,nord,1 - Beaucoup de difficultés ou ne peut pas du tout,24700.0
CONCENTRA,59,Nord,nord,2 - Quelques difficultés,75500.0
CONCENTRA,59,Nord,nord,3 - Aucune,487700.0
CONCENTRA,59,Nord,nord,Ensemble,587800.0
CONCENTRA,60,Oise,oise,1 - Beaucoup de difficultés ou ne peut pas du tout,4000.0
CONCENTRA,60,Oise,oise,2 - Quelques difficultés,21200.0
CONCENTRA,60,Oise,oise,3 - Aucune,164400.0
CONCENTRA,60,Oise,oise,Ensemble,189600.0
CONCENTRA,61,Orne,orne,1 - Beaucoup de difficultés ou ne peut pas du tout,3400.0
CONCENTRA,61,Orne,orne,2 - Quelques difficultés,10100.0
CONCENTRA,61,Orne,orne,3 - Aucune,76300.0
CONCENTRA,61,Orne,orne,Ensemble,89800.0
CONCENTRA,62,Pas-de-Calais,pasdecalais,1 - Beaucoup de difficultés ou ne peut pas du tout,12500.0
CONCENTRA,62,Pas-de-Calais,pasdecalais,2 - Quelques difficultés,58200.0
CONCENTRA,62,Pas-de-Calais,pasdecalais,3 - Aucune,297800.0
CONCENTRA,62,Pas-de-Calais,pasdecalais,Ensemble,368500.0
CONCENTRA,63,Puy-de-Dôme,puydedome,1 - Beaucoup de difficultés ou ne peut pas du tout,7500.0
CONCENTRA,63,Puy-de-Dôme,puydedome,2 - Quelques difficultés,23200.0
CONCENTRA,63,Puy-de-Dôme,puydedome,3 - Aucune,151500.0
CONCENTRA,63,Puy-de-Dôme,puydedome,Ensemble,182100.0
CONCENTRA,64,Pyrénées-Atlantiques,pyreneesatlantiques,1 - Beaucoup de difficultés ou ne peut pas du tout,5200.0
CONCENTRA,64,Pyrénées-Atlantiques,pyreneesatlantiques,2 - Quelques difficultés,27600.0
CONCENTRA,64,Pyrénées-Atlantiques,pyreneesatlantiques,3 - Aucune,175200.0
CONCENTRA,64,Pyrénées-Atlantiques,pyreneesatlantiques,Ensemble,208000.0
CONCENTRA,65,Hautes-Pyrénées,hautespyrenees,1 - Beaucoup de difficultés ou ne peut pas du tout,4900.0
CONCENTRA,65,Hautes-Pyrénées,hautespyrenees,2 - Quelques difficultés,12600.0
CONCENTRA,65,Hautes-Pyrénées,hautespyrenees,3 - Aucune,59300.0
CONCENTRA,65,Hautes-Pyrénées,hautespyrenees,Ensemble,76700.0
CONCENTRA,66,Pyrénées-Orientales,pyreneesorientales,1 - Beaucoup de difficultés ou ne peut pas du tout,7300.0
CONCENTRA,66,Pyrénées-Orientales,pyreneesorientales,2 - Quelques difficultés,18400.0
CONCENTRA,66,Pyrénées-Orientales,pyreneesorientales,3 - Aucune,130900.0
CONCENTRA,66,Pyrénées-Orientales,pyreneesorientales,Ensemble,156700.0
CONCENTRA,67,Bas-Rhin,basrhin,1 - Beaucoup de difficultés ou ne peut pas du tout,11900.0
CONCENTRA,67,Bas-Rhin,basrhin,2 - Quelques difficultés,36500.0
CONCENTRA,67,Bas-Rhin,basrhin,3 - Aucune,233400.0
CONCENTRA,67,Bas-Rhin,basrhin,Ensemble,281800.0
CONCENTRA,68,Haut-Rhin,hautrhin,1 - Beaucoup de difficultés ou ne peut pas du tout,6800.0
CONCENTRA,68,Haut-Rhin,hautrhin,2 - Quelques difficultés,25600.0
CONCENTRA,68,Haut-Rhin,hautrhin,3 - Aucune,168100.0
CONCENTRA,68,Haut-Rhin,hautrhin,Ensemble,200500.0
CONCENTRA,69,Rhône,rhone,1 - Beaucoup de difficultés ou ne peut pas du tout,10800.0
CONCENTRA,69,Rhône,rhone,2 - Quelques difficultés,48800.0
CONCENTRA,69,Rhône,rhone,3 - Aucune,341300.0
CONCENTRA,69,Rhône,rhone,Ensemble,400900.0
CONCENTRA,70,Haute-Saône,hautesaone,1 - Beaucoup de difficultés ou ne peut pas du tout,1500.0
CONCENTRA,70,Haute-Saône,hautesaone,2 - Quelques difficultés,8800.0
CONCENTRA,70,Haute-Saône,hautesaone,3 - Aucune,60200.0
CONCENTRA,70,Haute-Saône,hautesaone,Ensemble,70500.0
CONCENTRA,71,Saône-et-Loire,saoneetloire,1 - Beaucoup de difficultés ou ne peut pas du tout,6000.0
CONCENTRA,71,Saône-et-Loire,saoneetloire,2 - Quelques difficultés,20500.0
CONCENTRA,71,Saône-et-Loire,saoneetloire,3 - Aucune,150600.0
CONCENTRA,71,Saône-et-Loire,saoneetloire,Ensemble,177000.0
CONCENTRA,72,Sarthe,sarthe,1 - Beaucoup de difficultés ou ne peut pas du tout,3500.0
CONCENTRA,72,Sarthe,sarthe,2 - Quelques difficultés,15300.0
CONCENTRA,72,Sarthe,sarthe,3 - Aucune,140300.0
CONCENTRA,72,Sarthe,sarthe,Ensemble,159100.0
CONCENTRA,73,Savoie,savoie,1 - Beaucoup de difficultés ou ne peut pas du tout,2100.0
CONCENTRA,73,Savoie,savoie,2 - Quelques difficultés,15400.0
CONCENTRA,73,Savoie,savoie,3 - Aucune,99900.0
CONCENTRA,73,Savoie,savoie,Ensemble,117400.0
CONCENTRA,74,Haute-Savoie,hautesavoie,1 - Beaucoup de difficultés ou ne peut pas du tout,4600.0
CONCENTRA,74,Haute-Savoie,hautesavoie,2 - Quelques difficultés,19500.0
CONCENTRA,74,Haute-Savoie,hautesavoie,3 - Aucune,160000.0
CONCENTRA,74,Haute-Savoie,hautesavoie,Ensemble,184100.0
CONCENTRA,75,Paris,paris,1 - Beaucoup de difficultés ou ne peut pas du tout,11600.0
CONCENTRA,75,Paris,paris,2 - Quelques difficultés,58400.0
CONCENTRA,75,Paris,paris,3 - Aucune,402400.0
CONCENTRA,75,Paris,paris,Ensemble,472500.0
CONCENTRA,76,Seine-Maritime,seinemaritime,1 - Beaucoup de difficultés ou ne peut pas du tout,11400.0
CONCENTRA,76,Seine-Maritime,seinemaritime,2 - Quelques difficultés,42100.0
CONCENTRA,76,Seine-Maritime,seinemaritime,3 - Aucune,271200.0
CONCENTRA,76,Seine-Maritime,seinemaritime,Ensemble,324600.0
CONCENTRA,77,Seine-et-Marne,seineetmarne,1 - Beaucoup de difficultés ou ne peut pas du tout,7500.0
CONCENTRA,77,Seine-et-Marne,seineetmarne,2 - Quelques difficultés,29400.0
CONCENTRA,77,Seine-et-Marne,seineetmarne,3 - Aucune,248800.0
CONCENTRA,77,Seine-et-Marne,seineetmarne,Ensemble,285800.0
CONCENTRA,78,Yvelines,yvelines,1 - Beaucoup de difficultés ou ne peut pas du tout,5600.0
CONCENTRA,78,Yvelines,yvelines,2 - Quelques difficultés,28000.0
CONCENTRA,78,Yvelines,yvelines,3 - Aucune,280200.0
CONCENTRA,78,Yvelines,yvelines,Ensemble,313800.0
CONCENTRA,79,Deux-Sèvres,deuxsevres,1 - Beaucoup de difficultés ou ne peut pas du tout,3600.0
CONCENTRA,79,Deux-Sèvres,deuxsevres,2 - Quelques difficultés,11700.0
CONCENTRA,79,Deux-Sèvres,deuxsevres,3 - Aucune,95300.0
CONCENTRA,79,Deux-Sèvres,deuxsevres,Ensemble,110600.0
CONCENTRA,80,Somme,somme,1 - Beaucoup de difficultés ou ne peut pas du tout,4800.0
CONCENTRA,80,Somme,somme,2 - Quelques difficultés,18700.0
CONCENTRA,80,Somme,somme,3 - Aucune,123500.0
CONCENTRA,80,Somme,somme,Ensemble,147100.0
CONCENTRA,81,Tarn,tarn,1 - Beaucoup de difficultés ou ne peut pas du tout,6200.0
CONCENTRA,81,Tarn,tarn,2 - Quelques difficultés,17100.0
CONCENTRA,81,Tarn,tarn,3 - Aucune,98100.0
CONCENTRA,81,Tarn,tarn,Ensemble,121400.0
CONCENTRA,82,Tarn-et-Garonne,tarnetgaronne,1 - Beaucoup de difficultés ou ne peut pas du tout,3200.0
CONCENTRA,82,Tarn-et-Garonne,tarnetgaronne,2 - Quelques difficultés,11300.0
CONCENTRA,82,Tarn-et-Garonne,tarnetgaronne,3 - Aucune,58900.0
CONCENTRA,82,Tarn-et-Garonne,tarnetgaronne,Ensemble,73400.0
CONCENTRA,83,Var,var,1 - Beaucoup de difficultés ou ne peut pas du tout,11900.0
CONCENTRA,83,Var,var,2 - Quelques difficultés,43500.0
CONCENTRA,83,Var,var,3 - Aucune,296200.0
CONCENTRA,83,Var,var,Ensemble,351600.0
CONCENTRA,84,Vaucluse,vaucluse,1 - Beaucoup de difficultés ou ne peut pas du tout,3900.0
CONCENTRA,84,Vaucluse,vaucluse,2 - Quelques difficultés,23800.0
CONCENTRA,84,Vaucluse,vaucluse,3 - Aucune,132200.0
CONCENTRA,84,Vaucluse,vaucluse,Ensemble,159900.0
CONCENTRA,85,Vendée,vendee,1 - Beaucoup de difficultés ou ne peut pas du tout,6200.0
CONCENTRA,85,Vendée,vendee,2 - Quelques difficultés,26400.0
CONCENTRA,85,Vendée,vendee,3 - Aucune,180400.0
CONCENTRA,85,Vendée,vendee,Ensemble,213000.0
CONCENTRA,86,Vienne,vienne,1 - Beaucoup de difficultés ou ne peut pas du tout,2400.0
CONCENTRA,86,Vienne,vienne,2 - Quelques difficultés,13400.0
CONCENTRA,86,Vienne,vienne,3 - Aucune,106100.0
CONCENTRA,86,Vienne,vienne,Ensemble,122000.0
CONCENTRA,87,Haute-Vienne,hautevienne,1 - Beaucoup de difficultés ou ne peut pas du tout,5400.0
CONCENTRA,87,Haute-Vienne,hautevienne,2 - Quelques difficultés,16400.0
CONCENTRA,87,Haute-Vienne,hautevienne,3 - Aucune,93600.0
CONCENTRA,87,Haute-Vienne,hautevienne,Ensemble,115500.0
CONCENTRA,88,Vosges,vosges,1 - Beaucoup de difficultés ou ne peut pas du tout,3000.0
CONCENTRA,88,Vosges,vosges,2 - Quelques difficultés,13700.0
CONCENTRA,88,Vosges,vosges,3 - Aucune,94900.0
CONCENTRA,88,Vosges,vosges,Ensemble,111600.0
CONCENTRA,89,Yonne,yonne,1 - Beaucoup de difficultés ou ne peut pas du tout,1800.0
CONCENTRA,89,Yonne,yonne,2 - Quelques difficultés,12200.0
CONCENTRA,89,Yonne,yonne,3 - Aucune,88000.0
CONCENTRA,89,Yonne,yonne,Ensemble,102000.0
CONCENTRA,90,Territoire de Belfort,territoiredebelfort,1 - Beaucoup de difficultés ou ne peut pas du tout,1000.0
CONCENTRA,90,Territoire de Belfort,territoiredebelfort,2 - Quelques difficultés,3900.0
CONCENTRA,90,Territoire de Belfort,territoiredebelfort,3 - Aucune,31700.0
CONCENTRA,90,Territoire de Belfort,territoiredebelfort,Ensemble,36600.0
CONCENTRA,91,Essonne,essonne,1 - Beaucoup de difficultés ou ne peut pas du tout,7700.0
CONCENTRA,91,Essonne,essonne,2 - Quelques difficultés,31500.0
CONCENTRA,91,Essonne,essonne,3 - Aucune,221300.0
CONCENTRA,91,Essonne,essonne,Ensemble,260500.0
CONCENTRA,92,Hauts-de-Seine,hautsdeseine,1 - Beaucoup de difficultés ou ne peut pas du tout,8700.0
CONCENTRA,92,Hauts-de-Seine,hautsdeseine,2 - Quelques difficultés,31700.0
CONCENTRA,92,Hauts-de-Seine,hautsdeseine,3 - Aucune,279700.0
CONCENTRA,92,Hauts-de-Seine,hautsdeseine,Ensemble,320200.0
CONCENTRA,93,Seine-Saint-Denis,seinesaintdenis,1 - Beaucoup de difficultés ou ne peut pas du tout,11200.0
CONCENTRA,93,Seine-Saint-Denis,seinesaintdenis,2 - Quelques difficultés,42900.0
CONCENTRA,93,Seine-Saint-Denis,seinesaintdenis,3 - Aucune,213100.0
CONCENTRA,93,Seine-Saint-Denis,seinesaintdenis,Ensemble,267200.0
CONCENTRA,94,Val-de-Marne,valdemarne,1 - Beaucoup de difficultés ou ne peut pas du tout,8500.0
CONCENTRA,94,Val-de-Marne,valdemarne,2 - Quelques difficultés,40700.0
CONCENTRA,94,Val-de-Marne,valdemarne,3 - Aucune,228500.0
CONCENTRA,94,Val-de-Marne,valdemarne,Ensemble,277700.0
CONCENTRA,95,Val-d'Oise,valdoise,1 - Beaucoup de difficultés ou ne peut pas du tout,6300.0
CONCENTRA,95,Val-d'Oise,valdoise,2 - Quelques difficultés,29800.0
CONCENTRA,95,Val-d'Oise,valdoise,3 - Aucune,197700.0
CONCENTRA,95,Val-d'Oise,valdoise,Ensemble,233800.0
CONCENTRA,971,Guadeloupe,guadeloupe,1 - Beaucoup de difficultés ou ne peut pas du tout,7200.0
CONCENTRA,971,Guadeloupe,guadeloupe,2 - Quelques difficultés,19000.0
CONCENTRA,971,Guadeloupe,guadeloupe,3 - Aucune,80000.0
CONCENTRA,971,Guadeloupe,guadeloupe,Ensemble,106200.0
CONCENTRA,972,Martinique,martinique,1 - Beaucoup de difficultés ou ne peut pas du tout,7200.0
CONCENTRA,972,Martinique,martinique,2 - Quelques difficultés,19600.0
CONCENTRA,972,Martinique,martinique,3 - Aucune,82600.0
CONCENTRA,972,Martinique,martinique,Ensemble,109300.0
CONCENTRA,973,Guyane,guyane,1 - Beaucoup de difficultés ou ne peut pas du tout,900.0
CONCENTRA,973,Guyane,guyane,2 - Quelques difficultés,4100.0
CONCENTRA,973,Guyane,guyane,3 - Aucune,23500.0
CONCENTRA,973,Guyane,guyane,Ensemble,28500.0
CONCENTRA,974,La Réunion,lareunion,1 - Beaucoup de difficultés ou ne peut pas du tout,9500.0
CONCENTRA,974,La Réunion,lareunion,2 - Quelques difficultés,25200.0
CONCENTRA,974,La Réunion,lareunion,3 - Aucune,128000.0
CONCENTRA,974,La Réunion,lareunion,Ensemble,162600.0
CONCENTRA,976,Mayotte,mayotte,1 - Beaucoup de difficultés ou ne peut pas du tout,1000.0
CONCENTRA,976,Mayotte,mayotte,2 - Quelques difficultés,1600.0
CONCENTRA,976,Mayotte,mayotte,3 - Aucune,10600.0
CONCENTRA,976,Mayotte,mayotte,Ensemble,13100.0
"CONCENTRA,None,""Lecture > Dans l'Ain, 2 600 personnes de 25 à 59 ans déclarent avoir beaucoup de difficultés pour se concentrer plus de 10 minutes ou ne pas pouvoir le faire du tout. "
Champ > Personnes de 5 ans ou plus vivant en logement ordinaire en France.
"Sources > Enquête Vie Quotidienne et Santé 2021, DREES."",lecturedanslain2600personnesde25a59ansdeclarentavoirbeaucoupdedifficultespourseconcentrerplusde10minutesounepaspouvoirlefairedutoutchamppersonnesde5ansouplusvivantenlogementordinaireenfrancesourcesenqueteviequotidienneetsante2021drees,,"
DECISION,01,Ain,ain,1 - Beaucoup de difficultés ou ne peut pas du tout,8900.0
DECISION,01,Ain,ain,2 - Quelques difficultés,12600.0
DECISION,01,Ain,ain,3 - Aucune,132500.0
DECISION,01,Ain,ain,Ensemble,154000.0
DECISION,02,Aisne,aisne,1 - Beaucoup de difficultés ou ne peut pas du tout,5200.0
DECISION,02,Aisne,aisne,2 - Quelques difficultés,16600.0
DECISION,02,Aisne,aisne,3 - Aucune,120600.0
DECISION,02,Aisne,aisne,Ensemble,142400.0
DECISION,03,Allier,allier,1 - Beaucoup de difficultés ou ne peut pas du tout,4000.0
DECISION,03,Allier,allier,2 - Quelques difficultés,12800.0
DECISION,03,Allier,allier,3 - Aucune,96600.0
DECISION,03,Allier,allier,Ensemble,113400.0
DECISION,04,Alpes-de-Haute-Provence,alpesdehauteprovence,1 - Beaucoup de difficultés ou ne peut pas du tout,1800.0
DECISION,04,Alpes-de-Haute-Provence,alpesdehauteprovence,2 - Quelques difficultés,6200.0
DECISION,04,Alpes-de-Haute-Provence,alpesdehauteprovence,3 - Aucune,47400.0
DECISION,04,Alpes-de-Haute-Provence,alpesdehauteprovence,Ensemble,55300.0
DECISION,05,Hautes-Alpes,hautesalpes,1 - Beaucoup de difficultés ou ne peut pas du tout,1400.0
DECISION,05,Hautes-Alpes,hautesalpes,2 - Quelques difficultés,7300.0
DECISION,05,Hautes-Alpes,hautesalpes,3 - Aucune,35600.0
DECISION,05,Hautes-Alpes,hautesalpes,Ensemble,44400.0
DECISION,06,Alpes-Maritimes,alpesmaritimes,1 - Beaucoup de difficultés ou ne peut pas du tout,17000.0
DECISION,06,Alpes-Maritimes,alpesmaritimes,2 - Quelques difficultés,33100.0
DECISION,06,Alpes-Maritimes,alpesmaritimes,3 - Aucune,276400.0
DECISION,06,Alpes-Maritimes,alpesmaritimes,Ensemble,326500.0
DECISION,07,Ardèche,ardeche,1 - Beaucoup de difficultés ou ne peut pas du tout,4400.0
DECISION,07,Ardèche,ardeche,2 - Quelques difficultés,15200.0
DECISION,07,Ardèche,ardeche,3 - Aucune,82300.0
DECISION,07,Ardèche,ardeche,Ensemble,101800.0
DECISION,08,Ardennes,ardennes,1 - Beaucoup de difficultés ou ne peut pas du tout,2700.0
DECISION,08,Ardennes,ardennes,2 - Quelques difficultés,8400.0
DECISION,08,Ardennes,ardennes,3 - Aucune,65400.0
DECISION,08,Ardennes,ardennes,Ensemble,76500.0
DECISION,09,Ariège,ariege,1 - Beaucoup de difficultés ou ne peut pas du tout,1400.0
DECISION,09,Ariège,ariege,2 - Quelques difficultés,6200.0
DECISION,09,Ariège,ariege,3 - Aucune,43300.0
DECISION,09,Ariège,ariege,Ensemble,50900.0
DECISION,10,Aube,aube,1 - Beaucoup de difficultés ou ne peut pas du tout,3200.0
DECISION,10,Aube,aube,2 - Quelques difficultés,11700.0
DECISION,10,Aube,aube,3 - Aucune,69300.0
DECISION,10,Aube,aube,Ensemble,84200.0
DECISION,11,Aude,aude,1 - Beaucoup de difficultés ou ne peut pas du tout,2400.0
DECISION,11,Aude,aude,2 - Quelques difficultés,14200.0
DECISION,11,Aude,aude,3 - Aucune,107100.0
DECISION,11,Aude,aude,Ensemble,123700.0
DECISION,12,Aveyron,aveyron,1 - Beaucoup de difficultés ou ne peut pas du tout,4300.0
DECISION,12,Aveyron,aveyron,2 - Quelques difficultés,12900.0
DECISION,12,Aveyron,aveyron,3 - Aucune,75700.0
DECISION,12,Aveyron,aveyron,Ensemble,92800.0
DECISION,13,Bouches-du-Rhône,bouchesdurhone,1 - Beaucoup de difficultés ou ne peut pas du tout,25000.0
DECISION,13,Bouches-du-Rhône,bouchesdurhone,2 - Quelques difficultés,61000.0
DECISION,13,Bouches-du-Rhône,bouchesdurhone,3 - Aucune,443400.0
DECISION,13,Bouches-du-Rhône,bouchesdurhone,Ensemble,529400.0
DECISION,14,Calvados,calvados,1 - Beaucoup de difficultés ou ne peut pas du tout,8400.0
DECISION,14,Calvados,calvados,2 - Quelques difficultés,15100.0
DECISION,14,Calvados,calvados,3 - Aucune,171000.0
DECISION,14,Calvados,calvados,Ensemble,194600.0
DECISION,15,Cantal,cantal,1 - Beaucoup de difficultés ou ne peut pas du tout,1400.0
DECISION,15,Cantal,cantal,2 - Quelques difficultés,8300.0
DECISION,15,Cantal,cantal,3 - Aucune,39800.0
DECISION,15,Cantal,cantal,Ensemble,49500.0
DECISION,16,Charente,charente,1 - Beaucoup de difficultés ou ne peut pas du tout,4500.0
DECISION,16,Charente,charente,2 - Quelques difficultés,13600.0
DECISION,16,Charente,charente,3 - Aucune,93200.0
DECISION,16,Charente,charente,Ensemble,111300.0
DECISION,17,Charente-Maritime,charentemaritime,1 - Beaucoup de difficultés ou ne peut pas du tout,6500.0
DECISION,17,Charente-Maritime,charentemaritime,2 - Quelques difficultés,25100.0
DECISION,17,Charente-Maritime,charentemaritime,3 - Aucune,196000.0
DECISION,17,Charente-Maritime,charentemaritime,Ensemble,227600.0
DECISION,18,Cher,cher,1 - Beaucoup de difficultés ou ne peut pas du tout,3100.0
DECISION,18,Cher,cher,2 - Quelques difficultés,7700.0
DECISION,18,Cher,cher,3 - Aucune,84900.0
DECISION,18,Cher,cher,Ensemble,95800.0
DECISION,19,Corrèze,correze,1 - Beaucoup de difficultés ou ne peut pas du tout,2100.0
DECISION,19,Corrèze,correze,2 - Quelques difficultés,11600.0
DECISION,19,Corrèze,correze,3 - Aucune,67700.0
DECISION,19,Corrèze,correze,Ensemble,81500.0
DECISION,21,Côte-d'Or,cotedor,1 - Beaucoup de difficultés ou ne peut pas du tout,5200.0
DECISION,21,Côte-d'Or,cotedor,2 - Quelques difficultés,15800.0
DECISION,21,Côte-d'Or,cotedor,3 - Aucune,121100.0
DECISION,21,Côte-d'Or,cotedor,Ensemble,142100.0
DECISION,22,Côtes d'Armor,cotesdarmor,1 - Beaucoup de difficultés ou ne peut pas du tout,5400.0
DECISION,22,Côtes d'Armor,cotesdarmor,2 - Quelques difficultés,17700.0
DECISION,22,Côtes d'Armor,cotesdarmor,3 - Aucune,173200.0
DECISION,22,Côtes d'Armor,cotesdarmor,Ensemble,196200.0
DECISION,23,Creuse,creuse,1 - Beaucoup de difficultés ou ne peut pas du tout,2100.0
DECISION,23,Creuse,creuse,2 - Quelques difficultés,6200.0
DECISION,23,Creuse,creuse,3 - Aucune,35600.0
DECISION,23,Creuse,creuse,Ensemble,43900.0
DECISION,24,Dordogne,dordogne,1 - Beaucoup de difficultés ou ne peut pas du tout,5500.0
DECISION,24,Dordogne,dordogne,2 - Quelques difficultés,14400.0
DECISION,24,Dordogne,dordogne,3 - Aucune,130000.0
DECISION,24,Dordogne,dordogne,Ensemble,149900.0
DECISION,25,Doubs,doubs,1 - Beaucoup de difficultés ou ne peut pas du tout,5400.0
DECISION,25,Doubs,doubs,2 - Quelques difficultés,17400.0
DECISION,25,Doubs,doubs,3 - Aucune,113600.0
DECISION,25,Doubs,doubs,Ensemble,136400.0
DECISION,26,Drôme,drome,1 - Beaucoup de difficultés ou ne peut pas du tout,3700.0
DECISION,26,Drôme,drome,2 - Quelques difficultés,16900.0
DECISION,26,Drôme,drome,3 - Aucune,124100.0
DECISION,26,Drôme,drome,Ensemble,144800.0
DECISION,27,Eure,eure,1 - Beaucoup de difficultés ou ne peut pas du tout,4200.0
DECISION,27,Eure,eure,2 - Quelques difficultés,16100.0
DECISION,27,Eure,eure,3 - Aucune,132900.0
DECISION,27,Eure,eure,Ensemble,153200.0
DECISION,28,Eure-et-Loire,eureetloire,1 - Beaucoup de difficultés ou ne peut pas du tout,5600.0
DECISION,28,Eure-et-Loire,eureetloire,2 - Quelques difficultés,11600.0
DECISION,28,Eure-et-Loire,eureetloire,3 - Aucune,98100.0
DECISION,28,Eure-et-Loire,eureetloire,Ensemble,115200.0
DECISION,29,Finistère,finistere,1 - Beaucoup de difficultés ou ne peut pas du tout,13900.0
DECISION,29,Finistère,finistere,2 - Quelques difficultés,28000.0
DECISION,29,Finistère,finistere,3 - Aucune,237000.0
DECISION,29,Finistère,finistere,Ensemble,278900.0
DECISION,2A,Corse-du-Sud,corsedusud,1 - Beaucoup de difficultés ou ne peut pas du tout,2700.0
DECISION,2A,Corse-du-Sud,corsedusud,2 - Quelques difficultés,7200.0
DECISION,2A,Corse-du-Sud,corsedusud,3 - Aucune,38900.0
DECISION,2A,Corse-du-Sud,corsedusud,Ensemble,48800.0
DECISION,2B,Haute-Corse,hautecorse,1 - Beaucoup de difficultés ou ne peut pas du tout,1700.0
DECISION,2B,Haute-Corse,hautecorse,2 - Quelques difficultés,6000.0
DECISION,2B,Haute-Corse,hautecorse,3 - Aucune,46000.0
DECISION,2B,Haute-Corse,hautecorse,Ensemble,53700.0
DECISION,30,Gard,gard,1 - Beaucoup de difficultés ou ne peut pas du tout,8400.0
DECISION,30,Gard,gard,2 - Quelques difficultés,28900.0
DECISION,30,Gard,gard,3 - Aucune,186700.0
DECISION,30,Gard,gard,Ensemble,224000.0
DECISION,31,Haute-Garonne,hautegaronne,1 - Beaucoup de difficultés ou ne peut pas du tout,12400.0
DECISION,31,Haute-Garonne,hautegaronne,2 - Quelques difficultés,33600.0
DECISION,31,Haute-Garonne,hautegaronne,3 - Aucune,257800.0
DECISION,31,Haute-Garonne,hautegaronne,Ensemble,303700.0
DECISION,32,Gers,gers,1 - Beaucoup de difficultés ou ne peut pas du tout,1900.0
DECISION,32,Gers,gers,2 - Quelques difficultés,5800.0
DECISION,32,Gers,gers,3 - Aucune,58400.0
DECISION,32,Gers,gers,Ensemble,66100.0
DECISION,33,Gironde,gironde,1 - Beaucoup de difficultés ou ne peut pas du tout,17300.0
DECISION,33,Gironde,gironde,2 - Quelques difficultés,49000.0
DECISION,33,Gironde,gironde,3 - Aucune,339300.0
DECISION,33,Gironde,gironde,Ensemble,405600.0
DECISION,34,Hérault,herault,1 - Beaucoup de difficultés ou ne peut pas du tout,10500.0
DECISION,34,Hérault,herault,2 - Quelques difficultés,31300.0
DECISION,34,Hérault,herault,3 - Aucune,282500.0
DECISION,34,Hérault,herault,Ensemble,324300.0
DECISION,35,Ille-et-Vilaine,illeetvilaine,1 - Beaucoup de difficultés ou ne peut pas du tout,6900.0
DECISION,35,Ille-et-Vilaine,illeetvilaine,2 - Quelques difficultés,26300.0
DECISION,35,Ille-et-Vilaine,illeetvilaine,3 - Aucune,217300.0
DECISION,35,Ille-et-Vilaine,illeetvilaine,Ensemble,250500.0
DECISION,36,Indre,indre,1 - Beaucoup de difficultés ou ne peut pas du tout,3300.0
DECISION,36,Indre,indre,2 - Quelques difficultés,8700.0
DECISION,36,Indre,indre,3 - Aucune,63600.0
DECISION,36,Indre,indre,Ensemble,75600.0
DECISION,37,Indre-et-Loire,indreetloire,1 - Beaucoup de difficultés ou ne peut pas du tout,4800.0
DECISION,37,Indre-et-Loire,indreetloire,2 - Quelques difficultés,15900.0
DECISION,37,Indre-et-Loire,indreetloire,3 - Aucune,146700.0
DECISION,37,Indre-et-Loire,indreetloire,Ensemble,167300.0
DECISION,38,Isère,isere,1 - Beaucoup de difficultés ou ne peut pas du tout,13100.0
DECISION,38,Isère,isere,2 - Quelques difficultés,31300.0
DECISION,38,Isère,isere,3 - Aucune,262200.0
DECISION,38,Isère,isere,Ensemble,306600.0
DECISION,39,Jura,jura,1 - Beaucoup de difficultés ou ne peut pas du tout,2300.0
DECISION,39,Jura,jura,2 - Quelques difficultés,10400.0
DECISION,39,Jura,jura,3 - Aucune,65200.0
DECISION,39,Jura,jura,Ensemble,77800.0
DECISION,40,Landes,landes,1 - Beaucoup de difficultés ou ne peut pas du tout,6400.0
DECISION,40,Landes,landes,2 - Quelques difficultés,16000.0
DECISION,40,Landes,landes,3 - Aucune,111700.0
DECISION,40,Landes,landes,Ensemble,134100.0
DECISION,41,Loir-et-Cher,loiretcher,1 - Beaucoup de difficultés ou ne peut pas du tout,3400.0
DECISION,41,Loir-et-Cher,loiretcher,2 - Quelques difficultés,9800.0
DECISION,41,Loir-et-Cher,loiretcher,3 - Aucune,88800.0
DECISION,41,Loir-et-Cher,loiretcher,Ensemble,101900.0
DECISION,42,Loire,loire,1 - Beaucoup de difficultés ou ne peut pas du tout,7800.0
DECISION,42,Loire,loire,2 - Quelques difficultés,25900.0
DECISION,42,Loire,loire,3 - Aucune,176100.0
DECISION,42,Loire,loire,Ensemble,209800.0
DECISION,43,Haute-Loire,hauteloire,1 - Beaucoup de difficultés ou ne peut pas du tout,3500.0
DECISION,43,Haute-Loire,hauteloire,2 - Quelques difficultés,11500.0
DECISION,43,Haute-Loire,hauteloire,3 - Aucune,54200.0
DECISION,43,Haute-Loire,hauteloire,Ensemble,69300.0
DECISION,44,Loire-Atlantique,loireatlantique,1 - Beaucoup de difficultés ou ne peut pas du tout,10500.0
DECISION,44,Loire-Atlantique,loireatlantique,2 - Quelques difficultés,36400.0
DECISION,44,Loire-Atlantique,loireatlantique,3 - Aucune,289000.0
DECISION,44,Loire-Atlantique,loireatlantique,Ensemble,335900.0
DECISION,45,Loiret,loiret,1 - Beaucoup de difficultés ou ne peut pas du tout,8500.0
DECISION,45,Loiret,loiret,2 - Quelques difficultés,19700.0
DECISION,45,Loiret,loiret,3 - Aucune,146400.0
DECISION,45,Loiret,loiret,Ensemble,174600.0
DECISION,46,Lot,lot,1 - Beaucoup de difficultés ou ne peut pas du tout,2500.0
DECISION,46,Lot,lot,2 - Quelques difficultés,6900.0
DECISION,46,Lot,lot,3 - Aucune,55700.0
DECISION,46,Lot,lot,Ensemble,65200.0
DECISION,47,Lot-et-Garonne,lotetgaronne,1 - Beaucoup de difficultés ou ne peut pas du tout,4000.0
DECISION,47,Lot-et-Garonne,lotetgaronne,2 - Quelques difficultés,12900.0
DECISION,47,Lot-et-Garonne,lotetgaronne,3 - Aucune,91200.0
DECISION,47,Lot-et-Garonne,lotetgaronne,Ensemble,108100.0
DECISION,48,Lozère,lozere,1 - Beaucoup de difficultés ou ne peut pas du tout,1600.0
DECISION,48,Lozère,lozere,2 - Quelques difficultés,3700.0
DECISION,48,Lozère,lozere,3 - Aucune,18200.0
DECISION,48,Lozère,lozere,Ensemble,23600.0
DECISION,49,Maine-et-Loire,maineetloire,1 - Beaucoup de difficultés ou ne peut pas du tout,7100.0
DECISION,49,Maine-et-Loire,maineetloire,2 - Quelques difficultés,21700.0
DECISION,49,Maine-et-Loire,maineetloire,3 - Aucune,182800.0
DECISION,49,Maine-et-Loire,maineetloire,Ensemble,211600.0
DECISION,50,Manche,manche,1 - Beaucoup de difficultés ou ne peut pas du tout,4400.0
DECISION,50,Manche,manche,2 - Quelques difficultés,15400.0
DECISION,50,Manche,manche,3 - Aucune,136900.0
DECISION,50,Manche,manche,Ensemble,156700.0
DECISION,51,Marne,marne,1 - Beaucoup de difficultés ou ne peut pas du tout,5800.0
DECISION,51,Marne,marne,2 - Quelques difficultés,16600.0
DECISION,51,Marne,marne,3 - Aucune,119700.0
DECISION,51,Marne,marne,Ensemble,142100.0
DECISION,52,Haute-Marne,hautemarne,1 - Beaucoup de difficultés ou ne peut pas du tout,2000.0
DECISION,52,Haute-Marne,hautemarne,2 - Quelques difficultés,7400.0
DECISION,52,Haute-Marne,hautemarne,3 - Aucune,44300.0
DECISION,52,Haute-Marne,hautemarne,Ensemble,53800.0
DECISION,53,Mayenne,mayenne,1 - Beaucoup de difficultés ou ne peut pas du tout,3300.0
DECISION,53,Mayenne,mayenne,2 - Quelques difficultés,9900.0
DECISION,53,Mayenne,mayenne,3 - Aucune,71700.0
DECISION,53,Mayenne,mayenne,Ensemble,84800.0
DECISION,54,Meurthe-et-Moselle,meurtheetmoselle,1 - Beaucoup de difficultés ou ne peut pas du tout,4200.0
DECISION,54,Meurthe-et-Moselle,meurtheetmoselle,2 - Quelques difficultés,22100.0
DECISION,54,Meurthe-et-Moselle,meurtheetmoselle,3 - Aucune,157400.0
DECISION,54,Meurthe-et-Moselle,meurtheetmoselle,Ensemble,183600.0
DECISION,55,Meuse,meuse,1 - Beaucoup de difficultés ou ne peut pas du tout,1900.0
DECISION,55,Meuse,meuse,2 - Quelques difficultés,6500.0
DECISION,55,Meuse,meuse,3 - Aucune,45400.0
DECISION,55,Meuse,meuse,Ensemble,53800.0
DECISION,56,Morbihan,morbihan,1 - Beaucoup de difficultés ou ne peut pas du tout,6400.0
DECISION,56,Morbihan,morbihan,2 - Quelques difficultés,26400.0
DECISION,56,Morbihan,morbihan,3 - Aucune,209000.0
DECISION,56,Morbihan,morbihan,Ensemble,241700.0
DECISION,57,Moselle,moselle,1 - Beaucoup de difficultés ou ne peut pas du tout,11800.0
DECISION,57,Moselle,moselle,2 - Quelques difficultés,36600.0
DECISION,57,Moselle,moselle,3 - Aucune,226800.0
DECISION,57,Moselle,moselle,Ensemble,275100.0
DECISION,58,Nièvre,nievre,1 - Beaucoup de difficultés ou ne peut pas du tout,2600.0
DECISION,58,Nièvre,nievre,2 - Quelques difficultés,9200.0
DECISION,58,Nièvre,nievre,3 - Aucune,61000.0
DECISION,58,Nièvre,nievre,Ensemble,72700.0
DECISION,59,Nord,nord,1 - Beaucoup de difficultés ou ne peut pas du tout,29800.0
DECISION,59,Nord,nord,2 - Quelques difficultés,70300.0
DECISION,59,Nord,nord,3 - Aucune,487700.0
DECISION,59,Nord,nord,Ensemble,587800.0
DECISION,60,Oise,oise,1 - Beaucoup de difficultés ou ne peut pas du tout,4000.0
DECISION,60,Oise,oise,2 - Quelques difficultés,21300.0
DECISION,60,Oise,oise,3 - Aucune,164300.0
DECISION,60,Oise,oise,Ensemble,189600.0
DECISION,61,Orne,orne,1 - Beaucoup de difficultés ou ne peut pas du tout,3500.0
DECISION,61,Orne,orne,2 - Quelques difficultés,9100.0
DECISION,61,Orne,orne,3 - Aucune,77200.0
DECISION,61,Orne,orne,Ensemble,89800.0
DECISION,62,Pas-de-Calais,pasdecalais,1 - Beaucoup de difficultés ou ne peut pas du tout,15500.0
DECISION,62,Pas-de-Calais,pasdecalais,2 - Quelques difficultés,51500.0
DECISION,62,Pas-de-Calais,pasdecalais,3 - Aucune,301500.0
DECISION,62,Pas-de-Calais,pasdecalais,Ensemble,368500.0
DECISION,63,Puy-de-Dôme,puydedome,1 - Beaucoup de difficultés ou ne peut pas du tout,6600.0
DECISION,63,Puy-de-Dôme,puydedome,2 - Quelques difficultés,21700.0
DECISION,63,Puy-de-Dôme,puydedome,3 - Aucune,153800.0
DECISION,63,Puy-de-Dôme,puydedome,Ensemble,182100.0
DECISION,64,Pyrénées-Atlantiques,pyreneesatlantiques,1 - Beaucoup de difficultés ou ne peut pas du tout,6700.0
DECISION,64,Pyrénées-Atlantiques,pyreneesatlantiques,2 - Quelques difficultés,23600.0
DECISION,64,Pyrénées-Atlantiques,pyreneesatlantiques,3 - Aucune,177800.0
DECISION,64,Pyrénées-Atlantiques,pyreneesatlantiques,Ensemble,208000.0
DECISION,65,Hautes-Pyrénées,hautespyrenees,1 - Beaucoup de difficultés ou ne peut pas du tout,4800.0
DECISION,65,Hautes-Pyrénées,hautespyrenees,2 - Quelques difficultés,10300.0
DECISION,65,Hautes-Pyrénées,hautespyrenees,3 - Aucune,61700.0
DECISION,65,Hautes-Pyrénées,hautespyrenees,Ensemble,76700.0
DECISION,66,Pyrénées-Orientales,pyreneesorientales,1 - Beaucoup de difficultés ou ne peut pas du tout,6600.0
DECISION,66,Pyrénées-Orientales,pyreneesorientales,2 - Quelques difficultés,18800.0
DECISION,66,Pyrénées-Orientales,pyreneesorientales,3 - Aucune,131400.0
DECISION,66,Pyrénées-Orientales,pyreneesorientales,Ensemble,156700.0
DECISION,67,Bas-Rhin,basrhin,1 - Beaucoup de difficultés ou ne peut pas du tout,11400.0
DECISION,67,Bas-Rhin,basrhin,2 - Quelques difficultés,32300.0
DECISION,67,Bas-Rhin,basrhin,3 - Aucune,238000.0
DECISION,67,Bas-Rhin,basrhin,Ensemble,281800.0
DECISION,68,Haut-Rhin,hautrhin,1 - Beaucoup de difficultés ou ne peut pas du tout,8200.0
DECISION,68,Haut-Rhin,hautrhin,2 - Quelques difficultés,20800.0
DECISION,68,Haut-Rhin,hautrhin,3 - Aucune,171500.0
DECISION,68,Haut-Rhin,hautrhin,Ensemble,200500.0
DECISION,69,Rhône,rhone,1 - Beaucoup de difficultés ou ne peut pas du tout,14300.0
DECISION,69,Rhône,rhone,2 - Quelques difficultés,38500.0
DECISION,69,Rhône,rhone,3 - Aucune,348100.0
DECISION,69,Rhône,rhone,Ensemble,400900.0
DECISION,70,Haute-Saône,hautesaone,1 - Beaucoup de difficultés ou ne peut pas du tout,2600.0
DECISION,70,Haute-Saône,hautesaone,2 - Quelques difficultés,7000.0
DECISION,70,Haute-Saône,hautesaone,3 - Aucune,60900.0
DECISION,70,Haute-Saône,hautesaone,Ensemble,70500.0
DECISION,71,Saône-et-Loire,saoneetloire,1 - Beaucoup de difficultés ou ne peut pas du tout,6100.0
DECISION,71,Saône-et-Loire,saoneetloire,2 - Quelques difficultés,21000.0
DECISION,71,Saône-et-Loire,saoneetloire,3 - Aucune,149900.0
DECISION,71,Saône-et-Loire,saoneetloire,Ensemble,177000.0
DECISION,72,Sarthe,sarthe,1 - Beaucoup de difficultés ou ne peut pas du tout,5100.0
DECISION,72,Sarthe,sarthe,2 - Quelques difficultés,16200.0
DECISION,72,Sarthe,sarthe,3 - Aucune,137800.0
DECISION,72,Sarthe,sarthe,Ensemble,159100.0
DECISION,73,Savoie,savoie,1 - Beaucoup de difficultés ou ne peut pas du tout,3400.0
DECISION,73,Savoie,savoie,2 - Quelques difficultés,13400.0
DECISION,73,Savoie,savoie,3 - Aucune,100700.0
DECISION,73,Savoie,savoie,Ensemble,117400.0
DECISION,74,Haute-Savoie,hautesavoie,1 - Beaucoup de difficultés ou ne peut pas du tout,5500.0
DECISION,74,Haute-Savoie,hautesavoie,2 - Quelques difficultés,17800.0
DECISION,74,Haute-Savoie,hautesavoie,3 - Aucune,160700.0
DECISION,74,Haute-Savoie,hautesavoie,Ensemble,184100.0
DECISION,75,Paris,paris,1 - Beaucoup de difficultés ou ne peut pas du tout,16600.0
DECISION,75,Paris,paris,2 - Quelques difficultés,50100.0
DECISION,75,Paris,paris,3 - Aucune,405800.0
DECISION,75,Paris,paris,Ensemble,472500.0
DECISION,76,Seine-Maritime,seinemaritime,1 - Beaucoup de difficultés ou ne peut pas du tout,14800.0
DECISION,76,Seine-Maritime,seinemaritime,2 - Quelques difficultés,37200.0
DECISION,76,Seine-Maritime,seinemaritime,3 - Aucune,272600.0
DECISION,76,Seine-Maritime,seinemaritime,Ensemble,324600.0
DECISION,77,Seine-et-Marne,seineetmarne,1 - Beaucoup de difficultés ou ne peut pas du tout,7000.0
DECISION,77,Seine-et-Marne,seineetmarne,2 - Quelques difficultés,24500.0
DECISION,77,Seine-et-Marne,seineetmarne,3 - Aucune,254300.0
DECISION,77,Seine-et-Marne,seineetmarne,Ensemble,285800.0
DECISION,78,Yvelines,yvelines,1 - Beaucoup de difficultés ou ne peut pas du tout,8600.0
DECISION,78,Yvelines,yvelines,2 - Quelques difficultés,27400.0
DECISION,78,Yvelines,yvelines,3 - Aucune,277900.0
DECISION,78,Yvelines,yvelines,Ensemble,313800.0
DECISION,79,Deux-Sèvres,deuxsevres,1 - Beaucoup de difficultés ou ne peut pas du tout,3700.0
DECISION,79,Deux-Sèvres,deuxsevres,2 - Quelques difficultés,14000.0
DECISION,79,Deux-Sèvres,deuxsevres,3 - Aucune,92900.0
DECISION,79,Deux-Sèvres,deuxsevres,Ensemble,110600.0
DECISION,80,Somme,somme,1 - Beaucoup de difficultés ou ne peut pas du tout,4200.0
DECISION,80,Somme,somme,2 - Quelques difficultés,23200.0
DECISION,80,Somme,somme,3 - Aucune,119600.0
DECISION,80,Somme,somme,Ensemble,147100.0
DECISION,81,Tarn,tarn,1 - Beaucoup de difficultés ou ne peut pas du tout,5800.0
DECISION,81,Tarn,tarn,2 - Quelques difficultés,14700.0
DECISION,81,Tarn,tarn,3 - Aucune,100900.0
DECISION,81,Tarn,tarn,Ensemble,121400.0
DECISION,82,Tarn-et-Garonne,tarnetgaronne,1 - Beaucoup de difficultés ou ne peut pas du tout,3700.0
DECISION,82,Tarn-et-Garonne,tarnetgaronne,2 - Quelques difficultés,9200.0
DECISION,82,Tarn-et-Garonne,tarnetgaronne,3 - Aucune,60500.0
DECISION,82,Tarn-et-Garonne,tarnetgaronne,Ensemble,73400.0
DECISION,83,Var,var,1 - Beaucoup de difficultés ou ne peut pas du tout,14800.0
DECISION,83,Var,var,2 - Quelques difficultés,38800.0
DECISION,83,Var,var,3 - Aucune,298000.0
DECISION,83,Var,var,Ensemble,351600.0
DECISION,84,Vaucluse,vaucluse,1 - Beaucoup de difficultés ou ne peut pas du tout,4100.0
DECISION,84,Vaucluse,vaucluse,2 - Quelques difficultés,16400.0
DECISION,84,Vaucluse,vaucluse,3 - Aucune,139400.0
DECISION,84,Vaucluse,vaucluse,Ensemble,159900.0
DECISION,85,Vendée,vendee,1 - Beaucoup de difficultés ou ne peut pas du tout,5900.0
DECISION,85,Vendée,vendee,2 - Quelques difficultés,23600.0
DECISION,85,Vendée,vendee,3 - Aucune,183500.0
DECISION,85,Vendée,vendee,Ensemble,213000.0
DECISION,86,Vienne,vienne,1 - Beaucoup de difficultés ou ne peut pas du tout,3300.0
DECISION,86,Vienne,vienne,2 - Quelques difficultés,10500.0
DECISION,86,Vienne,vienne,3 - Aucune,108200.0
DECISION,86,Vienne,vienne,Ensemble,122000.0
DECISION,87,Haute-Vienne,hautevienne,1 - Beaucoup de difficultés ou ne peut pas du tout,6600.0
DECISION,87,Haute-Vienne,hautevienne,2 - Quelques difficultés,14800.0
DECISION,87,Haute-Vienne,hautevienne,3 - Aucune,94100.0
DECISION,87,Haute-Vienne,hautevienne,Ensemble,115500.0
DECISION,88,Vosges,vosges,1 - Beaucoup de difficultés ou ne peut pas du tout,3800.0
DECISION,88,Vosges,vosges,2 - Quelques difficultés,12600.0
DECISION,88,Vosges,vosges,3 - Aucune,95300.0
DECISION,88,Vosges,vosges,Ensemble,111600.0
DECISION,89,Yonne,yonne,1 - Beaucoup de difficultés ou ne peut pas du tout,2300.0
DECISION,89,Yonne,yonne,2 - Quelques difficultés,12400.0
DECISION,89,Yonne,yonne,3 - Aucune,87300.0
DECISION,89,Yonne,yonne,Ensemble,102000.0
DECISION,90,Territoire de Belfort,territoiredebelfort,1 - Beaucoup de difficultés ou ne peut pas du tout,600.0
DECISION,90,Territoire de Belfort,territoiredebelfort,2 - Quelques difficultés,4100.0
DECISION,90,Territoire de Belfort,territoiredebelfort,3 - Aucune,31900.0
DECISION,90,Territoire de Belfort,territoiredebelfort,Ensemble,36600.0
DECISION,91,Essonne,essonne,1 - Beaucoup de difficultés ou ne peut pas du tout,8600.0
DECISION,91,Essonne,essonne,2 - Quelques difficultés,34500.0
DECISION,91,Essonne,essonne,3 - Aucune,217400.0
DECISION,91,Essonne,essonne,Ensemble,260500.0
DECISION,92,Hauts-de-Seine,hautsdeseine,1 - Beaucoup de difficultés ou ne peut pas du tout,9100.0
DECISION,92,Hauts-de-Seine,hautsdeseine,2 - Quelques difficultés,34800.0
DECISION,92,Hauts-de-Seine,hautsdeseine,3 - Aucune,276300.0
DECISION,92,Hauts-de-Seine,hautsdeseine,Ensemble,320200.0
DECISION,93,Seine-Saint-Denis,seinesaintdenis,1 - Beaucoup de difficultés ou ne peut pas du tout,9600.0
DECISION,93,Seine-Saint-Denis,seinesaintdenis,2 - Quelques difficultés,32300.0
DECISION,93,Seine-Saint-Denis,seinesaintdenis,3 - Aucune,225400.0
DECISION,93,Seine-Saint-Denis,seinesaintdenis,Ensemble,267200.0
DECISION,94,Val-de-Marne,valdemarne,1 - Beaucoup de difficultés ou ne peut pas du tout,10700.0
DECISION,94,Val-de-Marne,valdemarne,2 - Quelques difficultés,36700.0
DECISION,94,Val-de-Marne,valdemarne,3 - Aucune,230300.0
DECISION,94,Val-de-Marne,valdemarne,Ensemble,277700.0
DECISION,95,Val-d'Oise,valdoise,1 - Beaucoup de difficultés ou ne peut pas du tout,6100.0
DECISION,95,Val-d'Oise,valdoise,2 - Quelques difficultés,22700.0
DECISION,95,Val-d'Oise,valdoise,3 - Aucune,205000.0
DECISION,95,Val-d'Oise,valdoise,Ensemble,233800.0
DECISION,971,Guadeloupe,guadeloupe,1 - Beaucoup de difficultés ou ne peut pas du tout,8300.0
DECISION,971,Guadeloupe,guadeloupe,2 - Quelques difficultés,15000.0
DECISION,971,Guadeloupe,guadeloupe,3 - Aucune,82900.0
DECISION,971,Guadeloupe,guadeloupe,Ensemble,106200.0
DECISION,972,Martinique,martinique,1 - Beaucoup de difficultés ou ne peut pas du tout,7600.0
DECISION,972,Martinique,martinique,2 - Quelques difficultés,16500.0
DECISION,972,Martinique,martinique,3 - Aucune,85300.0
DECISION,972,Martinique,martinique,Ensemble,109300.0
DECISION,973,Guyane,guyane,1 - Beaucoup de difficultés ou ne peut pas du tout,1300.0
DECISION,973,Guyane,guyane,2 - Quelques difficultés,2900.0
DECISION,973,Guyane,guyane,3 - Aucune,24200.0
DECISION,973,Guyane,guyane,Ensemble,28500.0
DECISION,974,La Réunion,lareunion,1 - Beaucoup de difficultés ou ne peut pas du tout,11400.0
DECISION,974,La Réunion,lareunion,2 - Quelques difficultés,24100.0
DECISION,974,La Réunion,lareunion,3 - Aucune,127100.0
DECISION,974,La Réunion,lareunion,Ensemble,162600.0
DECISION,976,Mayotte,mayotte,1 - Beaucoup de difficultés ou ne peut pas du tout,600.0
DECISION,976,Mayotte,mayotte,2 - Quelques difficultés,1200.0
DECISION,976,Mayotte,mayotte,3 - Aucune,11400.0
DECISION,976,Mayotte,mayotte,Ensemble,13100.0
"DECISION,None,""Lecture > Dans l'Ain, 2 500  personnes de 25 à 59 ans déclarent avoir beaucoup de difficultés pour prendre des décicisions adaptées dans la vie de tous les jours, ou ne pas pouvoir le faire du tout. "
Champ > Personnes de 5 ans ou plus vivant en logement ordinaire en France.
"Sources > Enquête Vie Quotidienne et Santé 2021, DREES."",lecturedanslain2500personnesde25a59ansdeclarentavoirbeaucoupdedifficultespourprendredesdecicisionsadapteesdanslaviedetouslesjoursounepaspouvoirlefairedutoutchamppersonnesde5ansouplusvivantenlogementordinaireenfrancesourcesenqueteviequotidienneetsante2021drees,,"
SORTIES,01,Ain,ain,1 - Beaucoup de difficultés ou ne peut pas du tout,7200.0
SORTIES,01,Ain,ain,2 - Quelques difficultés,12400.0
SORTIES,01,Ain,ain,3 - Aucune,134400.0
SORTIES,01,Ain,ain,Ensemble,154000.0
SORTIES,02,Aisne,aisne,1 - Beaucoup de difficultés ou ne peut pas du tout,6000.0
SORTIES,02,Aisne,aisne,2 - Quelques difficultés,14300.0
SORTIES,02,Aisne,aisne,3 - Aucune,122000.0
SORTIES,02,Aisne,aisne,Ensemble,142400.0
SORTIES,03,Allier,allier,1 - Beaucoup de difficultés ou ne peut pas du tout,5600.0
SORTIES,03,Allier,allier,2 - Quelques difficultés,9400.0
SORTIES,03,Allier,allier,3 - Aucune,98400.0
SORTIES,03,Allier,allier,Ensemble,113400.0
SORTIES,04,Alpes-de-Haute-Provence,alpesdehauteprovence,1 - Beaucoup de difficultés ou ne peut pas du tout,3000.0
SORTIES,04,Alpes-de-Haute-Provence,alpesdehauteprovence,2 - Quelques difficultés,5400.0
SORTIES,04,Alpes-de-Haute-Provence,alpesdehauteprovence,3 - Aucune,47000.0
SORTIES,04,Alpes-de-Haute-Provence,alpesdehauteprovence,Ensemble,55300.0
SORTIES,05,Hautes-Alpes,hautesalpes,1 - Beaucoup de difficultés ou ne peut pas du tout,2200.0
SORTIES,05,Hautes-Alpes,hautesalpes,2 - Quelques difficultés,3100.0
SORTIES,05,Hautes-Alpes,hautesalpes,3 - Aucune,39100.0
SORTIES,05,Hautes-Alpes,hautesalpes,Ensemble,44400.0
SORTIES,06,Alpes-Maritimes,alpesmaritimes,1 - Beaucoup de difficultés ou ne peut pas du tout,20800.0
SORTIES,06,Alpes-Maritimes,alpesmaritimes,2 - Quelques difficultés,28300.0
SORTIES,06,Alpes-Maritimes,alpesmaritimes,3 - Aucune,277400.0
SORTIES,06,Alpes-Maritimes,alpesmaritimes,Ensemble,326500.0
SORTIES,07,Ardèche,ardeche,1 - Beaucoup de difficultés ou ne peut pas du tout,3700.0
SORTIES,07,Ardèche,ardeche,2 - Quelques difficultés,9000.0
SORTIES,07,Ardèche,ardeche,3 - Aucune,89100.0
SORTIES,07,Ardèche,ardeche,Ensemble,101800.0
SORTIES,08,Ardennes,ardennes,1 - Beaucoup de difficultés ou ne peut pas du tout,5200.0
SORTIES,08,Ardennes,ardennes,2 - Quelques difficultés,7100.0
SORTIES,08,Ardennes,ardennes,3 - Aucune,64200.0
SORTIES,08,Ardennes,ardennes,Ensemble,76500.0
SORTIES,09,Ariège,ariege,1 - Beaucoup de difficultés ou ne peut pas du tout,2500.0
SORTIES,09,Ariège,ariege,2 - Quelques difficultés,5000.0
SORTIES,09,Ariège,ariege,3 - Aucune,43300.0
SORTIES,09,Ariège,ariege,Ensemble,50900.0
SORTIES,10,Aube,aube,1 - Beaucoup de difficultés ou ne peut pas du tout,5000.0
SORTIES,10,Aube,aube,2 - Quelques difficultés,6200.0
SORTIES,10,Aube,aube,3 - Aucune,73000.0
SORTIES,10,Aube,aube,Ensemble,84200.0
SORTIES,11,Aude,aude,1 - Beaucoup de difficultés ou ne peut pas du tout,6400.0
SORTIES,11,Aude,aude,2 - Quelques difficultés,10000.0
SORTIES,11,Aude,aude,3 - Aucune,107300.0
SORTIES,11,Aude,aude,Ensemble,123700.0
SORTIES,12,Aveyron,aveyron,1 - Beaucoup de difficultés ou ne peut pas du tout,4800.0
SORTIES,12,Aveyron,aveyron,2 - Quelques difficultés,7800.0
SORTIES,12,Aveyron,aveyron,3 - Aucune,80300.0
SORTIES,12,Aveyron,aveyron,Ensemble,92800.0
SORTIES,13,Bouches-du-Rhône,bouchesdurhone,1 - Beaucoup de difficultés ou ne peut pas du tout,43400.0
SORTIES,13,Bouches-du-Rhône,bouchesdurhone,2 - Quelques difficultés,42600.0
SORTIES,13,Bouches-du-Rhône,bouchesdurhone,3 - Aucune,443300.0
SORTIES,13,Bouches-du-Rhône,bouchesdurhone,Ensemble,529400.0
SORTIES,14,Calvados,calvados,1 - Beaucoup de difficultés ou ne peut pas du tout,11900.0
SORTIES,14,Calvados,calvados,2 - Quelques difficultés,12200.0
SORTIES,14,Calvados,calvados,3 - Aucune,170500.0
SORTIES,14,Calvados,calvados,Ensemble,194600.0
SORTIES,15,Cantal,cantal,1 - Beaucoup de difficultés ou ne peut pas du tout,1800.0
SORTIES,15,Cantal,cantal,2 - Quelques difficultés,4600.0
SORTIES,15,Cantal,cantal,3 - Aucune,43100.0
SORTIES,15,Cantal,cantal,Ensemble,49500.0
SORTIES,16,Charente,charente,1 - Beaucoup de difficultés ou ne peut pas du tout,4800.0
SORTIES,16,Charente,charente,2 - Quelques difficultés,6100.0
SORTIES,16,Charente,charente,3 - Aucune,100400.0
SORTIES,16,Charente,charente,Ensemble,111300.0
SORTIES,17,Charente-Maritime,charentemaritime,1 - Beaucoup de difficultés ou ne peut pas du tout,10400.0
SORTIES,17,Charente-Maritime,charentemaritime,2 - Quelques difficultés,16000.0
SORTIES,17,Charente-Maritime,charentemaritime,3 - Aucune,201200.0
SORTIES,17,Charente-Maritime,charentemaritime,Ensemble,227600.0
SORTIES,18,Cher,cher,1 - Beaucoup de difficultés ou ne peut pas du tout,3200.0
SORTIES,18,Cher,cher,2 - Quelques difficultés,7500.0
SORTIES,18,Cher,cher,3 - Aucune,85000.0
SORTIES,18,Cher,cher,Ensemble,95800.0
SORTIES,19,Corrèze,correze,1 - Beaucoup de difficultés ou ne peut pas du tout,4500.0
SORTIES,19,Corrèze,correze,2 - Quelques difficultés,7800.0
SORTIES,19,Corrèze,correze,3 - Aucune,69100.0
SORTIES,19,Corrèze,correze,Ensemble,81500.0
SORTIES,21,Côte-d'Or,cotedor,1 - Beaucoup de difficultés ou ne peut pas du tout,5800.0
SORTIES,21,Côte-d'Or,cotedor,2 - Quelques difficultés,12800.0
SORTIES,21,Côte-d'Or,cotedor,3 - Aucune,123500.0
SORTIES,21,Côte-d'Or,cotedor,Ensemble,142100.0
SORTIES,22,Côtes d'Armor,cotesdarmor,1 - Beaucoup de difficultés ou ne peut pas du tout,10200.0
SORTIES,22,Côtes d'Armor,cotesdarmor,2 - Quelques difficultés,10800.0
SORTIES,22,Côtes d'Armor,cotesdarmor,3 - Aucune,175200.0
SORTIES,22,Côtes d'Armor,cotesdarmor,Ensemble,196200.0
SORTIES,23,Creuse,creuse,1 - Beaucoup de difficultés ou ne peut pas du tout,2800.0
SORTIES,23,Creuse,creuse,2 - Quelques difficultés,4900.0
SORTIES,23,Creuse,creuse,3 - Aucune,36100.0
SORTIES,23,Creuse,creuse,Ensemble,43900.0
SORTIES,24,Dordogne,dordogne,1 - Beaucoup de difficultés ou ne peut pas du tout,4600.0
SORTIES,24,Dordogne,dordogne,2 - Quelques difficultés,9200.0
SORTIES,24,Dordogne,dordogne,3 - Aucune,136100.0
SORTIES,24,Dordogne,dordogne,Ensemble,149900.0
SORTIES,25,Doubs,doubs,1 - Beaucoup de difficultés ou ne peut pas du tout,7800.0
SORTIES,25,Doubs,doubs,2 - Quelques difficultés,12500.0
SORTIES,25,Doubs,doubs,3 - Aucune,116100.0
SORTIES,25,Doubs,doubs,Ensemble,136400.0
SORTIES,26,Drôme,drome,1 - Beaucoup de difficultés ou ne peut pas du tout,4400.0
SORTIES,26,Drôme,drome,2 - Quelques difficultés,10300.0
SORTIES,26,Drôme,drome,3 - Aucune,130100.0
SORTIES,26,Drôme,drome,Ensemble,144800.0
SORTIES,27,Eure,eure,1 - Beaucoup de difficultés ou ne peut pas du tout,5800.0
SORTIES,27,Eure,eure,2 - Quelques difficultés,11200.0
SORTIES,27,Eure,eure,3 - Aucune,136100.0
SORTIES,27,Eure,eure,Ensemble,153200.0
SORTIES,28,Eure-et-Loire,eureetloire,1 - Beaucoup de difficultés ou ne peut pas du tout,8600.0
SORTIES,28,Eure-et-Loire,eureetloire,2 - Quelques difficultés,10600.0
SORTIES,28,Eure-et-Loire,eureetloire,3 - Aucune,96100.0
SORTIES,28,Eure-et-Loire,eureetloire,Ensemble,115200.0
SORTIES,29,Finistère,finistere,1 - Beaucoup de difficultés ou ne peut pas du tout,15700.0
SORTIES,29,Finistère,finistere,2 - Quelques difficultés,19400.0
SORTIES,29,Finistère,finistere,3 - Aucune,243800.0
SORTIES,29,Finistère,finistere,Ensemble,278900.0
SORTIES,2A,Corse-du-Sud,corsedusud,1 - Beaucoup de difficultés ou ne peut pas du tout,3700.0
SORTIES,2A,Corse-du-Sud,corsedusud,2 - Quelques difficultés,5400.0
SORTIES,2A,Corse-du-Sud,corsedusud,3 - Aucune,39700.0
SORTIES,2A,Corse-du-Sud,corsedusud,Ensemble,48800.0
SORTIES,2B,Haute-Corse,hautecorse,1 - Beaucoup de difficultés ou ne peut pas du tout,3000.0
SORTIES,2B,Haute-Corse,hautecorse,2 - Quelques difficultés,7700.0
SORTIES,2B,Haute-Corse,hautecorse,3 - Aucune,43100.0
SORTIES,2B,Haute-Corse,hautecorse,Ensemble,53700.0
SORTIES,30,Gard,gard,1 - Beaucoup de difficultés ou ne peut pas du tout,14900.0
SORTIES,30,Gard,gard,2 - Quelques difficultés,21200.0
SORTIES,30,Gard,gard,3 - Aucune,187900.0
SORTIES,30,Gard,gard,Ensemble,224000.0
SORTIES,31,Haute-Garonne,hautegaronne,1 - Beaucoup de difficultés ou ne peut pas du tout,21400.0
SORTIES,31,Haute-Garonne,hautegaronne,2 - Quelques difficultés,23400.0
SORTIES,31,Haute-Garonne,hautegaronne,3 - Aucune,258900.0
SORTIES,31,Haute-Garonne,hautegaronne,Ensemble,303700.0
SORTIES,32,Gers,gers,1 - Beaucoup de difficultés ou ne peut pas du tout,4200.0
SORTIES,32,Gers,gers,2 - Quelques difficultés,3400.0
SORTIES,32,Gers,gers,3 - Aucune,58500.0
SORTIES,32,Gers,gers,Ensemble,66100.0
SORTIES,33,Gironde,gironde,1 - Beaucoup de difficultés ou ne peut pas du tout,25700.0
SORTIES,33,Gironde,gironde,2 - Quelques difficultés,25200.0
SORTIES,33,Gironde,gironde,3 - Aucune,354700.0
SORTIES,33,Gironde,gironde,Ensemble,405600.0
SORTIES,34,Hérault,herault,1 - Beaucoup de difficultés ou ne peut pas du tout,18600.0
SORTIES,34,Hérault,herault,2 - Quelques difficultés,23700.0
SORTIES,34,Hérault,herault,3 - Aucune,282000.0
SORTIES,34,Hérault,herault,Ensemble,324300.0
SORTIES,35,Ille-et-Vilaine,illeetvilaine,1 - Beaucoup de difficultés ou ne peut pas du tout,10800.0
SORTIES,35,Ille-et-Vilaine,illeetvilaine,2 - Quelques difficultés,16000.0
SORTIES,35,Ille-et-Vilaine,illeetvilaine,3 - Aucune,223700.0
SORTIES,35,Ille-et-Vilaine,illeetvilaine,Ensemble,250500.0
SORTIES,36,Indre,indre,1 - Beaucoup de difficultés ou ne peut pas du tout,3600.0
SORTIES,36,Indre,indre,2 - Quelques difficultés,6600.0
SORTIES,36,Indre,indre,3 - Aucune,65500.0
SORTIES,36,Indre,indre,Ensemble,75600.0
SORTIES,37,Indre-et-Loire,indreetloire,1 - Beaucoup de difficultés ou ne peut pas du tout,6300.0
SORTIES,37,Indre-et-Loire,indreetloire,2 - Quelques difficultés,10900.0
SORTIES,37,Indre-et-Loire,indreetloire,3 - Aucune,150000.0
SORTIES,37,Indre-et-Loire,indreetloire,Ensemble,167300.0
SORTIES,38,Isère,isere,1 - Beaucoup de difficultés ou ne peut pas du tout,16000.0
SORTIES,38,Isère,isere,2 - Quelques difficultés,21700.0
SORTIES,38,Isère,isere,3 - Aucune,268800.0
SORTIES,38,Isère,isere,Ensemble,306600.0
SORTIES,39,Jura,jura,1 - Beaucoup de difficultés ou ne peut pas du tout,3100.0
SORTIES,39,Jura,jura,2 - Quelques difficultés,4300.0
SORTIES,39,Jura,jura,3 - Aucune,70400.0
SORTIES,39,Jura,jura,Ensemble,77800.0
SORTIES,40,Landes,landes,1 - Beaucoup de difficultés ou ne peut pas du tout,8400.0
SORTIES,40,Landes,landes,2 - Quelques difficultés,10100.0
SORTIES,40,Landes,landes,3 - Aucune,115600.0
SORTIES,40,Landes,landes,Ensemble,134100.0
SORTIES,41,Loir-et-Cher,loiretcher,1 - Beaucoup de difficultés ou ne peut pas du tout,4200.0
SORTIES,41,Loir-et-Cher,loiretcher,2 - Quelques difficultés,7400.0
SORTIES,41,Loir-et-Cher,loiretcher,3 - Aucune,90300.0
SORTIES,41,Loir-et-Cher,loiretcher,Ensemble,101900.0
SORTIES,42,Loire,loire,1 - Beaucoup de difficultés ou ne peut pas du tout,9800.0
SORTIES,42,Loire,loire,2 - Quelques difficultés,21600.0
SORTIES,42,Loire,loire,3 - Aucune,178300.0
SORTIES,42,Loire,loire,Ensemble,209800.0
SORTIES,43,Haute-Loire,hauteloire,1 - Beaucoup de difficultés ou ne peut pas du tout,4200.0
SORTIES,43,Haute-Loire,hauteloire,2 - Quelques difficultés,6200.0
SORTIES,43,Haute-Loire,hauteloire,3 - Aucune,58800.0
SORTIES,43,Haute-Loire,hauteloire,Ensemble,69300.0
SORTIES,44,Loire-Atlantique,loireatlantique,1 - Beaucoup de difficultés ou ne peut pas du tout,12300.0
SORTIES,44,Loire-Atlantique,loireatlantique,2 - Quelques difficultés,22600.0
SORTIES,44,Loire-Atlantique,loireatlantique,3 - Aucune,301000.0
SORTIES,44,Loire-Atlantique,loireatlantique,Ensemble,335900.0
SORTIES,45,Loiret,loiret,1 - Beaucoup de difficultés ou ne peut pas du tout,9100.0
SORTIES,45,Loiret,loiret,2 - Quelques difficultés,14300.0
SORTIES,45,Loiret,loiret,3 - Aucune,151200.0
SORTIES,45,Loiret,loiret,Ensemble,174600.0
SORTIES,46,Lot,lot,1 - Beaucoup de difficultés ou ne peut pas du tout,4600.0
SORTIES,46,Lot,lot,2 - Quelques difficultés,4600.0
SORTIES,46,Lot,lot,3 - Aucune,55900.0
SORTIES,46,Lot,lot,Ensemble,65200.0
SORTIES,47,Lot-et-Garonne,lotetgaronne,1 - Beaucoup de difficultés ou ne peut pas du tout,4700.0
SORTIES,47,Lot-et-Garonne,lotetgaronne,2 - Quelques difficultés,8500.0
SORTIES,47,Lot-et-Garonne,lotetgaronne,3 - Aucune,94900.0
SORTIES,47,Lot-et-Garonne,lotetgaronne,Ensemble,108100.0
SORTIES,48,Lozère,lozere,1 - Beaucoup de difficultés ou ne peut pas du tout,1300.0
SORTIES,48,Lozère,lozere,2 - Quelques difficultés,2000.0
SORTIES,48,Lozère,lozere,3 - Aucune,20300.0
SORTIES,48,Lozère,lozere,Ensemble,23600.0
SORTIES,49,Maine-et-Loire,maineetloire,1 - Beaucoup de difficultés ou ne peut pas du tout,9400.0
SORTIES,49,Maine-et-Loire,maineetloire,2 - Quelques difficultés,15100.0
SORTIES,49,Maine-et-Loire,maineetloire,3 - Aucune,187100.0
SORTIES,49,Maine-et-Loire,maineetloire,Ensemble,211600.0
SORTIES,50,Manche,manche,1 - Beaucoup de difficultés ou ne peut pas du tout,7100.0
SORTIES,50,Manche,manche,2 - Quelques difficultés,12200.0
SORTIES,50,Manche,manche,3 - Aucune,137500.0
SORTIES,50,Manche,manche,Ensemble,156700.0
SORTIES,51,Marne,marne,1 - Beaucoup de difficultés ou ne peut pas du tout,9000.0
SORTIES,51,Marne,marne,2 - Quelques difficultés,10900.0
SORTIES,51,Marne,marne,3 - Aucune,122200.0
SORTIES,51,Marne,marne,Ensemble,142100.0
SORTIES,52,Haute-Marne,hautemarne,1 - Beaucoup de difficultés ou ne peut pas du tout,3000.0
SORTIES,52,Haute-Marne,hautemarne,2 - Quelques difficultés,5900.0
SORTIES,52,Haute-Marne,hautemarne,3 - Aucune,44900.0
SORTIES,52,Haute-Marne,hautemarne,Ensemble,53800.0
SORTIES,53,Mayenne,mayenne,1 - Beaucoup de difficultés ou ne peut pas du tout,4100.0
SORTIES,53,Mayenne,mayenne,2 - Quelques difficultés,6200.0
SORTIES,53,Mayenne,mayenne,3 - Aucune,74600.0
SORTIES,53,Mayenne,mayenne,Ensemble,84800.0
SORTIES,54,Meurthe-et-Moselle,meurtheetmoselle,1 - Beaucoup de difficultés ou ne peut pas du tout,11400.0
SORTIES,54,Meurthe-et-Moselle,meurtheetmoselle,2 - Quelques difficultés,15800.0
SORTIES,54,Meurthe-et-Moselle,meurtheetmoselle,3 - Aucune,156400.0
SORTIES,54,Meurthe-et-Moselle,meurtheetmoselle,Ensemble,183600.0
SORTIES,55,Meuse,meuse,1 - Beaucoup de difficultés ou ne peut pas du tout,2700.0
SORTIES,55,Meuse,meuse,2 - Quelques difficultés,4500.0
SORTIES,55,Meuse,meuse,3 - Aucune,46600.0
SORTIES,55,Meuse,meuse,Ensemble,53800.0
SORTIES,56,Morbihan,morbihan,1 - Beaucoup de difficultés ou ne peut pas du tout,8400.0
SORTIES,56,Morbihan,morbihan,2 - Quelques difficultés,17200.0
SORTIES,56,Morbihan,morbihan,3 - Aucune,216100.0
SORTIES,56,Morbihan,morbihan,Ensemble,241700.0
SORTIES,57,Moselle,moselle,1 - Beaucoup de difficultés ou ne peut pas du tout,18800.0
SORTIES,57,Moselle,moselle,2 - Quelques difficultés,28000.0
SORTIES,57,Moselle,moselle,3 - Aucune,228300.0
SORTIES,57,Moselle,moselle,Ensemble,275100.0
SORTIES,58,Nièvre,nievre,1 - Beaucoup de difficultés ou ne peut pas du tout,4000.0
SORTIES,58,Nièvre,nievre,2 - Quelques difficultés,6100.0
SORTIES,58,Nièvre,nievre,3 - Aucune,62600.0
SORTIES,58,Nièvre,nievre,Ensemble,72700.0
SORTIES,59,Nord,nord,1 - Beaucoup de difficultés ou ne peut pas du tout,50100.0
SORTIES,59,Nord,nord,2 - Quelques difficultés,60600.0
SORTIES,59,Nord,nord,3 - Aucune,477200.0
SORTIES,59,Nord,nord,Ensemble,587800.0
SORTIES,60,Oise,oise,1 - Beaucoup de difficultés ou ne peut pas du tout,9000.0
SORTIES,60,Oise,oise,2 - Quelques difficultés,16900.0
SORTIES,60,Oise,oise,3 - Aucune,163700.0
SORTIES,60,Oise,oise,Ensemble,189600.0
SORTIES,61,Orne,orne,1 - Beaucoup de difficultés ou ne peut pas du tout,3100.0
SORTIES,61,Orne,orne,2 - Quelques difficultés,6100.0
SORTIES,61,Orne,orne,3 - Aucune,80600.0
SORTIES,61,Orne,orne,Ensemble,89800.0
SORTIES,62,Pas-de-Calais,pasdecalais,1 - Beaucoup de difficultés ou ne peut pas du tout,30200.0
SORTIES,62,Pas-de-Calais,pasdecalais,2 - Quelques difficultés,35800.0
SORTIES,62,Pas-de-Calais,pasdecalais,3 - Aucune,302600.0
SORTIES,62,Pas-de-Calais,pasdecalais,Ensemble,368500.0
SORTIES,63,Puy-de-Dôme,puydedome,1 - Beaucoup de difficultés ou ne peut pas du tout,9000.0
SORTIES,63,Puy-de-Dôme,puydedome,2 - Quelques difficultés,17300.0
SORTIES,63,Puy-de-Dôme,puydedome,3 - Aucune,155900.0
SORTIES,63,Puy-de-Dôme,puydedome,Ensemble,182100.0
SORTIES,64,Pyrénées-Atlantiques,pyreneesatlantiques,1 - Beaucoup de difficultés ou ne peut pas du tout,10900.0
SORTIES,64,Pyrénées-Atlantiques,pyreneesatlantiques,2 - Quelques difficultés,14800.0
SORTIES,64,Pyrénées-Atlantiques,pyreneesatlantiques,3 - Aucune,182300.0
SORTIES,64,Pyrénées-Atlantiques,pyreneesatlantiques,Ensemble,208000.0
SORTIES,65,Hautes-Pyrénées,hautespyrenees,1 - Beaucoup de difficultés ou ne peut pas du tout,4600.0
SORTIES,65,Hautes-Pyrénées,hautespyrenees,2 - Quelques difficultés,6200.0
SORTIES,65,Hautes-Pyrénées,hautespyrenees,3 - Aucune,65900.0
SORTIES,65,Hautes-Pyrénées,hautespyrenees,Ensemble,76700.0
SORTIES,66,Pyrénées-Orientales,pyreneesorientales,1 - Beaucoup de difficultés ou ne peut pas du tout,11800.0
SORTIES,66,Pyrénées-Orientales,pyreneesorientales,2 - Quelques difficultés,11200.0
SORTIES,66,Pyrénées-Orientales,pyreneesorientales,3 - Aucune,133700.0
SORTIES,66,Pyrénées-Orientales,pyreneesorientales,Ensemble,156700.0
SORTIES,67,Bas-Rhin,basrhin,1 - Beaucoup de difficultés ou ne peut pas du tout,16500.0
SORTIES,67,Bas-Rhin,basrhin,2 - Quelques difficultés,27100.0
SORTIES,67,Bas-Rhin,basrhin,3 - Aucune,238200.0
SORTIES,67,Bas-Rhin,basrhin,Ensemble,281800.0
SORTIES,68,Haut-Rhin,hautrhin,1 - Beaucoup de difficultés ou ne peut pas du tout,11000.0
SORTIES,68,Haut-Rhin,hautrhin,2 - Quelques difficultés,15400.0
SORTIES,68,Haut-Rhin,hautrhin,3 - Aucune,174000.0
SORTIES,68,Haut-Rhin,hautrhin,Ensemble,200500.0
SORTIES,69,Rhône,rhone,1 - Beaucoup de difficultés ou ne peut pas du tout,22200.0
SORTIES,69,Rhône,rhone,2 - Quelques difficultés,26800.0
SORTIES,69,Rhône,rhone,3 - Aucune,351900.0
SORTIES,69,Rhône,rhone,Ensemble,400900.0
SORTIES,70,Haute-Saône,hautesaone,1 - Beaucoup de difficultés ou ne peut pas du tout,3400.0
SORTIES,70,Haute-Saône,hautesaone,2 - Quelques difficultés,4400.0
SORTIES,70,Haute-Saône,hautesaone,3 - Aucune,62600.0
SORTIES,70,Haute-Saône,hautesaone,Ensemble,70500.0
SORTIES,71,Saône-et-Loire,saoneetloire,1 - Beaucoup de difficultés ou ne peut pas du tout,8200.0
SORTIES,71,Saône-et-Loire,saoneetloire,2 - Quelques difficultés,13100.0
SORTIES,71,Saône-et-Loire,saoneetloire,3 - Aucune,155800.0
SORTIES,71,Saône-et-Loire,saoneetloire,Ensemble,177000.0
SORTIES,72,Sarthe,sarthe,1 - Beaucoup de difficultés ou ne peut pas du tout,5700.0
SORTIES,72,Sarthe,sarthe,2 - Quelques difficultés,11000.0
SORTIES,72,Sarthe,sarthe,3 - Aucune,142400.0
SORTIES,72,Sarthe,sarthe,Ensemble,159100.0
SORTIES,73,Savoie,savoie,1 - Beaucoup de difficultés ou ne peut pas du tout,4800.0
SORTIES,73,Savoie,savoie,2 - Quelques difficultés,7300.0
SORTIES,73,Savoie,savoie,3 - Aucune,105300.0
SORTIES,73,Savoie,savoie,Ensemble,117400.0
SORTIES,74,Haute-Savoie,hautesavoie,1 - Beaucoup de difficultés ou ne peut pas du tout,8800.0
SORTIES,74,Haute-Savoie,hautesavoie,2 - Quelques difficultés,10700.0
SORTIES,74,Haute-Savoie,hautesavoie,3 - Aucune,164600.0
SORTIES,74,Haute-Savoie,hautesavoie,Ensemble,184100.0
SORTIES,75,Paris,paris,1 - Beaucoup de difficultés ou ne peut pas du tout,22700.0
SORTIES,75,Paris,paris,2 - Quelques difficultés,39100.0
SORTIES,75,Paris,paris,3 - Aucune,410700.0
SORTIES,75,Paris,paris,Ensemble,472500.0
SORTIES,76,Seine-Maritime,seinemaritime,1 - Beaucoup de difficultés ou ne peut pas du tout,16500.0
SORTIES,76,Seine-Maritime,seinemaritime,2 - Quelques difficultés,31100.0
SORTIES,76,Seine-Maritime,seinemaritime,3 - Aucune,277100.0
SORTIES,76,Seine-Maritime,seinemaritime,Ensemble,324600.0
SORTIES,77,Seine-et-Marne,seineetmarne,1 - Beaucoup de difficultés ou ne peut pas du tout,11200.0
SORTIES,77,Seine-et-Marne,seineetmarne,2 - Quelques difficultés,15700.0
SORTIES,77,Seine-et-Marne,seineetmarne,3 - Aucune,259000.0
SORTIES,77,Seine-et-Marne,seineetmarne,Ensemble,285800.0
SORTIES,78,Yvelines,yvelines,1 - Beaucoup de difficultés ou ne peut pas du tout,12600.0
SORTIES,78,Yvelines,yvelines,2 - Quelques difficultés,16500.0
SORTIES,78,Yvelines,yvelines,3 - Aucune,284800.0
SORTIES,78,Yvelines,yvelines,Ensemble,313800.0
SORTIES,79,Deux-Sèvres,deuxsevres,1 - Beaucoup de difficultés ou ne peut pas du tout,5100.0
SORTIES,79,Deux-Sèvres,deuxsevres,2 - Quelques difficultés,6200.0
SORTIES,79,Deux-Sèvres,deuxsevres,3 - Aucune,99300.0
SORTIES,79,Deux-Sèvres,deuxsevres,Ensemble,110600.0
SORTIES,80,Somme,somme,1 - Beaucoup de difficultés ou ne peut pas du tout,9400.0
SORTIES,80,Somme,somme,2 - Quelques difficultés,11800.0
SORTIES,80,Somme,somme,3 - Aucune,125800.0
SORTIES,80,Somme,somme,Ensemble,147100.0
SORTIES,81,Tarn,tarn,1 - Beaucoup de difficultés ou ne peut pas du tout,6000.0
SORTIES,81,Tarn,tarn,2 - Quelques difficultés,11000.0
SORTIES,81,Tarn,tarn,3 - Aucune,104400.0
SORTIES,81,Tarn,tarn,Ensemble,121400.0
SORTIES,82,Tarn-et-Garonne,tarnetgaronne,1 - Beaucoup de difficultés ou ne peut pas du tout,4400.0
SORTIES,82,Tarn-et-Garonne,tarnetgaronne,2 - Quelques difficultés,5100.0
SORTIES,82,Tarn-et-Garonne,tarnetgaronne,3 - Aucune,63900.0
SORTIES,82,Tarn-et-Garonne,tarnetgaronne,Ensemble,73400.0
SORTIES,83,Var,var,1 - Beaucoup de difficultés ou ne peut pas du tout,22200.0
SORTIES,83,Var,var,2 - Quelques difficultés,33900.0
SORTIES,83,Var,var,3 - Aucune,295500.0
SORTIES,83,Var,var,Ensemble,351600.0
SORTIES,84,Vaucluse,vaucluse,1 - Beaucoup de difficultés ou ne peut pas du tout,5700.0
SORTIES,84,Vaucluse,vaucluse,2 - Quelques difficultés,15600.0
SORTIES,84,Vaucluse,vaucluse,3 - Aucune,138600.0
SORTIES,84,Vaucluse,vaucluse,Ensemble,159900.0
SORTIES,85,Vendée,vendee,1 - Beaucoup de difficultés ou ne peut pas du tout,10500.0
SORTIES,85,Vendée,vendee,2 - Quelques difficultés,12400.0
SORTIES,85,Vendée,vendee,3 - Aucune,190100.0
SORTIES,85,Vendée,vendee,Ensemble,213000.0
SORTIES,86,Vienne,vienne,1 - Beaucoup de difficultés ou ne peut pas du tout,5500.0
SORTIES,86,Vienne,vienne,2 - Quelques difficultés,8200.0
SORTIES,86,Vienne,vienne,3 - Aucune,108200.0
SORTIES,86,Vienne,vienne,Ensemble,122000.0
SORTIES,87,Haute-Vienne,hautevienne,1 - Beaucoup de difficultés ou ne peut pas du tout,8800.0
SORTIES,87,Haute-Vienne,hautevienne,2 - Quelques difficultés,12000.0
SORTIES,87,Haute-Vienne,hautevienne,3 - Aucune,94700.0
SORTIES,87,Haute-Vienne,hautevienne,Ensemble,115500.0
SORTIES,88,Vosges,vosges,1 - Beaucoup de difficultés ou ne peut pas du tout,4800.0
SORTIES,88,Vosges,vosges,2 - Quelques difficultés,7300.0
SORTIES,88,Vosges,vosges,3 - Aucune,99500.0
SORTIES,88,Vosges,vosges,Ensemble,111600.0
SORTIES,89,Yonne,yonne,1 - Beaucoup de difficultés ou ne peut pas du tout,4400.0
SORTIES,89,Yonne,yonne,2 - Quelques difficultés,10000.0
SORTIES,89,Yonne,yonne,3 - Aucune,87600.0
SORTIES,89,Yonne,yonne,Ensemble,102000.0
SORTIES,90,Territoire de Belfort,territoiredebelfort,1 - Beaucoup de difficultés ou ne peut pas du tout,2500.0
SORTIES,90,Territoire de Belfort,territoiredebelfort,2 - Quelques difficultés,3500.0
SORTIES,90,Territoire de Belfort,territoiredebelfort,3 - Aucune,30600.0
SORTIES,90,Territoire de Belfort,territoiredebelfort,Ensemble,36600.0
SORTIES,91,Essonne,essonne,1 - Beaucoup de difficultés ou ne peut pas du tout,16300.0
SORTIES,91,Essonne,essonne,2 - Quelques difficultés,19600.0
SORTIES,91,Essonne,essonne,3 - Aucune,224600.0
SORTIES,91,Essonne,essonne,Ensemble,260500.0
SORTIES,92,Hauts-de-Seine,hautsdeseine,1 - Beaucoup de difficultés ou ne peut pas du tout,18900.0
SORTIES,92,Hauts-de-Seine,hautsdeseine,2 - Quelques difficultés,23500.0
SORTIES,92,Hauts-de-Seine,hautsdeseine,3 - Aucune,277700.0
SORTIES,92,Hauts-de-Seine,hautsdeseine,Ensemble,320200.0
SORTIES,93,Seine-Saint-Denis,seinesaintdenis,1 - Beaucoup de difficultés ou ne peut pas du tout,19600.0
SORTIES,93,Seine-Saint-Denis,seinesaintdenis,2 - Quelques difficultés,31600.0
SORTIES,93,Seine-Saint-Denis,seinesaintdenis,3 - Aucune,216000.0
SORTIES,93,Seine-Saint-Denis,seinesaintdenis,Ensemble,267200.0
SORTIES,94,Val-de-Marne,valdemarne,1 - Beaucoup de difficultés ou ne peut pas du tout,15700.0
SORTIES,94,Val-de-Marne,valdemarne,2 - Quelques difficultés,27200.0
SORTIES,94,Val-de-Marne,valdemarne,3 - Aucune,234800.0
SORTIES,94,Val-de-Marne,valdemarne,Ensemble,277700.0
SORTIES,95,Val-d'Oise,valdoise,1 - Beaucoup de difficultés ou ne peut pas du tout,16000.0
SORTIES,95,Val-d'Oise,valdoise,2 - Quelques difficultés,18600.0
SORTIES,95,Val-d'Oise,valdoise,3 - Aucune,199200.0
SORTIES,95,Val-d'Oise,valdoise,Ensemble,233800.0
SORTIES,971,Guadeloupe,guadeloupe,1 - Beaucoup de difficultés ou ne peut pas du tout,9800.0
SORTIES,971,Guadeloupe,guadeloupe,2 - Quelques difficultés,10800.0
SORTIES,971,Guadeloupe,guadeloupe,3 - Aucune,85600.0
SORTIES,971,Guadeloupe,guadeloupe,Ensemble,106200.0
SORTIES,972,Martinique,martinique,1 - Beaucoup de difficultés ou ne peut pas du tout,9300.0
SORTIES,972,Martinique,martinique,2 - Quelques difficultés,12900.0
SORTIES,972,Martinique,martinique,3 - Aucune,87100.0
SORTIES,972,Martinique,martinique,Ensemble,109300.0
SORTIES,973,Guyane,guyane,1 - Beaucoup de difficultés ou ne peut pas du tout,2000.0
SORTIES,973,Guyane,guyane,2 - Quelques difficultés,2500.0
SORTIES,973,Guyane,guyane,3 - Aucune,24000.0
SORTIES,973,Guyane,guyane,Ensemble,28500.0
SORTIES,974,La Réunion,lareunion,1 - Beaucoup de difficultés ou ne peut pas du tout,12800.0
SORTIES,974,La Réunion,lareunion,2 - Quelques difficultés,16100.0
SORTIES,974,La Réunion,lareunion,3 - Aucune,133800.0
SORTIES,974,La Réunion,lareunion,Ensemble,162600.0
SORTIES,976,Mayotte,mayotte,1 - Beaucoup de difficultés ou ne peut pas du tout,1900.0
SORTIES,976,Mayotte,mayotte,2 - Quelques difficultés,1700.0
SORTIES,976,Mayotte,mayotte,3 - Aucune,9500.0
SORTIES,976,Mayotte,mayotte,Ensemble,13100.0
"SORTIES,None,""Lecture > Dans l'Ain, 5 000 personnes de 25 à 59 ans déclarent avoir beaucoup de difficultés à sortir de chez eux ou ne pas pouvoir le faire du tout."
Champ > Personnes de 5 ans ou plus vivant en logement ordinaire en France.
"Sources > Enquête Vie Quotidienne et Santé 2021, DREES."",lecturedanslain5000personnesde25a59ansdeclarentavoirbeaucoupdedifficultesasortirdechezeuxounepaspouvoirlefairedutoutchamppersonnesde5ansouplusvivantenlogementordinaireenfrancesourcesenqueteviequotidienneetsante2021drees,,"
COMPRENDRE,01,Ain,ain,1 - Beaucoup de difficultés ou ne peut pas du tout,4700.0
COMPRENDRE,01,Ain,ain,2 - Quelques difficultés,16600.0
COMPRENDRE,01,Ain,ain,3 - Aucune,132700.0
COMPRENDRE,01,Ain,ain,Ensemble,154000.0
COMPRENDRE,02,Aisne,aisne,1 - Beaucoup de difficultés ou ne peut pas du tout,3600.0
COMPRENDRE,02,Aisne,aisne,2 - Quelques difficultés,13200.0
COMPRENDRE,02,Aisne,aisne,3 - Aucune,125500.0
COMPRENDRE,02,Aisne,aisne,Ensemble,142400.0
COMPRENDRE,03,Allier,allier,1 - Beaucoup de difficultés ou ne peut pas du tout,2900.0
COMPRENDRE,03,Allier,allier,2 - Quelques difficultés,12900.0
COMPRENDRE,03,Allier,allier,3 - Aucune,97600.0
COMPRENDRE,03,Allier,allier,Ensemble,113400.0
COMPRENDRE,04,Alpes-de-Haute-Provence,alpesdehauteprovence,1 - Beaucoup de difficultés ou ne peut pas du tout,1700.0
COMPRENDRE,04,Alpes-de-Haute-Provence,alpesdehauteprovence,2 - Quelques difficultés,5600.0
COMPRENDRE,04,Alpes-de-Haute-Provence,alpesdehauteprovence,3 - Aucune,48100.0
COMPRENDRE,04,Alpes-de-Haute-Provence,alpesdehauteprovence,Ensemble,55300.0
COMPRENDRE,05,Hautes-Alpes,hautesalpes,1 - Beaucoup de difficultés ou ne peut pas du tout,1500.0
COMPRENDRE,05,Hautes-Alpes,hautesalpes,2 - Quelques difficultés,5300.0
COMPRENDRE,05,Hautes-Alpes,hautesalpes,3 - Aucune,37500.0
COMPRENDRE,05,Hautes-Alpes,hautesalpes,Ensemble,44400.0
COMPRENDRE,06,Alpes-Maritimes,alpesmaritimes,1 - Beaucoup de difficultés ou ne peut pas du tout,11400.0
COMPRENDRE,06,Alpes-Maritimes,alpesmaritimes,2 - Quelques difficultés,33200.0
COMPRENDRE,06,Alpes-Maritimes,alpesmaritimes,3 - Aucune,281900.0
COMPRENDRE,06,Alpes-Maritimes,alpesmaritimes,Ensemble,326500.0
COMPRENDRE,07,Ardèche,ardeche,1 - Beaucoup de difficultés ou ne peut pas du tout,6000.0
COMPRENDRE,07,Ardèche,ardeche,2 - Quelques difficultés,14400.0
COMPRENDRE,07,Ardèche,ardeche,3 - Aucune,81500.0
COMPRENDRE,07,Ardèche,ardeche,Ensemble,101800.0
COMPRENDRE,08,Ardennes,ardennes,1 - Beaucoup de difficultés ou ne peut pas du tout,2100.0
COMPRENDRE,08,Ardennes,ardennes,2 - Quelques difficultés,10000.0
COMPRENDRE,08,Ardennes,ardennes,3 - Aucune,64500.0
COMPRENDRE,08,Ardennes,ardennes,Ensemble,76500.0
COMPRENDRE,09,Ariège,ariege,1 - Beaucoup de difficultés ou ne peut pas du tout,900.0
COMPRENDRE,09,Ariège,ariege,2 - Quelques difficultés,6200.0
COMPRENDRE,09,Ariège,ariege,3 - Aucune,43800.0
COMPRENDRE,09,Ariège,ariege,Ensemble,50900.0
COMPRENDRE,10,Aube,aube,1 - Beaucoup de difficultés ou ne peut pas du tout,2000.0
COMPRENDRE,10,Aube,aube,2 - Quelques difficultés,9000.0
COMPRENDRE,10,Aube,aube,3 - Aucune,73200.0
COMPRENDRE,10,Aube,aube,Ensemble,84200.0
COMPRENDRE,11,Aude,aude,1 - Beaucoup de difficultés ou ne peut pas du tout,2100.0
COMPRENDRE,11,Aude,aude,2 - Quelques difficultés,11500.0
COMPRENDRE,11,Aude,aude,3 - Aucune,110100.0
COMPRENDRE,11,Aude,aude,Ensemble,123700.0
COMPRENDRE,12,Aveyron,aveyron,1 - Beaucoup de difficultés ou ne peut pas du tout,2700.0
COMPRENDRE,12,Aveyron,aveyron,2 - Quelques difficultés,10400.0
COMPRENDRE,12,Aveyron,aveyron,3 - Aucune,79700.0
COMPRENDRE,12,Aveyron,aveyron,Ensemble,92800.0
COMPRENDRE,13,Bouches-du-Rhône,bouchesdurhone,1 - Beaucoup de difficultés ou ne peut pas du tout,19300.0
COMPRENDRE,13,Bouches-du-Rhône,bouchesdurhone,2 - Quelques difficultés,51200.0
COMPRENDRE,13,Bouches-du-Rhône,bouchesdurhone,3 - Aucune,458900.0
COMPRENDRE,13,Bouches-du-Rhône,bouchesdurhone,Ensemble,529400.0
COMPRENDRE,14,Calvados,calvados,1 - Beaucoup de difficultés ou ne peut pas du tout,5600.0
COMPRENDRE,14,Calvados,calvados,2 - Quelques difficultés,17100.0
COMPRENDRE,14,Calvados,calvados,3 - Aucune,171900.0
COMPRENDRE,14,Calvados,calvados,Ensemble,194600.0
COMPRENDRE,15,Cantal,cantal,1 - Beaucoup de difficultés ou ne peut pas du tout,1400.0
COMPRENDRE,15,Cantal,cantal,2 - Quelques difficultés,6900.0
COMPRENDRE,15,Cantal,cantal,3 - Aucune,41100.0
COMPRENDRE,15,Cantal,cantal,Ensemble,49500.0
COMPRENDRE,16,Charente,charente,1 - Beaucoup de difficultés ou ne peut pas du tout,3100.0
COMPRENDRE,16,Charente,charente,2 - Quelques difficultés,11600.0
COMPRENDRE,16,Charente,charente,3 - Aucune,96600.0
COMPRENDRE,16,Charente,charente,Ensemble,111300.0
COMPRENDRE,17,Charente-Maritime,charentemaritime,1 - Beaucoup de difficultés ou ne peut pas du tout,8200.0
COMPRENDRE,17,Charente-Maritime,charentemaritime,2 - Quelques difficultés,22900.0
COMPRENDRE,17,Charente-Maritime,charentemaritime,3 - Aucune,196500.0
COMPRENDRE,17,Charente-Maritime,charentemaritime,Ensemble,227600.0
COMPRENDRE,18,Cher,cher,1 - Beaucoup de difficultés ou ne peut pas du tout,2400.0
COMPRENDRE,18,Cher,cher,2 - Quelques difficultés,11000.0
COMPRENDRE,18,Cher,cher,3 - Aucune,82300.0
COMPRENDRE,18,Cher,cher,Ensemble,95800.0
COMPRENDRE,19,Corrèze,correze,1 - Beaucoup de difficultés ou ne peut pas du tout,1100.0
COMPRENDRE,19,Corrèze,correze,2 - Quelques difficultés,9100.0
COMPRENDRE,19,Corrèze,correze,3 - Aucune,71300.0
COMPRENDRE,19,Corrèze,correze,Ensemble,81500.0
COMPRENDRE,21,Côte-d'Or,cotedor,1 - Beaucoup de difficultés ou ne peut pas du tout,3000.0
COMPRENDRE,21,Côte-d'Or,cotedor,2 - Quelques difficultés,17900.0
COMPRENDRE,21,Côte-d'Or,cotedor,3 - Aucune,121200.0
COMPRENDRE,21,Côte-d'Or,cotedor,Ensemble,142100.0
COMPRENDRE,22,Côtes d'Armor,cotesdarmor,1 - Beaucoup de difficultés ou ne peut pas du tout,4600.0
COMPRENDRE,22,Côtes d'Armor,cotesdarmor,2 - Quelques difficultés,19600.0
COMPRENDRE,22,Côtes d'Armor,cotesdarmor,3 - Aucune,172000.0
COMPRENDRE,22,Côtes d'Armor,cotesdarmor,Ensemble,196200.0
COMPRENDRE,23,Creuse,creuse,1 - Beaucoup de difficultés ou ne peut pas du tout,1900.0
COMPRENDRE,23,Creuse,creuse,2 - Quelques difficultés,6700.0
COMPRENDRE,23,Creuse,creuse,3 - Aucune,35300.0
COMPRENDRE,23,Creuse,creuse,Ensemble,43900.0
COMPRENDRE,24,Dordogne,dordogne,1 - Beaucoup de difficultés ou ne peut pas du tout,3600.0
COMPRENDRE,24,Dordogne,dordogne,2 - Quelques difficultés,17400.0
COMPRENDRE,24,Dordogne,dordogne,3 - Aucune,128800.0
COMPRENDRE,24,Dordogne,dordogne,Ensemble,149900.0
COMPRENDRE,25,Doubs,doubs,1 - Beaucoup de difficultés ou ne peut pas du tout,4700.0
COMPRENDRE,25,Doubs,doubs,2 - Quelques difficultés,16700.0
COMPRENDRE,25,Doubs,doubs,3 - Aucune,115000.0
COMPRENDRE,25,Doubs,doubs,Ensemble,136400.0
COMPRENDRE,26,Drôme,drome,1 - Beaucoup de difficultés ou ne peut pas du tout,2900.0
COMPRENDRE,26,Drôme,drome,2 - Quelques difficultés,17100.0
COMPRENDRE,26,Drôme,drome,3 - Aucune,124800.0
COMPRENDRE,26,Drôme,drome,Ensemble,144800.0
COMPRENDRE,27,Eure,eure,1 - Beaucoup de difficultés ou ne peut pas du tout,4000.0
COMPRENDRE,27,Eure,eure,2 - Quelques difficultés,14000.0
COMPRENDRE,27,Eure,eure,3 - Aucune,135100.0
COMPRENDRE,27,Eure,eure,Ensemble,153200.0
COMPRENDRE,28,Eure-et-Loire,eureetloire,1 - Beaucoup de difficultés ou ne peut pas du tout,4300.0
COMPRENDRE,28,Eure-et-Loire,eureetloire,2 - Quelques difficultés,12300.0
COMPRENDRE,28,Eure-et-Loire,eureetloire,3 - Aucune,98700.0
COMPRENDRE,28,Eure-et-Loire,eureetloire,Ensemble,115200.0
COMPRENDRE,29,Finistère,finistere,1 - Beaucoup de difficultés ou ne peut pas du tout,11500.0
COMPRENDRE,29,Finistère,finistere,2 - Quelques difficultés,33100.0
COMPRENDRE,29,Finistère,finistere,3 - Aucune,234300.0
COMPRENDRE,29,Finistère,finistere,Ensemble,278900.0
COMPRENDRE,2A,Corse-du-Sud,corsedusud,1 - Beaucoup de difficultés ou ne peut pas du tout,1400.0
COMPRENDRE,2A,Corse-du-Sud,corsedusud,2 - Quelques difficultés,7200.0
COMPRENDRE,2A,Corse-du-Sud,corsedusud,3 - Aucune,40300.0
COMPRENDRE,2A,Corse-du-Sud,corsedusud,Ensemble,48800.0
COMPRENDRE,2B,Haute-Corse,hautecorse,1 - Beaucoup de difficultés ou ne peut pas du tout,1400.0
COMPRENDRE,2B,Haute-Corse,hautecorse,2 - Quelques difficultés,6400.0
COMPRENDRE,2B,Haute-Corse,hautecorse,3 - Aucune,45800.0
COMPRENDRE,2B,Haute-Corse,hautecorse,Ensemble,53700.0
COMPRENDRE,30,Gard,gard,1 - Beaucoup de difficultés ou ne peut pas du tout,4800.0
COMPRENDRE,30,Gard,gard,2 - Quelques difficultés,25600.0
COMPRENDRE,30,Gard,gard,3 - Aucune,193600.0
COMPRENDRE,30,Gard,gard,Ensemble,224000.0
COMPRENDRE,31,Haute-Garonne,hautegaronne,1 - Beaucoup de difficultés ou ne peut pas du tout,11500.0
COMPRENDRE,31,Haute-Garonne,hautegaronne,2 - Quelques difficultés,33000.0
COMPRENDRE,31,Haute-Garonne,hautegaronne,3 - Aucune,259200.0
COMPRENDRE,31,Haute-Garonne,hautegaronne,Ensemble,303700.0
COMPRENDRE,32,Gers,gers,1 - Beaucoup de difficultés ou ne peut pas du tout,1000.0
COMPRENDRE,32,Gers,gers,2 - Quelques difficultés,8000.0
COMPRENDRE,32,Gers,gers,3 - Aucune,57000.0
COMPRENDRE,32,Gers,gers,Ensemble,66100.0
COMPRENDRE,33,Gironde,gironde,1 - Beaucoup de difficultés ou ne peut pas du tout,10900.0
COMPRENDRE,33,Gironde,gironde,2 - Quelques difficultés,44900.0
COMPRENDRE,33,Gironde,gironde,3 - Aucune,349900.0
COMPRENDRE,33,Gironde,gironde,Ensemble,405600.0
COMPRENDRE,34,Hérault,herault,1 - Beaucoup de difficultés ou ne peut pas du tout,8900.0
COMPRENDRE,34,Hérault,herault,2 - Quelques difficultés,29400.0
COMPRENDRE,34,Hérault,herault,3 - Aucune,286100.0
COMPRENDRE,34,Hérault,herault,Ensemble,324300.0
COMPRENDRE,35,Ille-et-Vilaine,illeetvilaine,1 - Beaucoup de difficultés ou ne peut pas du tout,7600.0
COMPRENDRE,35,Ille-et-Vilaine,illeetvilaine,2 - Quelques difficultés,25400.0
COMPRENDRE,35,Ille-et-Vilaine,illeetvilaine,3 - Aucune,217400.0
COMPRENDRE,35,Ille-et-Vilaine,illeetvilaine,Ensemble,250500.0
COMPRENDRE,36,Indre,indre,1 - Beaucoup de difficultés ou ne peut pas du tout,1300.0
COMPRENDRE,36,Indre,indre,2 - Quelques difficultés,7500.0
COMPRENDRE,36,Indre,indre,3 - Aucune,66800.0
COMPRENDRE,36,Indre,indre,Ensemble,75600.0
COMPRENDRE,37,Indre-et-Loire,indreetloire,1 - Beaucoup de difficultés ou ne peut pas du tout,5200.0
COMPRENDRE,37,Indre-et-Loire,indreetloire,2 - Quelques difficultés,15900.0
COMPRENDRE,37,Indre-et-Loire,indreetloire,3 - Aucune,146200.0
COMPRENDRE,37,Indre-et-Loire,indreetloire,Ensemble,167300.0
COMPRENDRE,38,Isère,isere,1 - Beaucoup de difficultés ou ne peut pas du tout,7800.0
COMPRENDRE,38,Isère,isere,2 - Quelques difficultés,36200.0
COMPRENDRE,38,Isère,isere,3 - Aucune,262500.0
COMPRENDRE,38,Isère,isere,Ensemble,306600.0
COMPRENDRE,39,Jura,jura,1 - Beaucoup de difficultés ou ne peut pas du tout,2400.0
COMPRENDRE,39,Jura,jura,2 - Quelques difficultés,8600.0
COMPRENDRE,39,Jura,jura,3 - Aucune,66900.0
COMPRENDRE,39,Jura,jura,Ensemble,77800.0
COMPRENDRE,40,Landes,landes,1 - Beaucoup de difficultés ou ne peut pas du tout,5300.0
COMPRENDRE,40,Landes,landes,2 - Quelques difficultés,16100.0
COMPRENDRE,40,Landes,landes,3 - Aucune,112700.0
COMPRENDRE,40,Landes,landes,Ensemble,134100.0
COMPRENDRE,41,Loir-et-Cher,loiretcher,1 - Beaucoup de difficultés ou ne peut pas du tout,2800.0
COMPRENDRE,41,Loir-et-Cher,loiretcher,2 - Quelques difficultés,9900.0
COMPRENDRE,41,Loir-et-Cher,loiretcher,3 - Aucune,89200.0
COMPRENDRE,41,Loir-et-Cher,loiretcher,Ensemble,101900.0
COMPRENDRE,42,Loire,loire,1 - Beaucoup de difficultés ou ne peut pas du tout,5600.0
COMPRENDRE,42,Loire,loire,2 - Quelques difficultés,26100.0
COMPRENDRE,42,Loire,loire,3 - Aucune,178100.0
COMPRENDRE,42,Loire,loire,Ensemble,209800.0
COMPRENDRE,43,Haute-Loire,hauteloire,1 - Beaucoup de difficultés ou ne peut pas du tout,2900.0
COMPRENDRE,43,Haute-Loire,hauteloire,2 - Quelques difficultés,10300.0
COMPRENDRE,43,Haute-Loire,hauteloire,3 - Aucune,56100.0
COMPRENDRE,43,Haute-Loire,hauteloire,Ensemble,69300.0
COMPRENDRE,44,Loire-Atlantique,loireatlantique,1 - Beaucoup de difficultés ou ne peut pas du tout,6900.0
COMPRENDRE,44,Loire-Atlantique,loireatlantique,2 - Quelques difficultés,35500.0
COMPRENDRE,44,Loire-Atlantique,loireatlantique,3 - Aucune,293500.0
COMPRENDRE,44,Loire-Atlantique,loireatlantique,Ensemble,335900.0
COMPRENDRE,45,Loiret,loiret,1 - Beaucoup de difficultés ou ne peut pas du tout,7600.0
COMPRENDRE,45,Loiret,loiret,2 - Quelques difficultés,20100.0
COMPRENDRE,45,Loiret,loiret,3 - Aucune,146900.0
COMPRENDRE,45,Loiret,loiret,Ensemble,174600.0
COMPRENDRE,46,Lot,lot,1 - Beaucoup de difficultés ou ne peut pas du tout,1400.0
COMPRENDRE,46,Lot,lot,2 - Quelques difficultés,7400.0
COMPRENDRE,46,Lot,lot,3 - Aucune,56200.0
COMPRENDRE,46,Lot,lot,Ensemble,65200.0
COMPRENDRE,47,Lot-et-Garonne,lotetgaronne,1 - Beaucoup de difficultés ou ne peut pas du tout,2200.0
COMPRENDRE,47,Lot-et-Garonne,lotetgaronne,2 - Quelques difficultés,13800.0
COMPRENDRE,47,Lot-et-Garonne,lotetgaronne,3 - Aucune,92000.0
COMPRENDRE,47,Lot-et-Garonne,lotetgaronne,Ensemble,108100.0
COMPRENDRE,48,Lozère,lozere,1 - Beaucoup de difficultés ou ne peut pas du tout,1100.0
COMPRENDRE,48,Lozère,lozere,2 - Quelques difficultés,2800.0
COMPRENDRE,48,Lozère,lozere,3 - Aucune,19700.0
COMPRENDRE,48,Lozère,lozere,Ensemble,23600.0
COMPRENDRE,49,Maine-et-Loire,maineetloire,1 - Beaucoup de difficultés ou ne peut pas du tout,3500.0
COMPRENDRE,49,Maine-et-Loire,maineetloire,2 - Quelques difficultés,24700.0
COMPRENDRE,49,Maine-et-Loire,maineetloire,3 - Aucune,183400.0
COMPRENDRE,49,Maine-et-Loire,maineetloire,Ensemble,211600.0
COMPRENDRE,50,Manche,manche,1 - Beaucoup de difficultés ou ne peut pas du tout,3000.0
COMPRENDRE,50,Manche,manche,2 - Quelques difficultés,18500.0
COMPRENDRE,50,Manche,manche,3 - Aucune,135200.0
COMPRENDRE,50,Manche,manche,Ensemble,156700.0
COMPRENDRE,51,Marne,marne,1 - Beaucoup de difficultés ou ne peut pas du tout,5300.0
COMPRENDRE,51,Marne,marne,2 - Quelques difficultés,15200.0
COMPRENDRE,51,Marne,marne,3 - Aucune,121600.0
COMPRENDRE,51,Marne,marne,Ensemble,142100.0
COMPRENDRE,52,Haute-Marne,hautemarne,1 - Beaucoup de difficultés ou ne peut pas du tout,1200.0
COMPRENDRE,52,Haute-Marne,hautemarne,2 - Quelques difficultés,5700.0
COMPRENDRE,52,Haute-Marne,hautemarne,3 - Aucune,46900.0
COMPRENDRE,52,Haute-Marne,hautemarne,Ensemble,53800.0
COMPRENDRE,53,Mayenne,mayenne,1 - Beaucoup de difficultés ou ne peut pas du tout,1800.0
COMPRENDRE,53,Mayenne,mayenne,2 - Quelques difficultés,10900.0
COMPRENDRE,53,Mayenne,mayenne,3 - Aucune,72100.0
COMPRENDRE,53,Mayenne,mayenne,Ensemble,84800.0
COMPRENDRE,54,Meurthe-et-Moselle,meurtheetmoselle,1 - Beaucoup de difficultés ou ne peut pas du tout,3500.0
COMPRENDRE,54,Meurthe-et-Moselle,meurtheetmoselle,2 - Quelques difficultés,24000.0
COMPRENDRE,54,Meurthe-et-Moselle,meurtheetmoselle,3 - Aucune,156200.0
COMPRENDRE,54,Meurthe-et-Moselle,meurtheetmoselle,Ensemble,183600.0
COMPRENDRE,55,Meuse,meuse,1 - Beaucoup de difficultés ou ne peut pas du tout,1000.0
COMPRENDRE,55,Meuse,meuse,2 - Quelques difficultés,7600.0
COMPRENDRE,55,Meuse,meuse,3 - Aucune,45200.0
COMPRENDRE,55,Meuse,meuse,Ensemble,53800.0
COMPRENDRE,56,Morbihan,morbihan,1 - Beaucoup de difficultés ou ne peut pas du tout,6700.0
COMPRENDRE,56,Morbihan,morbihan,2 - Quelques difficultés,24500.0
COMPRENDRE,56,Morbihan,morbihan,3 - Aucune,210500.0
COMPRENDRE,56,Morbihan,morbihan,Ensemble,241700.0
COMPRENDRE,57,Moselle,moselle,1 - Beaucoup de difficultés ou ne peut pas du tout,5600.0
COMPRENDRE,57,Moselle,moselle,2 - Quelques difficultés,35800.0
COMPRENDRE,57,Moselle,moselle,3 - Aucune,233700.0
COMPRENDRE,57,Moselle,moselle,Ensemble,275100.0
COMPRENDRE,58,Nièvre,nievre,1 - Beaucoup de difficultés ou ne peut pas du tout,1800.0
COMPRENDRE,58,Nièvre,nievre,2 - Quelques difficultés,8700.0
COMPRENDRE,58,Nièvre,nievre,3 - Aucune,62200.0
COMPRENDRE,58,Nièvre,nievre,Ensemble,72700.0
COMPRENDRE,59,Nord,nord,1 - Beaucoup de difficultés ou ne peut pas du tout,22400.0
COMPRENDRE,59,Nord,nord,2 - Quelques difficultés,71800.0
COMPRENDRE,59,Nord,nord,3 - Aucune,493600.0
COMPRENDRE,59,Nord,nord,Ensemble,587800.0
COMPRENDRE,60,Oise,oise,1 - Beaucoup de difficultés ou ne peut pas du tout,3400.0
COMPRENDRE,60,Oise,oise,2 - Quelques difficultés,20400.0
COMPRENDRE,60,Oise,oise,3 - Aucune,165800.0
COMPRENDRE,60,Oise,oise,Ensemble,189600.0
COMPRENDRE,61,Orne,orne,1 - Beaucoup de difficultés ou ne peut pas du tout,2100.0
COMPRENDRE,61,Orne,orne,2 - Quelques difficultés,9900.0
COMPRENDRE,61,Orne,orne,3 - Aucune,77800.0
COMPRENDRE,61,Orne,orne,Ensemble,89800.0
COMPRENDRE,62,Pas-de-Calais,pasdecalais,1 - Beaucoup de difficultés ou ne peut pas du tout,10600.0
COMPRENDRE,62,Pas-de-Calais,pasdecalais,2 - Quelques difficultés,53200.0
COMPRENDRE,62,Pas-de-Calais,pasdecalais,3 - Aucune,304700.0
COMPRENDRE,62,Pas-de-Calais,pasdecalais,Ensemble,368500.0
COMPRENDRE,63,Puy-de-Dôme,puydedome,1 - Beaucoup de difficultés ou ne peut pas du tout,4700.0
COMPRENDRE,63,Puy-de-Dôme,puydedome,2 - Quelques difficultés,20200.0
COMPRENDRE,63,Puy-de-Dôme,puydedome,3 - Aucune,157300.0
COMPRENDRE,63,Puy-de-Dôme,puydedome,Ensemble,182100.0
COMPRENDRE,64,Pyrénées-Atlantiques,pyreneesatlantiques,1 - Beaucoup de difficultés ou ne peut pas du tout,5200.0
COMPRENDRE,64,Pyrénées-Atlantiques,pyreneesatlantiques,2 - Quelques difficultés,23500.0
COMPRENDRE,64,Pyrénées-Atlantiques,pyreneesatlantiques,3 - Aucune,179300.0
COMPRENDRE,64,Pyrénées-Atlantiques,pyreneesatlantiques,Ensemble,208000.0
COMPRENDRE,65,Hautes-Pyrénées,hautespyrenees,1 - Beaucoup de difficultés ou ne peut pas du tout,3700.0
COMPRENDRE,65,Hautes-Pyrénées,hautespyrenees,2 - Quelques difficultés,10500.0
COMPRENDRE,65,Hautes-Pyrénées,hautespyrenees,3 - Aucune,62400.0
COMPRENDRE,65,Hautes-Pyrénées,hautespyrenees,Ensemble,76700.0
COMPRENDRE,66,Pyrénées-Orientales,pyreneesorientales,1 - Beaucoup de difficultés ou ne peut pas du tout,5500.0
COMPRENDRE,66,Pyrénées-Orientales,pyreneesorientales,2 - Quelques difficultés,16500.0
COMPRENDRE,66,Pyrénées-Orientales,pyreneesorientales,3 - Aucune,134700.0
COMPRENDRE,66,Pyrénées-Orientales,pyreneesorientales,Ensemble,156700.0
COMPRENDRE,67,Bas-Rhin,basrhin,1 - Beaucoup de difficultés ou ne peut pas du tout,10400.0
COMPRENDRE,67,Bas-Rhin,basrhin,2 - Quelques difficultés,33200.0
COMPRENDRE,67,Bas-Rhin,basrhin,3 - Aucune,238100.0
COMPRENDRE,67,Bas-Rhin,basrhin,Ensemble,281800.0
COMPRENDRE,68,Haut-Rhin,hautrhin,1 - Beaucoup de difficultés ou ne peut pas du tout,7300.0
COMPRENDRE,68,Haut-Rhin,hautrhin,2 - Quelques difficultés,25900.0
COMPRENDRE,68,Haut-Rhin,hautrhin,3 - Aucune,167300.0
COMPRENDRE,68,Haut-Rhin,hautrhin,Ensemble,200500.0
COMPRENDRE,69,Rhône,rhone,1 - Beaucoup de difficultés ou ne peut pas du tout,9800.0
COMPRENDRE,69,Rhône,rhone,2 - Quelques difficultés,38700.0
COMPRENDRE,69,Rhône,rhone,3 - Aucune,352400.0
COMPRENDRE,69,Rhône,rhone,Ensemble,400900.0
COMPRENDRE,70,Haute-Saône,hautesaone,1 - Beaucoup de difficultés ou ne peut pas du tout,2300.0
COMPRENDRE,70,Haute-Saône,hautesaone,2 - Quelques difficultés,7500.0
COMPRENDRE,70,Haute-Saône,hautesaone,3 - Aucune,60700.0
COMPRENDRE,70,Haute-Saône,hautesaone,Ensemble,70500.0
COMPRENDRE,71,Saône-et-Loire,saoneetloire,1 - Beaucoup de difficultés ou ne peut pas du tout,8500.0
COMPRENDRE,71,Saône-et-Loire,saoneetloire,2 - Quelques difficultés,20400.0
COMPRENDRE,71,Saône-et-Loire,saoneetloire,3 - Aucune,148200.0
COMPRENDRE,71,Saône-et-Loire,saoneetloire,Ensemble,177000.0
COMPRENDRE,72,Sarthe,sarthe,1 - Beaucoup de difficultés ou ne peut pas du tout,3300.0
COMPRENDRE,72,Sarthe,sarthe,2 - Quelques difficultés,18200.0
COMPRENDRE,72,Sarthe,sarthe,3 - Aucune,137500.0
COMPRENDRE,72,Sarthe,sarthe,Ensemble,159100.0
COMPRENDRE,73,Savoie,savoie,1 - Beaucoup de difficultés ou ne peut pas du tout,2000.0
COMPRENDRE,73,Savoie,savoie,2 - Quelques difficultés,13600.0
COMPRENDRE,73,Savoie,savoie,3 - Aucune,101900.0
COMPRENDRE,73,Savoie,savoie,Ensemble,117400.0
COMPRENDRE,74,Haute-Savoie,hautesavoie,1 - Beaucoup de difficultés ou ne peut pas du tout,2300.0
COMPRENDRE,74,Haute-Savoie,hautesavoie,2 - Quelques difficultés,19500.0
COMPRENDRE,74,Haute-Savoie,hautesavoie,3 - Aucune,162300.0
COMPRENDRE,74,Haute-Savoie,hautesavoie,Ensemble,184100.0
COMPRENDRE,75,Paris,paris,1 - Beaucoup de difficultés ou ne peut pas du tout,9900.0
COMPRENDRE,75,Paris,paris,2 - Quelques difficultés,35500.0
COMPRENDRE,75,Paris,paris,3 - Aucune,427200.0
COMPRENDRE,75,Paris,paris,Ensemble,472500.0
COMPRENDRE,76,Seine-Maritime,seinemaritime,1 - Beaucoup de difficultés ou ne peut pas du tout,10700.0
COMPRENDRE,76,Seine-Maritime,seinemaritime,2 - Quelques difficultés,33000.0
COMPRENDRE,76,Seine-Maritime,seinemaritime,3 - Aucune,280900.0
COMPRENDRE,76,Seine-Maritime,seinemaritime,Ensemble,324600.0
COMPRENDRE,77,Seine-et-Marne,seineetmarne,1 - Beaucoup de difficultés ou ne peut pas du tout,6300.0
COMPRENDRE,77,Seine-et-Marne,seineetmarne,2 - Quelques difficultés,26500.0
COMPRENDRE,77,Seine-et-Marne,seineetmarne,3 - Aucune,253000.0
COMPRENDRE,77,Seine-et-Marne,seineetmarne,Ensemble,285800.0
COMPRENDRE,78,Yvelines,yvelines,1 - Beaucoup de difficultés ou ne peut pas du tout,5400.0
COMPRENDRE,78,Yvelines,yvelines,2 - Quelques difficultés,27400.0
COMPRENDRE,78,Yvelines,yvelines,3 - Aucune,281000.0
COMPRENDRE,78,Yvelines,yvelines,Ensemble,313800.0
COMPRENDRE,79,Deux-Sèvres,deuxsevres,1 - Beaucoup de difficultés ou ne peut pas du tout,3200.0
COMPRENDRE,79,Deux-Sèvres,deuxsevres,2 - Quelques difficultés,10800.0
COMPRENDRE,79,Deux-Sèvres,deuxsevres,3 - Aucune,96600.0
COMPRENDRE,79,Deux-Sèvres,deuxsevres,Ensemble,110600.0
COMPRENDRE,80,Somme,somme,1 - Beaucoup de difficultés ou ne peut pas du tout,5800.0
COMPRENDRE,80,Somme,somme,2 - Quelques difficultés,23800.0
COMPRENDRE,80,Somme,somme,3 - Aucune,117500.0
COMPRENDRE,80,Somme,somme,Ensemble,147100.0
COMPRENDRE,81,Tarn,tarn,1 - Beaucoup de difficultés ou ne peut pas du tout,5400.0
COMPRENDRE,81,Tarn,tarn,2 - Quelques difficultés,15000.0
COMPRENDRE,81,Tarn,tarn,3 - Aucune,101000.0
COMPRENDRE,81,Tarn,tarn,Ensemble,121400.0
COMPRENDRE,82,Tarn-et-Garonne,tarnetgaronne,1 - Beaucoup de difficultés ou ne peut pas du tout,1800.0
COMPRENDRE,82,Tarn-et-Garonne,tarnetgaronne,2 - Quelques difficultés,8900.0
COMPRENDRE,82,Tarn-et-Garonne,tarnetgaronne,3 - Aucune,62700.0
COMPRENDRE,82,Tarn-et-Garonne,tarnetgaronne,Ensemble,73400.0
COMPRENDRE,83,Var,var,1 - Beaucoup de difficultés ou ne peut pas du tout,7500.0
COMPRENDRE,83,Var,var,2 - Quelques difficultés,38000.0
COMPRENDRE,83,Var,var,3 - Aucune,306100.0
COMPRENDRE,83,Var,var,Ensemble,351600.0
COMPRENDRE,84,Vaucluse,vaucluse,1 - Beaucoup de difficultés ou ne peut pas du tout,3600.0
COMPRENDRE,84,Vaucluse,vaucluse,2 - Quelques difficultés,18000.0
COMPRENDRE,84,Vaucluse,vaucluse,3 - Aucune,138300.0
COMPRENDRE,84,Vaucluse,vaucluse,Ensemble,159900.0
COMPRENDRE,85,Vendée,vendee,1 - Beaucoup de difficultés ou ne peut pas du tout,3000.0
COMPRENDRE,85,Vendée,vendee,2 - Quelques difficultés,20400.0
COMPRENDRE,85,Vendée,vendee,3 - Aucune,189600.0
COMPRENDRE,85,Vendée,vendee,Ensemble,213000.0
COMPRENDRE,86,Vienne,vienne,1 - Beaucoup de difficultés ou ne peut pas du tout,2700.0
COMPRENDRE,86,Vienne,vienne,2 - Quelques difficultés,13600.0
COMPRENDRE,86,Vienne,vienne,3 - Aucune,105600.0
COMPRENDRE,86,Vienne,vienne,Ensemble,122000.0
COMPRENDRE,87,Haute-Vienne,hautevienne,1 - Beaucoup de difficultés ou ne peut pas du tout,4500.0
COMPRENDRE,87,Haute-Vienne,hautevienne,2 - Quelques difficultés,15800.0
COMPRENDRE,87,Haute-Vienne,hautevienne,3 - Aucune,95100.0
COMPRENDRE,87,Haute-Vienne,hautevienne,Ensemble,115500.0
COMPRENDRE,88,Vosges,vosges,1 - Beaucoup de difficultés ou ne peut pas du tout,2400.0
COMPRENDRE,88,Vosges,vosges,2 - Quelques difficultés,14000.0
COMPRENDRE,88,Vosges,vosges,3 - Aucune,95200.0
COMPRENDRE,88,Vosges,vosges,Ensemble,111600.0
COMPRENDRE,89,Yonne,yonne,1 - Beaucoup de difficultés ou ne peut pas du tout,2000.0
COMPRENDRE,89,Yonne,yonne,2 - Quelques difficultés,9400.0
COMPRENDRE,89,Yonne,yonne,3 - Aucune,90600.0
COMPRENDRE,89,Yonne,yonne,Ensemble,102000.0
COMPRENDRE,90,Territoire de Belfort,territoiredebelfort,1 - Beaucoup de difficultés ou ne peut pas du tout,1200.0
COMPRENDRE,90,Territoire de Belfort,territoiredebelfort,2 - Quelques difficultés,4700.0
COMPRENDRE,90,Territoire de Belfort,territoiredebelfort,3 - Aucune,30600.0
COMPRENDRE,90,Territoire de Belfort,territoiredebelfort,Ensemble,36600.0
COMPRENDRE,91,Essonne,essonne,1 - Beaucoup de difficultés ou ne peut pas du tout,6900.0
COMPRENDRE,91,Essonne,essonne,2 - Quelques difficultés,30000.0
COMPRENDRE,91,Essonne,essonne,3 - Aucune,223500.0
COMPRENDRE,91,Essonne,essonne,Ensemble,260500.0
COMPRENDRE,92,Hauts-de-Seine,hautsdeseine,1 - Beaucoup de difficultés ou ne peut pas du tout,5800.0
COMPRENDRE,92,Hauts-de-Seine,hautsdeseine,2 - Quelques difficultés,33700.0
COMPRENDRE,92,Hauts-de-Seine,hautsdeseine,3 - Aucune,280600.0
COMPRENDRE,92,Hauts-de-Seine,hautsdeseine,Ensemble,320200.0
COMPRENDRE,93,Seine-Saint-Denis,seinesaintdenis,1 - Beaucoup de difficultés ou ne peut pas du tout,10900.0
COMPRENDRE,93,Seine-Saint-Denis,seinesaintdenis,2 - Quelques difficultés,31900.0
COMPRENDRE,93,Seine-Saint-Denis,seinesaintdenis,3 - Aucune,224400.0
COMPRENDRE,93,Seine-Saint-Denis,seinesaintdenis,Ensemble,267200.0
COMPRENDRE,94,Val-de-Marne,valdemarne,1 - Beaucoup de difficultés ou ne peut pas du tout,8500.0
COMPRENDRE,94,Val-de-Marne,valdemarne,2 - Quelques difficultés,28600.0
COMPRENDRE,94,Val-de-Marne,valdemarne,3 - Aucune,240600.0
COMPRENDRE,94,Val-de-Marne,valdemarne,Ensemble,277700.0
COMPRENDRE,95,Val-d'Oise,valdoise,1 - Beaucoup de difficultés ou ne peut pas du tout,3600.0
COMPRENDRE,95,Val-d'Oise,valdoise,2 - Quelques difficultés,23100.0
COMPRENDRE,95,Val-d'Oise,valdoise,3 - Aucune,207200.0
COMPRENDRE,95,Val-d'Oise,valdoise,Ensemble,233800.0
COMPRENDRE,971,Guadeloupe,guadeloupe,1 - Beaucoup de difficultés ou ne peut pas du tout,5300.0
COMPRENDRE,971,Guadeloupe,guadeloupe,2 - Quelques difficultés,12100.0
COMPRENDRE,971,Guadeloupe,guadeloupe,3 - Aucune,88900.0
COMPRENDRE,971,Guadeloupe,guadeloupe,Ensemble,106200.0
COMPRENDRE,972,Martinique,martinique,1 - Beaucoup de difficultés ou ne peut pas du tout,4500.0
COMPRENDRE,972,Martinique,martinique,2 - Quelques difficultés,17100.0
COMPRENDRE,972,Martinique,martinique,3 - Aucune,87700.0
COMPRENDRE,972,Martinique,martinique,Ensemble,109300.0
COMPRENDRE,973,Guyane,guyane,1 - Beaucoup de difficultés ou ne peut pas du tout,900.0
COMPRENDRE,973,Guyane,guyane,2 - Quelques difficultés,3700.0
COMPRENDRE,973,Guyane,guyane,3 - Aucune,23900.0
COMPRENDRE,973,Guyane,guyane,Ensemble,28500.0
COMPRENDRE,974,La Réunion,lareunion,1 - Beaucoup de difficultés ou ne peut pas du tout,9200.0
COMPRENDRE,974,La Réunion,lareunion,2 - Quelques difficultés,21200.0
COMPRENDRE,974,La Réunion,lareunion,3 - Aucune,132200.0
COMPRENDRE,974,La Réunion,lareunion,Ensemble,162600.0
COMPRENDRE,976,Mayotte,mayotte,1 - Beaucoup de difficultés ou ne peut pas du tout,400.0
COMPRENDRE,976,Mayotte,mayotte,2 - Quelques difficultés,800.0
COMPRENDRE,976,Mayotte,mayotte,3 - Aucune,12000.0
COMPRENDRE,976,Mayotte,mayotte,Ensemble,13100.0
"COMPRENDRE,None,""Note > Ces difficultés ne prennent pas en compte les difficultés liées aux différences de langue."
Lecture > Dans l'Ain, 3 300 personnes de 25 à 59 ans déclarent avoir beaucoup de difficultés à comprendre les autres ou se faire comprendre des autres, ou ne pas pouvoir le faire du tout.
Champ > Personnes de 5 ans ou plus vivant en logement ordinaire en France.
"Sources > Enquête Vie Quotidienne et Santé 2021, DREES."",notecesdifficultesneprennentpasencomptelesdifficulteslieesauxdifferencesdelanguelecturedanslain3300personnesde25a59ansdeclarentavoirbeaucoupdedifficultesacomprendrelesautresousefairecomprendredesautresounepaspouvoirlefairedutoutchamppersonnesde5ansouplusvivantenlogementordinaireenfrancesourcesenqueteviequotidienneetsante2021drees,,"
LFPHYSIQUES,01,Ain,ain,Non,129900.0
LFPHYSIQUES,01,Ain,ain,Oui,24100.0
LFPHYSIQUES,01,Ain,ain,Ensemble,154000.0
LFPHYSIQUES,02,Aisne,aisne,Non,115100.0
LFPHYSIQUES,02,Aisne,aisne,Oui,27300.0
LFPHYSIQUES,02,Aisne,aisne,Ensemble,142400.0
LFPHYSIQUES,03,Allier,allier,Non,92100.0
LFPHYSIQUES,03,Allier,allier,Oui,21300.0
LFPHYSIQUES,03,Allier,allier,Ensemble,113400.0
LFPHYSIQUES,04,Alpes-de-Haute-Provence,alpesdehauteprovence,Non,46800.0
LFPHYSIQUES,04,Alpes-de-Haute-Provence,alpesdehauteprovence,Oui,8600.0
LFPHYSIQUES,04,Alpes-de-Haute-Provence,alpesdehauteprovence,Ensemble,55300.0
LFPHYSIQUES,05,Hautes-Alpes,hautesalpes,Non,37600.0
LFPHYSIQUES,05,Hautes-Alpes,hautesalpes,Oui,6800.0
LFPHYSIQUES,05,Hautes-Alpes,hautesalpes,Ensemble,44400.0
LFPHYSIQUES,06,Alpes-Maritimes,alpesmaritimes,Non,258900.0
LFPHYSIQUES,06,Alpes-Maritimes,alpesmaritimes,Oui,67700.0
LFPHYSIQUES,06,Alpes-Maritimes,alpesmaritimes,Ensemble,326500.0
LFPHYSIQUES,07,Ardèche,ardeche,Non,84800.0
LFPHYSIQUES,07,Ardèche,ardeche,Oui,17000.0
LFPHYSIQUES,07,Ardèche,ardeche,Ensemble,101800.0
LFPHYSIQUES,08,Ardennes,ardennes,Non,62800.0
LFPHYSIQUES,08,Ardennes,ardennes,Oui,13800.0
LFPHYSIQUES,08,Ardennes,ardennes,Ensemble,76500.0
LFPHYSIQUES,09,Ariège,ariege,Non,40800.0
LFPHYSIQUES,09,Ariège,ariege,Oui,10000.0
LFPHYSIQUES,09,Ariège,ariege,Ensemble,50900.0
LFPHYSIQUES,10,Aube,aube,Non,69400.0
LFPHYSIQUES,10,Aube,aube,Oui,14700.0
LFPHYSIQUES,10,Aube,aube,Ensemble,84200.0
LFPHYSIQUES,11,Aude,aude,Non,100500.0
LFPHYSIQUES,11,Aude,aude,Oui,23200.0
LFPHYSIQUES,11,Aude,aude,Ensemble,123700.0
LFPHYSIQUES,12,Aveyron,aveyron,Non,79700.0
LFPHYSIQUES,12,Aveyron,aveyron,Oui,13200.0
LFPHYSIQUES,12,Aveyron,aveyron,Ensemble,92800.0
LFPHYSIQUES,13,Bouches-du-Rhône,bouchesdurhone,Non,419400.0
LFPHYSIQUES,13,Bouches-du-Rhône,bouchesdurhone,Oui,110000.0
LFPHYSIQUES,13,Bouches-du-Rhône,bouchesdurhone,Ensemble,529400.0
LFPHYSIQUES,14,Calvados,calvados,Non,166500.0
LFPHYSIQUES,14,Calvados,calvados,Oui,28100.0
LFPHYSIQUES,14,Calvados,calvados,Ensemble,194600.0
LFPHYSIQUES,15,Cantal,cantal,Non,42100.0
LFPHYSIQUES,15,Cantal,cantal,Oui,7400.0
LFPHYSIQUES,15,Cantal,cantal,Ensemble,49500.0
LFPHYSIQUES,16,Charente,charente,Non,93500.0
LFPHYSIQUES,16,Charente,charente,Oui,17800.0
LFPHYSIQUES,16,Charente,charente,Ensemble,111300.0
LFPHYSIQUES,17,Charente-Maritime,charentemaritime,Non,187100.0
LFPHYSIQUES,17,Charente-Maritime,charentemaritime,Oui,40500.0
LFPHYSIQUES,17,Charente-Maritime,charentemaritime,Ensemble,227600.0
LFPHYSIQUES,18,Cher,cher,Non,80400.0
LFPHYSIQUES,18,Cher,cher,Oui,15300.0
LFPHYSIQUES,18,Cher,cher,Ensemble,95800.0
LFPHYSIQUES,19,Corrèze,correze,Non,66600.0
LFPHYSIQUES,19,Corrèze,correze,Oui,14900.0
LFPHYSIQUES,19,Corrèze,correze,Ensemble,81500.0
LFPHYSIQUES,21,Côte-d'Or,cotedor,Non,122000.0
LFPHYSIQUES,21,Côte-d'Or,cotedor,Oui,20100.0
LFPHYSIQUES,21,Côte-d'Or,cotedor,Ensemble,142100.0
LFPHYSIQUES,22,Côtes d'Armor,cotesdarmor,Non,167300.0
LFPHYSIQUES,22,Côtes d'Armor,cotesdarmor,Oui,28900.0
LFPHYSIQUES,22,Côtes d'Armor,cotesdarmor,Ensemble,196200.0
LFPHYSIQUES,23,Creuse,creuse,Non,34800.0
LFPHYSIQUES,23,Creuse,creuse,Oui,9100.0
LFPHYSIQUES,23,Creuse,creuse,Ensemble,43900.0
LFPHYSIQUES,24,Dordogne,dordogne,Non,123400.0
LFPHYSIQUES,24,Dordogne,dordogne,Oui,26400.0
LFPHYSIQUES,24,Dordogne,dordogne,Ensemble,149900.0
LFPHYSIQUES,25,Doubs,doubs,Non,113600.0
LFPHYSIQUES,25,Doubs,doubs,Oui,22700.0
LFPHYSIQUES,25,Doubs,doubs,Ensemble,136400.0
LFPHYSIQUES,26,Drôme,drome,Non,121800.0
LFPHYSIQUES,26,Drôme,drome,Oui,22900.0
LFPHYSIQUES,26,Drôme,drome,Ensemble,144800.0
LFPHYSIQUES,27,Eure,eure,Non,129500.0
LFPHYSIQUES,27,Eure,eure,Oui,23600.0
LFPHYSIQUES,27,Eure,eure,Ensemble,153200.0
LFPHYSIQUES,28,Eure-et-Loire,eureetloire,Non,92000.0
LFPHYSIQUES,28,Eure-et-Loire,eureetloire,Oui,23300.0
LFPHYSIQUES,28,Eure-et-Loire,eureetloire,Ensemble,115200.0
LFPHYSIQUES,29,Finistère,finistere,Non,233500.0
LFPHYSIQUES,29,Finistère,finistere,Oui,45400.0
LFPHYSIQUES,29,Finistère,finistere,Ensemble,278900.0
LFPHYSIQUES,2A,Corse-du-Sud,corsedusud,Non,37900.0
LFPHYSIQUES,2A,Corse-du-Sud,corsedusud,Oui,10900.0
LFPHYSIQUES,2A,Corse-du-Sud,corsedusud,Ensemble,48800.0
LFPHYSIQUES,2B,Haute-Corse,hautecorse,Non,42800.0
LFPHYSIQUES,2B,Haute-Corse,hautecorse,Oui,10900.0
LFPHYSIQUES,2B,Haute-Corse,hautecorse,Ensemble,53700.0
LFPHYSIQUES,30,Gard,gard,Non,183900.0
LFPHYSIQUES,30,Gard,gard,Oui,40100.0
LFPHYSIQUES,30,Gard,gard,Ensemble,224000.0
LFPHYSIQUES,31,Haute-Garonne,hautegaronne,Non,246700.0
LFPHYSIQUES,31,Haute-Garonne,hautegaronne,Oui,57000.0
LFPHYSIQUES,31,Haute-Garonne,hautegaronne,Ensemble,303700.0
LFPHYSIQUES,32,Gers,gers,Non,56800.0
LFPHYSIQUES,32,Gers,gers,Oui,9300.0
LFPHYSIQUES,32,Gers,gers,Ensemble,66100.0
LFPHYSIQUES,33,Gironde,gironde,Non,323400.0
LFPHYSIQUES,33,Gironde,gironde,Oui,82200.0
LFPHYSIQUES,33,Gironde,gironde,Ensemble,405600.0
LFPHYSIQUES,34,Hérault,herault,Non,272800.0
LFPHYSIQUES,34,Hérault,herault,Oui,51600.0
LFPHYSIQUES,34,Hérault,herault,Ensemble,324300.0
LFPHYSIQUES,35,Ille-et-Vilaine,illeetvilaine,Non,214100.0
LFPHYSIQUES,35,Ille-et-Vilaine,illeetvilaine,Oui,36400.0
LFPHYSIQUES,35,Ille-et-Vilaine,illeetvilaine,Ensemble,250500.0
LFPHYSIQUES,36,Indre,indre,Non,61300.0
LFPHYSIQUES,36,Indre,indre,Oui,14300.0
LFPHYSIQUES,36,Indre,indre,Ensemble,75600.0
LFPHYSIQUES,37,Indre-et-Loire,indreetloire,Non,147100.0
LFPHYSIQUES,37,Indre-et-Loire,indreetloire,Oui,20200.0
LFPHYSIQUES,37,Indre-et-Loire,indreetloire,Ensemble,167300.0
LFPHYSIQUES,38,Isère,isere,Non,258800.0
LFPHYSIQUES,38,Isère,isere,Oui,47800.0
LFPHYSIQUES,38,Isère,isere,Ensemble,306600.0
LFPHYSIQUES,39,Jura,jura,Non,68200.0
LFPHYSIQUES,39,Jura,jura,Oui,9700.0
LFPHYSIQUES,39,Jura,jura,Ensemble,77800.0
LFPHYSIQUES,40,Landes,landes,Non,104600.0
LFPHYSIQUES,40,Landes,landes,Oui,29500.0
LFPHYSIQUES,40,Landes,landes,Ensemble,134100.0
LFPHYSIQUES,41,Loir-et-Cher,loiretcher,Non,86500.0
LFPHYSIQUES,41,Loir-et-Cher,loiretcher,Oui,15400.0
LFPHYSIQUES,41,Loir-et-Cher,loiretcher,Ensemble,101900.0
LFPHYSIQUES,42,Loire,loire,Non,173000.0
LFPHYSIQUES,42,Loire,loire,Oui,36800.0
LFPHYSIQUES,42,Loire,loire,Ensemble,209800.0
LFPHYSIQUES,43,Haute-Loire,hauteloire,Non,56200.0
LFPHYSIQUES,43,Haute-Loire,hauteloire,Oui,13000.0
LFPHYSIQUES,43,Haute-Loire,hauteloire,Ensemble,69300.0
LFPHYSIQUES,44,Loire-Atlantique,loireatlantique,Non,281300.0
LFPHYSIQUES,44,Loire-Atlantique,loireatlantique,Oui,54600.0
LFPHYSIQUES,44,Loire-Atlantique,loireatlantique,Ensemble,335900.0
LFPHYSIQUES,45,Loiret,loiret,Non,142700.0
LFPHYSIQUES,45,Loiret,loiret,Oui,31900.0
LFPHYSIQUES,45,Loiret,loiret,Ensemble,174600.0
LFPHYSIQUES,46,Lot,lot,Non,54600.0
LFPHYSIQUES,46,Lot,lot,Oui,10600.0
LFPHYSIQUES,46,Lot,lot,Ensemble,65200.0
LFPHYSIQUES,47,Lot-et-Garonne,lotetgaronne,Non,90700.0
LFPHYSIQUES,47,Lot-et-Garonne,lotetgaronne,Oui,17400.0
LFPHYSIQUES,47,Lot-et-Garonne,lotetgaronne,Ensemble,108100.0
LFPHYSIQUES,48,Lozère,lozere,Non,20300.0
LFPHYSIQUES,48,Lozère,lozere,Oui,3300.0
LFPHYSIQUES,48,Lozère,lozere,Ensemble,23600.0
LFPHYSIQUES,49,Maine-et-Loire,maineetloire,Non,178200.0
LFPHYSIQUES,49,Maine-et-Loire,maineetloire,Oui,33500.0
LFPHYSIQUES,49,Maine-et-Loire,maineetloire,Ensemble,211600.0
LFPHYSIQUES,50,Manche,manche,Non,128700.0
LFPHYSIQUES,50,Manche,manche,Oui,28100.0
LFPHYSIQUES,50,Manche,manche,Ensemble,156700.0
LFPHYSIQUES,51,Marne,marne,Non,114300.0
LFPHYSIQUES,51,Marne,marne,Oui,27800.0
LFPHYSIQUES,51,Marne,marne,Ensemble,142100.0
LFPHYSIQUES,52,Haute-Marne,hautemarne,Non,44400.0
LFPHYSIQUES,52,Haute-Marne,hautemarne,Oui,9400.0
LFPHYSIQUES,52,Haute-Marne,hautemarne,Ensemble,53800.0
LFPHYSIQUES,53,Mayenne,mayenne,Non,69100.0
LFPHYSIQUES,53,Mayenne,mayenne,Oui,15800.0
LFPHYSIQUES,53,Mayenne,mayenne,Ensemble,84800.0
LFPHYSIQUES,54,Meurthe-et-Moselle,meurtheetmoselle,Non,154400.0
LFPHYSIQUES,54,Meurthe-et-Moselle,meurtheetmoselle,Oui,29200.0
LFPHYSIQUES,54,Meurthe-et-Moselle,meurtheetmoselle,Ensemble,183600.0
LFPHYSIQUES,55,Meuse,meuse,Non,43900.0
LFPHYSIQUES,55,Meuse,meuse,Oui,10000.0
LFPHYSIQUES,55,Meuse,meuse,Ensemble,53800.0
LFPHYSIQUES,56,Morbihan,morbihan,Non,207400.0
LFPHYSIQUES,56,Morbihan,morbihan,Oui,34300.0
LFPHYSIQUES,56,Morbihan,morbihan,Ensemble,241700.0
LFPHYSIQUES,57,Moselle,moselle,Non,219600.0
LFPHYSIQUES,57,Moselle,moselle,Oui,55500.0
LFPHYSIQUES,57,Moselle,moselle,Ensemble,275100.0
LFPHYSIQUES,58,Nièvre,nievre,Non,57900.0
LFPHYSIQUES,58,Nièvre,nievre,Oui,14800.0
LFPHYSIQUES,58,Nièvre,nievre,Ensemble,72700.0
LFPHYSIQUES,59,Nord,nord,Non,447400.0
LFPHYSIQUES,59,Nord,nord,Oui,140400.0
LFPHYSIQUES,59,Nord,nord,Ensemble,587800.0
LFPHYSIQUES,60,Oise,oise,Non,156300.0
LFPHYSIQUES,60,Oise,oise,Oui,33300.0
LFPHYSIQUES,60,Oise,oise,Ensemble,189600.0
LFPHYSIQUES,61,Orne,orne,Non,76000.0
LFPHYSIQUES,61,Orne,orne,Oui,13800.0
LFPHYSIQUES,61,Orne,orne,Ensemble,89800.0
LFPHYSIQUES,62,Pas-de-Calais,pasdecalais,Non,278400.0
LFPHYSIQUES,62,Pas-de-Calais,pasdecalais,Oui,90100.0
LFPHYSIQUES,62,Pas-de-Calais,pasdecalais,Ensemble,368500.0
LFPHYSIQUES,63,Puy-de-Dôme,puydedome,Non,151700.0
LFPHYSIQUES,63,Puy-de-Dôme,puydedome,Oui,30400.0
LFPHYSIQUES,63,Puy-de-Dôme,puydedome,Ensemble,182100.0
LFPHYSIQUES,64,Pyrénées-Atlantiques,pyreneesatlantiques,Non,177600.0
LFPHYSIQUES,64,Pyrénées-Atlantiques,pyreneesatlantiques,Oui,30400.0
LFPHYSIQUES,64,Pyrénées-Atlantiques,pyreneesatlantiques,Ensemble,208000.0
LFPHYSIQUES,65,Hautes-Pyrénées,hautespyrenees,Non,61800.0
LFPHYSIQUES,65,Hautes-Pyrénées,hautespyrenees,Oui,14900.0
LFPHYSIQUES,65,Hautes-Pyrénées,hautespyrenees,Ensemble,76700.0
LFPHYSIQUES,66,Pyrénées-Orientales,pyreneesorientales,Non,129700.0
LFPHYSIQUES,66,Pyrénées-Orientales,pyreneesorientales,Oui,27000.0
LFPHYSIQUES,66,Pyrénées-Orientales,pyreneesorientales,Ensemble,156700.0
LFPHYSIQUES,67,Bas-Rhin,basrhin,Non,234700.0
LFPHYSIQUES,67,Bas-Rhin,basrhin,Oui,47000.0
LFPHYSIQUES,67,Bas-Rhin,basrhin,Ensemble,281800.0
LFPHYSIQUES,68,Haut-Rhin,hautrhin,Non,167800.0
LFPHYSIQUES,68,Haut-Rhin,hautrhin,Oui,32700.0
LFPHYSIQUES,68,Haut-Rhin,hautrhin,Ensemble,200500.0
LFPHYSIQUES,69,Rhône,rhone,Non,335200.0
LFPHYSIQUES,69,Rhône,rhone,Oui,65700.0
LFPHYSIQUES,69,Rhône,rhone,Ensemble,400900.0
LFPHYSIQUES,70,Haute-Saône,hautesaone,Non,57300.0
LFPHYSIQUES,70,Haute-Saône,hautesaone,Oui,13200.0
LFPHYSIQUES,70,Haute-Saône,hautesaone,Ensemble,70500.0
LFPHYSIQUES,71,Saône-et-Loire,saoneetloire,Non,143900.0
LFPHYSIQUES,71,Saône-et-Loire,saoneetloire,Oui,33100.0
LFPHYSIQUES,71,Saône-et-Loire,saoneetloire,Ensemble,177000.0
LFPHYSIQUES,72,Sarthe,sarthe,Non,129800.0
LFPHYSIQUES,72,Sarthe,sarthe,Oui,29300.0
LFPHYSIQUES,72,Sarthe,sarthe,Ensemble,159100.0
LFPHYSIQUES,73,Savoie,savoie,Non,101100.0
LFPHYSIQUES,73,Savoie,savoie,Oui,16300.0
LFPHYSIQUES,73,Savoie,savoie,Ensemble,117400.0
LFPHYSIQUES,74,Haute-Savoie,hautesavoie,Non,161700.0
LFPHYSIQUES,74,Haute-Savoie,hautesavoie,Oui,22400.0
LFPHYSIQUES,74,Haute-Savoie,hautesavoie,Ensemble,184100.0
LFPHYSIQUES,75,Paris,paris,Non,407300.0
LFPHYSIQUES,75,Paris,paris,Oui,65200.0
LFPHYSIQUES,75,Paris,paris,Ensemble,472500.0
LFPHYSIQUES,76,Seine-Maritime,seinemaritime,Non,268800.0
LFPHYSIQUES,76,Seine-Maritime,seinemaritime,Oui,55800.0
LFPHYSIQUES,76,Seine-Maritime,seinemaritime,Ensemble,324600.0
LFPHYSIQUES,77,Seine-et-Marne,seineetmarne,Non,248000.0
LFPHYSIQUES,77,Seine-et-Marne,seineetmarne,Oui,37800.0
LFPHYSIQUES,77,Seine-et-Marne,seineetmarne,Ensemble,285800.0
LFPHYSIQUES,78,Yvelines,yvelines,Non,275500.0
LFPHYSIQUES,78,Yvelines,yvelines,Oui,38400.0
LFPHYSIQUES,78,Yvelines,yvelines,Ensemble,313800.0
LFPHYSIQUES,79,Deux-Sèvres,deuxsevres,Non,93200.0
LFPHYSIQUES,79,Deux-Sèvres,deuxsevres,Oui,17400.0
LFPHYSIQUES,79,Deux-Sèvres,deuxsevres,Ensemble,110600.0
LFPHYSIQUES,80,Somme,somme,Non,115600.0
LFPHYSIQUES,80,Somme,somme,Oui,31500.0
LFPHYSIQUES,80,Somme,somme,Ensemble,147100.0
LFPHYSIQUES,81,Tarn,tarn,Non,101100.0
LFPHYSIQUES,81,Tarn,tarn,Oui,20300.0
LFPHYSIQUES,81,Tarn,tarn,Ensemble,121400.0
LFPHYSIQUES,82,Tarn-et-Garonne,tarnetgaronne,Non,60800.0
LFPHYSIQUES,82,Tarn-et-Garonne,tarnetgaronne,Oui,12600.0
LFPHYSIQUES,82,Tarn-et-Garonne,tarnetgaronne,Ensemble,73400.0
LFPHYSIQUES,83,Var,var,Non,285400.0
LFPHYSIQUES,83,Var,var,Oui,66200.0
LFPHYSIQUES,83,Var,var,Ensemble,351600.0
LFPHYSIQUES,84,Vaucluse,vaucluse,Non,134500.0
LFPHYSIQUES,84,Vaucluse,vaucluse,Oui,25400.0
LFPHYSIQUES,84,Vaucluse,vaucluse,Ensemble,159900.0
LFPHYSIQUES,85,Vendée,vendee,Non,180700.0
LFPHYSIQUES,85,Vendée,vendee,Oui,32400.0
LFPHYSIQUES,85,Vendée,vendee,Ensemble,213000.0
LFPHYSIQUES,86,Vienne,vienne,Non,104200.0
LFPHYSIQUES,86,Vienne,vienne,Oui,17700.0
LFPHYSIQUES,86,Vienne,vienne,Ensemble,122000.0
LFPHYSIQUES,87,Haute-Vienne,hautevienne,Non,91100.0
LFPHYSIQUES,87,Haute-Vienne,hautevienne,Oui,24400.0
LFPHYSIQUES,87,Haute-Vienne,hautevienne,Ensemble,115500.0
LFPHYSIQUES,88,Vosges,vosges,Non,93200.0
LFPHYSIQUES,88,Vosges,vosges,Oui,18400.0
LFPHYSIQUES,88,Vosges,vosges,Ensemble,111600.0
LFPHYSIQUES,89,Yonne,yonne,Non,83400.0
LFPHYSIQUES,89,Yonne,yonne,Oui,18700.0
LFPHYSIQUES,89,Yonne,yonne,Ensemble,102000.0
LFPHYSIQUES,90,Territoire de Belfort,territoiredebelfort,Non,30200.0
LFPHYSIQUES,90,Territoire de Belfort,territoiredebelfort,Oui,6400.0
LFPHYSIQUES,90,Territoire de Belfort,territoiredebelfort,Ensemble,36600.0
LFPHYSIQUES,91,Essonne,essonne,Non,217900.0
LFPHYSIQUES,91,Essonne,essonne,Oui,42600.0
LFPHYSIQUES,91,Essonne,essonne,Ensemble,260500.0
LFPHYSIQUES,92,Hauts-de-Seine,hautsdeseine,Non,277400.0
LFPHYSIQUES,92,Hauts-de-Seine,hautsdeseine,Oui,42800.0
LFPHYSIQUES,92,Hauts-de-Seine,hautsdeseine,Ensemble,320200.0
LFPHYSIQUES,93,Seine-Saint-Denis,seinesaintdenis,Non,207400.0
LFPHYSIQUES,93,Seine-Saint-Denis,seinesaintdenis,Oui,59800.0
LFPHYSIQUES,93,Seine-Saint-Denis,seinesaintdenis,Ensemble,267200.0
LFPHYSIQUES,94,Val-de-Marne,valdemarne,Non,231700.0
LFPHYSIQUES,94,Val-de-Marne,valdemarne,Oui,46000.0
LFPHYSIQUES,94,Val-de-Marne,valdemarne,Ensemble,277700.0
LFPHYSIQUES,95,Val-d'Oise,valdoise,Non,193200.0
LFPHYSIQUES,95,Val-d'Oise,valdoise,Oui,40600.0
LFPHYSIQUES,95,Val-d'Oise,valdoise,Ensemble,233800.0
LFPHYSIQUES,971,Guadeloupe,guadeloupe,Non,81000.0
LFPHYSIQUES,971,Guadeloupe,guadeloupe,Oui,25300.0
LFPHYSIQUES,971,Guadeloupe,guadeloupe,Ensemble,106200.0
LFPHYSIQUES,972,Martinique,martinique,Non,84900.0
LFPHYSIQUES,972,Martinique,martinique,Oui,24400.0
LFPHYSIQUES,972,Martinique,martinique,Ensemble,109300.0
LFPHYSIQUES,973,Guyane,guyane,Non,22500.0
LFPHYSIQUES,973,Guyane,guyane,Oui,6000.0
LFPHYSIQUES,973,Guyane,guyane,Ensemble,28500.0
LFPHYSIQUES,974,La Réunion,lareunion,Non,128000.0
LFPHYSIQUES,974,La Réunion,lareunion,Oui,34600.0
LFPHYSIQUES,974,La Réunion,lareunion,Ensemble,162600.0
LFPHYSIQUES,976,Mayotte,mayotte,Non,9100.0
LFPHYSIQUES,976,Mayotte,mayotte,Oui,4100.0
LFPHYSIQUES,976,Mayotte,mayotte,Ensemble,13100.0
"LFPHYSIQUES,None,""Note > Une personne a une limitation physique sévère si elle a déclaré avoir beaucoup de difficultés ou ne pas pouvoir faire du tout une des activités suivantes : marcher sur un terrain plat de 500m, monter un étage descalier, lever le bras au-dessus de la tête, se servir de ses mains."
Lecture > Dans l'Ain, 14 000 personnes de 25 à 59 ans déclarent avoir une limitation fonctionnelle physique sévère.
Champ > Personnes de 5 ans ou plus vivant en logement ordinaire en France.
"Sources > Enquête Vie Quotidienne et Santé 2021, DREES."",noteunepersonneaunelimitationphysiqueseveresielleadeclareavoirbeaucoupdedifficultesounepaspouvoirfairedutoutunedesactivitessuivantesmarchersurunterrainplatde500mmonterunetagedescalierleverlebrasaudessusdelateteseservirdesesmainslecturedanslain14000personnesde25a59ansdeclarentavoirunelimitationfonctionnellephysiqueseverechamppersonnesde5ansouplusvivantenlogementordinaireenfrancesourcesenqueteviequotidienneetsante2021drees,,"
LFSENSORIELLES,01,Ain,ain,Non,143100.0
LFSENSORIELLES,01,Ain,ain,Oui,10900.0
LFSENSORIELLES,01,Ain,ain,Ensemble,154000.0
LFSENSORIELLES,02,Aisne,aisne,Non,126400.0
LFSENSORIELLES,02,Aisne,aisne,Oui,15900.0
LFSENSORIELLES,02,Aisne,aisne,Ensemble,142400.0
LFSENSORIELLES,03,Allier,allier,Non,101600.0
LFSENSORIELLES,03,Allier,allier,Oui,11700.0
LFSENSORIELLES,03,Allier,allier,Ensemble,113400.0
LFSENSORIELLES,04,Alpes-de-Haute-Provence,alpesdehauteprovence,Non,50100.0
LFSENSORIELLES,04,Alpes-de-Haute-Provence,alpesdehauteprovence,Oui,5200.0
LFSENSORIELLES,04,Alpes-de-Haute-Provence,alpesdehauteprovence,Ensemble,55300.0
LFSENSORIELLES,05,Hautes-Alpes,hautesalpes,Non,40800.0
LFSENSORIELLES,05,Hautes-Alpes,hautesalpes,Oui,3600.0
LFSENSORIELLES,05,Hautes-Alpes,hautesalpes,Ensemble,44400.0
LFSENSORIELLES,06,Alpes-Maritimes,alpesmaritimes,Non,287100.0
LFSENSORIELLES,06,Alpes-Maritimes,alpesmaritimes,Oui,39400.0
LFSENSORIELLES,06,Alpes-Maritimes,alpesmaritimes,Ensemble,326500.0
LFSENSORIELLES,07,Ardèche,ardeche,Non,91800.0
LFSENSORIELLES,07,Ardèche,ardeche,Oui,10000.0
LFSENSORIELLES,07,Ardèche,ardeche,Ensemble,101800.0
LFSENSORIELLES,08,Ardennes,ardennes,Non,67000.0
LFSENSORIELLES,08,Ardennes,ardennes,Oui,9500.0
LFSENSORIELLES,08,Ardennes,ardennes,Ensemble,76500.0
LFSENSORIELLES,09,Ariège,ariege,Non,44700.0
LFSENSORIELLES,09,Ariège,ariege,Oui,6100.0
LFSENSORIELLES,09,Ariège,ariege,Ensemble,50900.0
LFSENSORIELLES,10,Aube,aube,Non,74800.0
LFSENSORIELLES,10,Aube,aube,Oui,9400.0
LFSENSORIELLES,10,Aube,aube,Ensemble,84200.0
LFSENSORIELLES,11,Aude,aude,Non,110400.0
LFSENSORIELLES,11,Aude,aude,Oui,13300.0
LFSENSORIELLES,11,Aude,aude,Ensemble,123700.0
LFSENSORIELLES,12,Aveyron,aveyron,Non,83500.0
LFSENSORIELLES,12,Aveyron,aveyron,Oui,9300.0
LFSENSORIELLES,12,Aveyron,aveyron,Ensemble,92800.0
LFSENSORIELLES,13,Bouches-du-Rhône,bouchesdurhone,Non,476900.0
LFSENSORIELLES,13,Bouches-du-Rhône,bouchesdurhone,Oui,52500.0
LFSENSORIELLES,13,Bouches-du-Rhône,bouchesdurhone,Ensemble,529400.0
LFSENSORIELLES,14,Calvados,calvados,Non,174900.0
LFSENSORIELLES,14,Calvados,calvados,Oui,19600.0
LFSENSORIELLES,14,Calvados,calvados,Ensemble,194600.0
LFSENSORIELLES,15,Cantal,cantal,Non,42900.0
LFSENSORIELLES,15,Cantal,cantal,Oui,6600.0
LFSENSORIELLES,15,Cantal,cantal,Ensemble,49500.0
LFSENSORIELLES,16,Charente,charente,Non,102700.0
LFSENSORIELLES,16,Charente,charente,Oui,8600.0
LFSENSORIELLES,16,Charente,charente,Ensemble,111300.0
LFSENSORIELLES,17,Charente-Maritime,charentemaritime,Non,205200.0
LFSENSORIELLES,17,Charente-Maritime,charentemaritime,Oui,22400.0
LFSENSORIELLES,17,Charente-Maritime,charentemaritime,Ensemble,227600.0
LFSENSORIELLES,18,Cher,cher,Non,87200.0
LFSENSORIELLES,18,Cher,cher,Oui,8600.0
LFSENSORIELLES,18,Cher,cher,Ensemble,95800.0
LFSENSORIELLES,19,Corrèze,correze,Non,72200.0
LFSENSORIELLES,19,Corrèze,correze,Oui,9400.0
LFSENSORIELLES,19,Corrèze,correze,Ensemble,81500.0
LFSENSORIELLES,21,Côte-d'Or,cotedor,Non,129200.0
LFSENSORIELLES,21,Côte-d'Or,cotedor,Oui,12900.0
LFSENSORIELLES,21,Côte-d'Or,cotedor,Ensemble,142100.0
LFSENSORIELLES,22,Côtes d'Armor,cotesdarmor,Non,178800.0
LFSENSORIELLES,22,Côtes d'Armor,cotesdarmor,Oui,17400.0
LFSENSORIELLES,22,Côtes d'Armor,cotesdarmor,Ensemble,196200.0
LFSENSORIELLES,23,Creuse,creuse,Non,38100.0
LFSENSORIELLES,23,Creuse,creuse,Oui,5800.0
LFSENSORIELLES,23,Creuse,creuse,Ensemble,43900.0
LFSENSORIELLES,24,Dordogne,dordogne,Non,134600.0
LFSENSORIELLES,24,Dordogne,dordogne,Oui,15200.0
LFSENSORIELLES,24,Dordogne,dordogne,Ensemble,149900.0
LFSENSORIELLES,25,Doubs,doubs,Non,124500.0
LFSENSORIELLES,25,Doubs,doubs,Oui,11800.0
LFSENSORIELLES,25,Doubs,doubs,Ensemble,136400.0
LFSENSORIELLES,26,Drôme,drome,Non,130100.0
LFSENSORIELLES,26,Drôme,drome,Oui,14600.0
LFSENSORIELLES,26,Drôme,drome,Ensemble,144800.0
LFSENSORIELLES,27,Eure,eure,Non,140300.0
LFSENSORIELLES,27,Eure,eure,Oui,12900.0
LFSENSORIELLES,27,Eure,eure,Ensemble,153200.0
LFSENSORIELLES,28,Eure-et-Loire,eureetloire,Non,103100.0
LFSENSORIELLES,28,Eure-et-Loire,eureetloire,Oui,12200.0
LFSENSORIELLES,28,Eure-et-Loire,eureetloire,Ensemble,115200.0
LFSENSORIELLES,29,Finistère,finistere,Non,253000.0
LFSENSORIELLES,29,Finistère,finistere,Oui,25900.0
LFSENSORIELLES,29,Finistère,finistere,Ensemble,278900.0
LFSENSORIELLES,2A,Corse-du-Sud,corsedusud,Non,41000.0
LFSENSORIELLES,2A,Corse-du-Sud,corsedusud,Oui,7800.0
LFSENSORIELLES,2A,Corse-du-Sud,corsedusud,Ensemble,48800.0
LFSENSORIELLES,2B,Haute-Corse,hautecorse,Non,48000.0
LFSENSORIELLES,2B,Haute-Corse,hautecorse,Oui,5800.0
LFSENSORIELLES,2B,Haute-Corse,hautecorse,Ensemble,53700.0
LFSENSORIELLES,30,Gard,gard,Non,198600.0
LFSENSORIELLES,30,Gard,gard,Oui,25400.0
LFSENSORIELLES,30,Gard,gard,Ensemble,224000.0
LFSENSORIELLES,31,Haute-Garonne,hautegaronne,Non,270800.0
LFSENSORIELLES,31,Haute-Garonne,hautegaronne,Oui,32900.0
LFSENSORIELLES,31,Haute-Garonne,hautegaronne,Ensemble,303700.0
LFSENSORIELLES,32,Gers,gers,Non,59900.0
LFSENSORIELLES,32,Gers,gers,Oui,6200.0
LFSENSORIELLES,32,Gers,gers,Ensemble,66100.0
LFSENSORIELLES,33,Gironde,gironde,Non,359800.0
LFSENSORIELLES,33,Gironde,gironde,Oui,45800.0
LFSENSORIELLES,33,Gironde,gironde,Ensemble,405600.0
LFSENSORIELLES,34,Hérault,herault,Non,283800.0
LFSENSORIELLES,34,Hérault,herault,Oui,40500.0
LFSENSORIELLES,34,Hérault,herault,Ensemble,324300.0
LFSENSORIELLES,35,Ille-et-Vilaine,illeetvilaine,Non,227200.0
LFSENSORIELLES,35,Ille-et-Vilaine,illeetvilaine,Oui,23300.0
LFSENSORIELLES,35,Ille-et-Vilaine,illeetvilaine,Ensemble,250500.0
LFSENSORIELLES,36,Indre,indre,Non,66600.0
LFSENSORIELLES,36,Indre,indre,Oui,9000.0
LFSENSORIELLES,36,Indre,indre,Ensemble,75600.0
LFSENSORIELLES,37,Indre-et-Loire,indreetloire,Non,152300.0
LFSENSORIELLES,37,Indre-et-Loire,indreetloire,Oui,15000.0
LFSENSORIELLES,37,Indre-et-Loire,indreetloire,Ensemble,167300.0
LFSENSORIELLES,38,Isère,isere,Non,275500.0
LFSENSORIELLES,38,Isère,isere,Oui,31100.0
LFSENSORIELLES,38,Isère,isere,Ensemble,306600.0
LFSENSORIELLES,39,Jura,jura,Non,71200.0
LFSENSORIELLES,39,Jura,jura,Oui,6700.0
LFSENSORIELLES,39,Jura,jura,Ensemble,77800.0
LFSENSORIELLES,40,Landes,landes,Non,120400.0
LFSENSORIELLES,40,Landes,landes,Oui,13700.0
LFSENSORIELLES,40,Landes,landes,Ensemble,134100.0
LFSENSORIELLES,41,Loir-et-Cher,loiretcher,Non,93000.0
LFSENSORIELLES,41,Loir-et-Cher,loiretcher,Oui,8900.0
LFSENSORIELLES,41,Loir-et-Cher,loiretcher,Ensemble,101900.0
LFSENSORIELLES,42,Loire,loire,Non,186100.0
LFSENSORIELLES,42,Loire,loire,Oui,23700.0
LFSENSORIELLES,42,Loire,loire,Ensemble,209800.0
LFSENSORIELLES,43,Haute-Loire,hauteloire,Non,62300.0
LFSENSORIELLES,43,Haute-Loire,hauteloire,Oui,7000.0
LFSENSORIELLES,43,Haute-Loire,hauteloire,Ensemble,69300.0
LFSENSORIELLES,44,Loire-Atlantique,loireatlantique,Non,307900.0
LFSENSORIELLES,44,Loire-Atlantique,loireatlantique,Oui,28000.0
LFSENSORIELLES,44,Loire-Atlantique,loireatlantique,Ensemble,335900.0
LFSENSORIELLES,45,Loiret,loiret,Non,154300.0
LFSENSORIELLES,45,Loiret,loiret,Oui,20300.0
LFSENSORIELLES,45,Loiret,loiret,Ensemble,174600.0
LFSENSORIELLES,46,Lot,lot,Non,59600.0
LFSENSORIELLES,46,Lot,lot,Oui,5600.0
LFSENSORIELLES,46,Lot,lot,Ensemble,65200.0
LFSENSORIELLES,47,Lot-et-Garonne,lotetgaronne,Non,95800.0
LFSENSORIELLES,47,Lot-et-Garonne,lotetgaronne,Oui,12200.0
LFSENSORIELLES,47,Lot-et-Garonne,lotetgaronne,Ensemble,108100.0
LFSENSORIELLES,48,Lozère,lozere,Non,19700.0
LFSENSORIELLES,48,Lozère,lozere,Oui,3900.0
LFSENSORIELLES,48,Lozère,lozere,Ensemble,23600.0
LFSENSORIELLES,49,Maine-et-Loire,maineetloire,Non,195700.0
LFSENSORIELLES,49,Maine-et-Loire,maineetloire,Oui,15900.0
LFSENSORIELLES,49,Maine-et-Loire,maineetloire,Ensemble,211600.0
LFSENSORIELLES,50,Manche,manche,Non,139600.0
LFSENSORIELLES,50,Manche,manche,Oui,17100.0
LFSENSORIELLES,50,Manche,manche,Ensemble,156700.0
LFSENSORIELLES,51,Marne,marne,Non,126000.0
LFSENSORIELLES,51,Marne,marne,Oui,16100.0
LFSENSORIELLES,51,Marne,marne,Ensemble,142100.0
LFSENSORIELLES,52,Haute-Marne,hautemarne,Non,47600.0
LFSENSORIELLES,52,Haute-Marne,hautemarne,Oui,6100.0
LFSENSORIELLES,52,Haute-Marne,hautemarne,Ensemble,53800.0
LFSENSORIELLES,53,Mayenne,mayenne,Non,74400.0
LFSENSORIELLES,53,Mayenne,mayenne,Oui,10400.0
LFSENSORIELLES,53,Mayenne,mayenne,Ensemble,84800.0
LFSENSORIELLES,54,Meurthe-et-Moselle,meurtheetmoselle,Non,167200.0
LFSENSORIELLES,54,Meurthe-et-Moselle,meurtheetmoselle,Oui,16500.0
LFSENSORIELLES,54,Meurthe-et-Moselle,meurtheetmoselle,Ensemble,183600.0
LFSENSORIELLES,55,Meuse,meuse,Non,47200.0
LFSENSORIELLES,55,Meuse,meuse,Oui,6600.0
LFSENSORIELLES,55,Meuse,meuse,Ensemble,53800.0
LFSENSORIELLES,56,Morbihan,morbihan,Non,216800.0
LFSENSORIELLES,56,Morbihan,morbihan,Oui,24900.0
LFSENSORIELLES,56,Morbihan,morbihan,Ensemble,241700.0
LFSENSORIELLES,57,Moselle,moselle,Non,249300.0
LFSENSORIELLES,57,Moselle,moselle,Oui,25800.0
LFSENSORIELLES,57,Moselle,moselle,Ensemble,275100.0
LFSENSORIELLES,58,Nièvre,nievre,Non,65300.0
LFSENSORIELLES,58,Nièvre,nievre,Oui,7300.0
LFSENSORIELLES,58,Nièvre,nievre,Ensemble,72700.0
LFSENSORIELLES,59,Nord,nord,Non,515800.0
LFSENSORIELLES,59,Nord,nord,Oui,72100.0
LFSENSORIELLES,59,Nord,nord,Ensemble,587800.0
LFSENSORIELLES,60,Oise,oise,Non,171100.0
LFSENSORIELLES,60,Oise,oise,Oui,18500.0
LFSENSORIELLES,60,Oise,oise,Ensemble,189600.0
LFSENSORIELLES,61,Orne,orne,Non,80900.0
LFSENSORIELLES,61,Orne,orne,Oui,8900.0
LFSENSORIELLES,61,Orne,orne,Ensemble,89800.0
LFSENSORIELLES,62,Pas-de-Calais,pasdecalais,Non,325600.0
LFSENSORIELLES,62,Pas-de-Calais,pasdecalais,Oui,42900.0
LFSENSORIELLES,62,Pas-de-Calais,pasdecalais,Ensemble,368500.0
LFSENSORIELLES,63,Puy-de-Dôme,puydedome,Non,165000.0
LFSENSORIELLES,63,Puy-de-Dôme,puydedome,Oui,17200.0
LFSENSORIELLES,63,Puy-de-Dôme,puydedome,Ensemble,182100.0
LFSENSORIELLES,64,Pyrénées-Atlantiques,pyreneesatlantiques,Non,186500.0
LFSENSORIELLES,64,Pyrénées-Atlantiques,pyreneesatlantiques,Oui,21500.0
LFSENSORIELLES,64,Pyrénées-Atlantiques,pyreneesatlantiques,Ensemble,208000.0
LFSENSORIELLES,65,Hautes-Pyrénées,hautespyrenees,Non,66100.0
LFSENSORIELLES,65,Hautes-Pyrénées,hautespyrenees,Oui,10600.0
LFSENSORIELLES,65,Hautes-Pyrénées,hautespyrenees,Ensemble,76700.0
LFSENSORIELLES,66,Pyrénées-Orientales,pyreneesorientales,Non,142100.0
LFSENSORIELLES,66,Pyrénées-Orientales,pyreneesorientales,Oui,14600.0
LFSENSORIELLES,66,Pyrénées-Orientales,pyreneesorientales,Ensemble,156700.0
LFSENSORIELLES,67,Bas-Rhin,basrhin,Non,252200.0
LFSENSORIELLES,67,Bas-Rhin,basrhin,Oui,29600.0
LFSENSORIELLES,67,Bas-Rhin,basrhin,Ensemble,281800.0
LFSENSORIELLES,68,Haut-Rhin,hautrhin,Non,181500.0
LFSENSORIELLES,68,Haut-Rhin,hautrhin,Oui,19000.0
LFSENSORIELLES,68,Haut-Rhin,hautrhin,Ensemble,200500.0
LFSENSORIELLES,69,Rhône,rhone,Non,361600.0
LFSENSORIELLES,69,Rhône,rhone,Oui,39200.0
LFSENSORIELLES,69,Rhône,rhone,Ensemble,400900.0
LFSENSORIELLES,70,Haute-Saône,hautesaone,Non,62300.0
LFSENSORIELLES,70,Haute-Saône,hautesaone,Oui,8200.0
LFSENSORIELLES,70,Haute-Saône,hautesaone,Ensemble,70500.0
LFSENSORIELLES,71,Saône-et-Loire,saoneetloire,Non,159400.0
LFSENSORIELLES,71,Saône-et-Loire,saoneetloire,Oui,17600.0
LFSENSORIELLES,71,Saône-et-Loire,saoneetloire,Ensemble,177000.0
LFSENSORIELLES,72,Sarthe,sarthe,Non,144200.0
LFSENSORIELLES,72,Sarthe,sarthe,Oui,14900.0
LFSENSORIELLES,72,Sarthe,sarthe,Ensemble,159100.0
LFSENSORIELLES,73,Savoie,savoie,Non,108400.0
LFSENSORIELLES,73,Savoie,savoie,Oui,9000.0
LFSENSORIELLES,73,Savoie,savoie,Ensemble,117400.0
LFSENSORIELLES,74,Haute-Savoie,hautesavoie,Non,167400.0
LFSENSORIELLES,74,Haute-Savoie,hautesavoie,Oui,16600.0
LFSENSORIELLES,74,Haute-Savoie,hautesavoie,Ensemble,184100.0
LFSENSORIELLES,75,Paris,paris,Non,431300.0
LFSENSORIELLES,75,Paris,paris,Oui,41200.0
LFSENSORIELLES,75,Paris,paris,Ensemble,472500.0
LFSENSORIELLES,76,Seine-Maritime,seinemaritime,Non,293800.0
LFSENSORIELLES,76,Seine-Maritime,seinemaritime,Oui,30800.0
LFSENSORIELLES,76,Seine-Maritime,seinemaritime,Ensemble,324600.0
LFSENSORIELLES,77,Seine-et-Marne,seineetmarne,Non,254600.0
LFSENSORIELLES,77,Seine-et-Marne,seineetmarne,Oui,31300.0
LFSENSORIELLES,77,Seine-et-Marne,seineetmarne,Ensemble,285800.0
LFSENSORIELLES,78,Yvelines,yvelines,Non,289500.0
LFSENSORIELLES,78,Yvelines,yvelines,Oui,24300.0
LFSENSORIELLES,78,Yvelines,yvelines,Ensemble,313800.0
LFSENSORIELLES,79,Deux-Sèvres,deuxsevres,Non,101600.0
LFSENSORIELLES,79,Deux-Sèvres,deuxsevres,Oui,9000.0
LFSENSORIELLES,79,Deux-Sèvres,deuxsevres,Ensemble,110600.0
LFSENSORIELLES,80,Somme,somme,Non,128200.0
LFSENSORIELLES,80,Somme,somme,Oui,18900.0
LFSENSORIELLES,80,Somme,somme,Ensemble,147100.0
LFSENSORIELLES,81,Tarn,tarn,Non,107800.0
LFSENSORIELLES,81,Tarn,tarn,Oui,13600.0
LFSENSORIELLES,81,Tarn,tarn,Ensemble,121400.0
LFSENSORIELLES,82,Tarn-et-Garonne,tarnetgaronne,Non,65200.0
LFSENSORIELLES,82,Tarn-et-Garonne,tarnetgaronne,Oui,8200.0
LFSENSORIELLES,82,Tarn-et-Garonne,tarnetgaronne,Ensemble,73400.0
LFSENSORIELLES,83,Var,var,Non,321800.0
LFSENSORIELLES,83,Var,var,Oui,29700.0
LFSENSORIELLES,83,Var,var,Ensemble,351600.0
LFSENSORIELLES,84,Vaucluse,vaucluse,Non,139600.0
LFSENSORIELLES,84,Vaucluse,vaucluse,Oui,20200.0
LFSENSORIELLES,84,Vaucluse,vaucluse,Ensemble,159900.0
LFSENSORIELLES,85,Vendée,vendee,Non,196700.0
LFSENSORIELLES,85,Vendée,vendee,Oui,16400.0
LFSENSORIELLES,85,Vendée,vendee,Ensemble,213000.0
LFSENSORIELLES,86,Vienne,vienne,Non,112600.0
LFSENSORIELLES,86,Vienne,vienne,Oui,9400.0
LFSENSORIELLES,86,Vienne,vienne,Ensemble,122000.0
LFSENSORIELLES,87,Haute-Vienne,hautevienne,Non,102200.0
LFSENSORIELLES,87,Haute-Vienne,hautevienne,Oui,13300.0
LFSENSORIELLES,87,Haute-Vienne,hautevienne,Ensemble,115500.0
LFSENSORIELLES,88,Vosges,vosges,Non,97000.0
LFSENSORIELLES,88,Vosges,vosges,Oui,14600.0
LFSENSORIELLES,88,Vosges,vosges,Ensemble,111600.0
LFSENSORIELLES,89,Yonne,yonne,Non,91300.0
LFSENSORIELLES,89,Yonne,yonne,Oui,10700.0
LFSENSORIELLES,89,Yonne,yonne,Ensemble,102000.0
LFSENSORIELLES,90,Territoire de Belfort,territoiredebelfort,Non,32700.0
LFSENSORIELLES,90,Territoire de Belfort,territoiredebelfort,Oui,3900.0
LFSENSORIELLES,90,Territoire de Belfort,territoiredebelfort,Ensemble,36600.0
LFSENSORIELLES,91,Essonne,essonne,Non,231600.0
LFSENSORIELLES,91,Essonne,essonne,Oui,28900.0
LFSENSORIELLES,91,Essonne,essonne,Ensemble,260500.0
LFSENSORIELLES,92,Hauts-de-Seine,hautsdeseine,Non,295200.0
LFSENSORIELLES,92,Hauts-de-Seine,hautsdeseine,Oui,25000.0
LFSENSORIELLES,92,Hauts-de-Seine,hautsdeseine,Ensemble,320200.0
LFSENSORIELLES,93,Seine-Saint-Denis,seinesaintdenis,Non,240500.0
LFSENSORIELLES,93,Seine-Saint-Denis,seinesaintdenis,Oui,26800.0
LFSENSORIELLES,93,Seine-Saint-Denis,seinesaintdenis,Ensemble,267200.0
LFSENSORIELLES,94,Val-de-Marne,valdemarne,Non,249500.0
LFSENSORIELLES,94,Val-de-Marne,valdemarne,Oui,28300.0
LFSENSORIELLES,94,Val-de-Marne,valdemarne,Ensemble,277700.0
LFSENSORIELLES,95,Val-d'Oise,valdoise,Non,217400.0
LFSENSORIELLES,95,Val-d'Oise,valdoise,Oui,16400.0
LFSENSORIELLES,95,Val-d'Oise,valdoise,Ensemble,233800.0
LFSENSORIELLES,971,Guadeloupe,guadeloupe,Non,95000.0
LFSENSORIELLES,971,Guadeloupe,guadeloupe,Oui,11300.0
LFSENSORIELLES,971,Guadeloupe,guadeloupe,Ensemble,106200.0
LFSENSORIELLES,972,Martinique,martinique,Non,96200.0
LFSENSORIELLES,972,Martinique,martinique,Oui,13200.0
LFSENSORIELLES,972,Martinique,martinique,Ensemble,109300.0
LFSENSORIELLES,973,Guyane,guyane,Non,25500.0
LFSENSORIELLES,973,Guyane,guyane,Oui,3000.0
LFSENSORIELLES,973,Guyane,guyane,Ensemble,28500.0
LFSENSORIELLES,974,La Réunion,lareunion,Non,143600.0
LFSENSORIELLES,974,La Réunion,lareunion,Oui,19100.0
LFSENSORIELLES,974,La Réunion,lareunion,Ensemble,162600.0
LFSENSORIELLES,976,Mayotte,mayotte,Non,11100.0
LFSENSORIELLES,976,Mayotte,mayotte,Oui,2000.0
LFSENSORIELLES,976,Mayotte,mayotte,Ensemble,13100.0
"LFSENSORIELLES,None,""Note > Une personne a une limitation sensorielle sévère si elle a déclaré avoir beaucoup de difficultés ou ne pas pouvoir faire du tout voir ou entendre."
Lecture > Dans l'Ain, 7 800 personnes de 25 à 59 ans déclarent avoir limitation fonctoinnelle sensorielle sévère.
Champ > Personnes de 5 ans ou plus vivant en logement ordinaire en France.
"Sources > Enquête Vie Quotidienne et Santé 2021, DREES."",noteunepersonneaunelimitationsensorielleseveresielleadeclareavoirbeaucoupdedifficultesounepaspouvoirfairedutoutvoirouentendrelecturedanslain7800personnesde25a59ansdeclarentavoirlimitationfonctoinnellesensorielleseverechamppersonnesde5ansouplusvivantenlogementordinaireenfrancesourcesenqueteviequotidienneetsante2021drees,,"
LFCOGNITIVES,01,Ain,ain,Non,141900.0
LFCOGNITIVES,01,Ain,ain,Oui,12100.0
LFCOGNITIVES,01,Ain,ain,Ensemble,154000.0
LFCOGNITIVES,02,Aisne,aisne,Non,135100.0
LFCOGNITIVES,02,Aisne,aisne,Oui,7200.0
LFCOGNITIVES,02,Aisne,aisne,Ensemble,142400.0
LFCOGNITIVES,03,Allier,allier,Non,107600.0
LFCOGNITIVES,03,Allier,allier,Oui,5800.0
LFCOGNITIVES,03,Allier,allier,Ensemble,113400.0
LFCOGNITIVES,04,Alpes-de-Haute-Provence,alpesdehauteprovence,Non,52500.0
LFCOGNITIVES,04,Alpes-de-Haute-Provence,alpesdehauteprovence,Oui,2800.0
LFCOGNITIVES,04,Alpes-de-Haute-Provence,alpesdehauteprovence,Ensemble,55300.0
LFCOGNITIVES,05,Hautes-Alpes,hautesalpes,Non,41800.0
LFCOGNITIVES,05,Hautes-Alpes,hautesalpes,Oui,2600.0
LFCOGNITIVES,05,Hautes-Alpes,hautesalpes,Ensemble,44400.0
LFCOGNITIVES,06,Alpes-Maritimes,alpesmaritimes,Non,303300.0
LFCOGNITIVES,06,Alpes-Maritimes,alpesmaritimes,Oui,23200.0
LFCOGNITIVES,06,Alpes-Maritimes,alpesmaritimes,Ensemble,326500.0
LFCOGNITIVES,07,Ardèche,ardeche,Non,92800.0
LFCOGNITIVES,07,Ardèche,ardeche,Oui,9000.0
LFCOGNITIVES,07,Ardèche,ardeche,Ensemble,101800.0
LFCOGNITIVES,08,Ardennes,ardennes,Non,72400.0
LFCOGNITIVES,08,Ardennes,ardennes,Oui,4200.0
LFCOGNITIVES,08,Ardennes,ardennes,Ensemble,76500.0
LFCOGNITIVES,09,Ariège,ariege,Non,48800.0
LFCOGNITIVES,09,Ariège,ariege,Oui,2100.0
LFCOGNITIVES,09,Ariège,ariege,Ensemble,50900.0
LFCOGNITIVES,10,Aube,aube,Non,79200.0
LFCOGNITIVES,10,Aube,aube,Oui,5000.0
LFCOGNITIVES,10,Aube,aube,Ensemble,84200.0
LFCOGNITIVES,11,Aude,aude,Non,119000.0
LFCOGNITIVES,11,Aude,aude,Oui,4700.0
LFCOGNITIVES,11,Aude,aude,Ensemble,123700.0
LFCOGNITIVES,12,Aveyron,aveyron,Non,86800.0
LFCOGNITIVES,12,Aveyron,aveyron,Oui,6000.0
LFCOGNITIVES,12,Aveyron,aveyron,Ensemble,92800.0
LFCOGNITIVES,13,Bouches-du-Rhône,bouchesdurhone,Non,489700.0
LFCOGNITIVES,13,Bouches-du-Rhône,bouchesdurhone,Oui,39600.0
LFCOGNITIVES,13,Bouches-du-Rhône,bouchesdurhone,Ensemble,529400.0
LFCOGNITIVES,14,Calvados,calvados,Non,182400.0
LFCOGNITIVES,14,Calvados,calvados,Oui,12100.0
LFCOGNITIVES,14,Calvados,calvados,Ensemble,194600.0
LFCOGNITIVES,15,Cantal,cantal,Non,46900.0
LFCOGNITIVES,15,Cantal,cantal,Oui,2600.0
LFCOGNITIVES,15,Cantal,cantal,Ensemble,49500.0
LFCOGNITIVES,16,Charente,charente,Non,105700.0
LFCOGNITIVES,16,Charente,charente,Oui,5600.0
LFCOGNITIVES,16,Charente,charente,Ensemble,111300.0
LFCOGNITIVES,17,Charente-Maritime,charentemaritime,Non,213900.0
LFCOGNITIVES,17,Charente-Maritime,charentemaritime,Oui,13800.0
LFCOGNITIVES,17,Charente-Maritime,charentemaritime,Ensemble,227600.0
LFCOGNITIVES,18,Cher,cher,Non,91300.0
LFCOGNITIVES,18,Cher,cher,Oui,4500.0
LFCOGNITIVES,18,Cher,cher,Ensemble,95800.0
LFCOGNITIVES,19,Corrèze,correze,Non,77500.0
LFCOGNITIVES,19,Corrèze,correze,Oui,4000.0
LFCOGNITIVES,19,Corrèze,correze,Ensemble,81500.0
LFCOGNITIVES,21,Côte-d'Or,cotedor,Non,134900.0
LFCOGNITIVES,21,Côte-d'Or,cotedor,Oui,7200.0
LFCOGNITIVES,21,Côte-d'Or,cotedor,Ensemble,142100.0
LFCOGNITIVES,22,Côtes d'Armor,cotesdarmor,Non,188200.0
LFCOGNITIVES,22,Côtes d'Armor,cotesdarmor,Oui,8000.0
LFCOGNITIVES,22,Côtes d'Armor,cotesdarmor,Ensemble,196200.0
LFCOGNITIVES,23,Creuse,creuse,Non,40200.0
LFCOGNITIVES,23,Creuse,creuse,Oui,3700.0
LFCOGNITIVES,23,Creuse,creuse,Ensemble,43900.0
LFCOGNITIVES,24,Dordogne,dordogne,Non,141600.0
LFCOGNITIVES,24,Dordogne,dordogne,Oui,8200.0
LFCOGNITIVES,24,Dordogne,dordogne,Ensemble,149900.0
LFCOGNITIVES,25,Doubs,doubs,Non,128200.0
LFCOGNITIVES,25,Doubs,doubs,Oui,8200.0
LFCOGNITIVES,25,Doubs,doubs,Ensemble,136400.0
LFCOGNITIVES,26,Drôme,drome,Non,138500.0
LFCOGNITIVES,26,Drôme,drome,Oui,6300.0
LFCOGNITIVES,26,Drôme,drome,Ensemble,144800.0
LFCOGNITIVES,27,Eure,eure,Non,146600.0
LFCOGNITIVES,27,Eure,eure,Oui,6600.0
LFCOGNITIVES,27,Eure,eure,Ensemble,153200.0
LFCOGNITIVES,28,Eure-et-Loire,eureetloire,Non,106300.0
LFCOGNITIVES,28,Eure-et-Loire,eureetloire,Oui,9000.0
LFCOGNITIVES,28,Eure-et-Loire,eureetloire,Ensemble,115200.0
LFCOGNITIVES,29,Finistère,finistere,Non,259600.0
LFCOGNITIVES,29,Finistère,finistere,Oui,19400.0
LFCOGNITIVES,29,Finistère,finistere,Ensemble,278900.0
LFCOGNITIVES,2A,Corse-du-Sud,corsedusud,Non,45000.0
LFCOGNITIVES,2A,Corse-du-Sud,corsedusud,Oui,3800.0
LFCOGNITIVES,2A,Corse-du-Sud,corsedusud,Ensemble,48800.0
LFCOGNITIVES,2B,Haute-Corse,hautecorse,Non,50900.0
LFCOGNITIVES,2B,Haute-Corse,hautecorse,Oui,2800.0
LFCOGNITIVES,2B,Haute-Corse,hautecorse,Ensemble,53700.0
LFCOGNITIVES,30,Gard,gard,Non,210900.0
LFCOGNITIVES,30,Gard,gard,Oui,13100.0
LFCOGNITIVES,30,Gard,gard,Ensemble,224000.0
LFCOGNITIVES,31,Haute-Garonne,hautegaronne,Non,282500.0
LFCOGNITIVES,31,Haute-Garonne,hautegaronne,Oui,21200.0
LFCOGNITIVES,31,Haute-Garonne,hautegaronne,Ensemble,303700.0
LFCOGNITIVES,32,Gers,gers,Non,63100.0
LFCOGNITIVES,32,Gers,gers,Oui,3000.0
LFCOGNITIVES,32,Gers,gers,Ensemble,66100.0
LFCOGNITIVES,33,Gironde,gironde,Non,378200.0
LFCOGNITIVES,33,Gironde,gironde,Oui,27400.0
LFCOGNITIVES,33,Gironde,gironde,Ensemble,405600.0
LFCOGNITIVES,34,Hérault,herault,Non,307200.0
LFCOGNITIVES,34,Hérault,herault,Oui,17100.0
LFCOGNITIVES,34,Hérault,herault,Ensemble,324300.0
LFCOGNITIVES,35,Ille-et-Vilaine,illeetvilaine,Non,238300.0
LFCOGNITIVES,35,Ille-et-Vilaine,illeetvilaine,Oui,12200.0
LFCOGNITIVES,35,Ille-et-Vilaine,illeetvilaine,Ensemble,250500.0
LFCOGNITIVES,36,Indre,indre,Non,71300.0
LFCOGNITIVES,36,Indre,indre,Oui,4300.0
LFCOGNITIVES,36,Indre,indre,Ensemble,75600.0
LFCOGNITIVES,37,Indre-et-Loire,indreetloire,Non,159500.0
LFCOGNITIVES,37,Indre-et-Loire,indreetloire,Oui,7800.0
LFCOGNITIVES,37,Indre-et-Loire,indreetloire,Ensemble,167300.0
LFCOGNITIVES,38,Isère,isere,Non,288300.0
LFCOGNITIVES,38,Isère,isere,Oui,18200.0
LFCOGNITIVES,38,Isère,isere,Ensemble,306600.0
LFCOGNITIVES,39,Jura,jura,Non,72600.0
LFCOGNITIVES,39,Jura,jura,Oui,5200.0
LFCOGNITIVES,39,Jura,jura,Ensemble,77800.0
LFCOGNITIVES,40,Landes,landes,Non,124400.0
LFCOGNITIVES,40,Landes,landes,Oui,9600.0
LFCOGNITIVES,40,Landes,landes,Ensemble,134100.0
LFCOGNITIVES,41,Loir-et-Cher,loiretcher,Non,97100.0
LFCOGNITIVES,41,Loir-et-Cher,loiretcher,Oui,4800.0
LFCOGNITIVES,41,Loir-et-Cher,loiretcher,Ensemble,101900.0
LFCOGNITIVES,42,Loire,loire,Non,197800.0
LFCOGNITIVES,42,Loire,loire,Oui,12000.0
LFCOGNITIVES,42,Loire,loire,Ensemble,209800.0
LFCOGNITIVES,43,Haute-Loire,hauteloire,Non,63100.0
LFCOGNITIVES,43,Haute-Loire,hauteloire,Oui,6200.0
LFCOGNITIVES,43,Haute-Loire,hauteloire,Ensemble,69300.0
LFCOGNITIVES,44,Loire-Atlantique,loireatlantique,Non,322800.0
LFCOGNITIVES,44,Loire-Atlantique,loireatlantique,Oui,13100.0
LFCOGNITIVES,44,Loire-Atlantique,loireatlantique,Ensemble,335900.0
LFCOGNITIVES,45,Loiret,loiret,Non,161800.0
LFCOGNITIVES,45,Loiret,loiret,Oui,12900.0
LFCOGNITIVES,45,Loiret,loiret,Ensemble,174600.0
LFCOGNITIVES,46,Lot,lot,Non,61600.0
LFCOGNITIVES,46,Lot,lot,Oui,3500.0
LFCOGNITIVES,46,Lot,lot,Ensemble,65200.0
LFCOGNITIVES,47,Lot-et-Garonne,lotetgaronne,Non,102500.0
LFCOGNITIVES,47,Lot-et-Garonne,lotetgaronne,Oui,5500.0
LFCOGNITIVES,47,Lot-et-Garonne,lotetgaronne,Ensemble,108100.0
LFCOGNITIVES,48,Lozère,lozere,Non,21700.0
LFCOGNITIVES,48,Lozère,lozere,Oui,1800.0
LFCOGNITIVES,48,Lozère,lozere,Ensemble,23600.0
LFCOGNITIVES,49,Maine-et-Loire,maineetloire,Non,201500.0
LFCOGNITIVES,49,Maine-et-Loire,maineetloire,Oui,10100.0
LFCOGNITIVES,49,Maine-et-Loire,maineetloire,Ensemble,211600.0
LFCOGNITIVES,50,Manche,manche,Non,150400.0
LFCOGNITIVES,50,Manche,manche,Oui,6400.0
LFCOGNITIVES,50,Manche,manche,Ensemble,156700.0
LFCOGNITIVES,51,Marne,marne,Non,133700.0
LFCOGNITIVES,51,Marne,marne,Oui,8400.0
LFCOGNITIVES,51,Marne,marne,Ensemble,142100.0
LFCOGNITIVES,52,Haute-Marne,hautemarne,Non,50400.0
LFCOGNITIVES,52,Haute-Marne,hautemarne,Oui,3400.0
LFCOGNITIVES,52,Haute-Marne,hautemarne,Ensemble,53800.0
LFCOGNITIVES,53,Mayenne,mayenne,Non,79400.0
LFCOGNITIVES,53,Mayenne,mayenne,Oui,5500.0
LFCOGNITIVES,53,Mayenne,mayenne,Ensemble,84800.0
LFCOGNITIVES,54,Meurthe-et-Moselle,meurtheetmoselle,Non,176100.0
LFCOGNITIVES,54,Meurthe-et-Moselle,meurtheetmoselle,Oui,7600.0
LFCOGNITIVES,54,Meurthe-et-Moselle,meurtheetmoselle,Ensemble,183600.0
LFCOGNITIVES,55,Meuse,meuse,Non,51200.0
LFCOGNITIVES,55,Meuse,meuse,Oui,2700.0
LFCOGNITIVES,55,Meuse,meuse,Ensemble,53800.0
LFCOGNITIVES,56,Morbihan,morbihan,Non,231700.0
LFCOGNITIVES,56,Morbihan,morbihan,Oui,10000.0
LFCOGNITIVES,56,Morbihan,morbihan,Ensemble,241700.0
LFCOGNITIVES,57,Moselle,moselle,Non,257600.0
LFCOGNITIVES,57,Moselle,moselle,Oui,17500.0
LFCOGNITIVES,57,Moselle,moselle,Ensemble,275100.0
LFCOGNITIVES,58,Nièvre,nievre,Non,68500.0
LFCOGNITIVES,58,Nièvre,nievre,Oui,4200.0
LFCOGNITIVES,58,Nièvre,nievre,Ensemble,72700.0
LFCOGNITIVES,59,Nord,nord,Non,545500.0
LFCOGNITIVES,59,Nord,nord,Oui,42400.0
LFCOGNITIVES,59,Nord,nord,Ensemble,587800.0
LFCOGNITIVES,60,Oise,oise,Non,182400.0
LFCOGNITIVES,60,Oise,oise,Oui,7200.0
LFCOGNITIVES,60,Oise,oise,Ensemble,189600.0
LFCOGNITIVES,61,Orne,orne,Non,84000.0
LFCOGNITIVES,61,Orne,orne,Oui,5800.0
LFCOGNITIVES,61,Orne,orne,Ensemble,89800.0
LFCOGNITIVES,62,Pas-de-Calais,pasdecalais,Non,345600.0
LFCOGNITIVES,62,Pas-de-Calais,pasdecalais,Oui,22900.0
LFCOGNITIVES,62,Pas-de-Calais,pasdecalais,Ensemble,368500.0
LFCOGNITIVES,63,Puy-de-Dôme,puydedome,Non,171300.0
LFCOGNITIVES,63,Puy-de-Dôme,puydedome,Oui,10800.0
LFCOGNITIVES,63,Puy-de-Dôme,puydedome,Ensemble,182100.0
LFCOGNITIVES,64,Pyrénées-Atlantiques,pyreneesatlantiques,Non,197700.0
LFCOGNITIVES,64,Pyrénées-Atlantiques,pyreneesatlantiques,Oui,10400.0
LFCOGNITIVES,64,Pyrénées-Atlantiques,pyreneesatlantiques,Ensemble,208000.0
LFCOGNITIVES,65,Hautes-Pyrénées,hautespyrenees,Non,68700.0
LFCOGNITIVES,65,Hautes-Pyrénées,hautespyrenees,Oui,8000.0
LFCOGNITIVES,65,Hautes-Pyrénées,hautespyrenees,Ensemble,76700.0
LFCOGNITIVES,66,Pyrénées-Orientales,pyreneesorientales,Non,146200.0
LFCOGNITIVES,66,Pyrénées-Orientales,pyreneesorientales,Oui,10500.0
LFCOGNITIVES,66,Pyrénées-Orientales,pyreneesorientales,Ensemble,156700.0
LFCOGNITIVES,67,Bas-Rhin,basrhin,Non,264100.0
LFCOGNITIVES,67,Bas-Rhin,basrhin,Oui,17700.0
LFCOGNITIVES,67,Bas-Rhin,basrhin,Ensemble,281800.0
LFCOGNITIVES,68,Haut-Rhin,hautrhin,Non,188500.0
LFCOGNITIVES,68,Haut-Rhin,hautrhin,Oui,12000.0
LFCOGNITIVES,68,Haut-Rhin,hautrhin,Ensemble,200500.0
LFCOGNITIVES,69,Rhône,rhone,Non,380400.0
LFCOGNITIVES,69,Rhône,rhone,Oui,20500.0
LFCOGNITIVES,69,Rhône,rhone,Ensemble,400900.0
LFCOGNITIVES,70,Haute-Saône,hautesaone,Non,67000.0
LFCOGNITIVES,70,Haute-Saône,hautesaone,Oui,3500.0
LFCOGNITIVES,70,Haute-Saône,hautesaone,Ensemble,70500.0
LFCOGNITIVES,71,Saône-et-Loire,saoneetloire,Non,164900.0
LFCOGNITIVES,71,Saône-et-Loire,saoneetloire,Oui,12100.0
LFCOGNITIVES,71,Saône-et-Loire,saoneetloire,Ensemble,177000.0
LFCOGNITIVES,72,Sarthe,sarthe,Non,152300.0
LFCOGNITIVES,72,Sarthe,sarthe,Oui,6700.0
LFCOGNITIVES,72,Sarthe,sarthe,Ensemble,159100.0
LFCOGNITIVES,73,Savoie,savoie,Non,112400.0
LFCOGNITIVES,73,Savoie,savoie,Oui,5100.0
LFCOGNITIVES,73,Savoie,savoie,Ensemble,117400.0
LFCOGNITIVES,74,Haute-Savoie,hautesavoie,Non,176500.0
LFCOGNITIVES,74,Haute-Savoie,hautesavoie,Oui,7600.0
LFCOGNITIVES,74,Haute-Savoie,hautesavoie,Ensemble,184100.0
LFCOGNITIVES,75,Paris,paris,Non,448400.0
LFCOGNITIVES,75,Paris,paris,Oui,24100.0
LFCOGNITIVES,75,Paris,paris,Ensemble,472500.0
LFCOGNITIVES,76,Seine-Maritime,seinemaritime,Non,304300.0
LFCOGNITIVES,76,Seine-Maritime,seinemaritime,Oui,20300.0
LFCOGNITIVES,76,Seine-Maritime,seinemaritime,Ensemble,324600.0
LFCOGNITIVES,77,Seine-et-Marne,seineetmarne,Non,274000.0
LFCOGNITIVES,77,Seine-et-Marne,seineetmarne,Oui,11800.0
LFCOGNITIVES,77,Seine-et-Marne,seineetmarne,Ensemble,285800.0
LFCOGNITIVES,78,Yvelines,yvelines,Non,302200.0
LFCOGNITIVES,78,Yvelines,yvelines,Oui,11600.0
LFCOGNITIVES,78,Yvelines,yvelines,Ensemble,313800.0
LFCOGNITIVES,79,Deux-Sèvres,deuxsevres,Non,105100.0
LFCOGNITIVES,79,Deux-Sèvres,deuxsevres,Oui,5400.0
LFCOGNITIVES,79,Deux-Sèvres,deuxsevres,Ensemble,110600.0
LFCOGNITIVES,80,Somme,somme,Non,137500.0
LFCOGNITIVES,80,Somme,somme,Oui,9600.0
LFCOGNITIVES,80,Somme,somme,Ensemble,147100.0
LFCOGNITIVES,81,Tarn,tarn,Non,112300.0
LFCOGNITIVES,81,Tarn,tarn,Oui,9100.0
LFCOGNITIVES,81,Tarn,tarn,Ensemble,121400.0
LFCOGNITIVES,82,Tarn-et-Garonne,tarnetgaronne,Non,68700.0
LFCOGNITIVES,82,Tarn-et-Garonne,tarnetgaronne,Oui,4800.0
LFCOGNITIVES,82,Tarn-et-Garonne,tarnetgaronne,Ensemble,73400.0
LFCOGNITIVES,83,Var,var,Non,333300.0
LFCOGNITIVES,83,Var,var,Oui,18300.0
LFCOGNITIVES,83,Var,var,Ensemble,351600.0
LFCOGNITIVES,84,Vaucluse,vaucluse,Non,152500.0
LFCOGNITIVES,84,Vaucluse,vaucluse,Oui,7400.0
LFCOGNITIVES,84,Vaucluse,vaucluse,Ensemble,159900.0
LFCOGNITIVES,85,Vendée,vendee,Non,202400.0
LFCOGNITIVES,85,Vendée,vendee,Oui,10600.0
LFCOGNITIVES,85,Vendée,vendee,Ensemble,213000.0
LFCOGNITIVES,86,Vienne,vienne,Non,117000.0
LFCOGNITIVES,86,Vienne,vienne,Oui,4900.0
LFCOGNITIVES,86,Vienne,vienne,Ensemble,122000.0
LFCOGNITIVES,87,Haute-Vienne,hautevienne,Non,105600.0
LFCOGNITIVES,87,Haute-Vienne,hautevienne,Oui,9800.0
LFCOGNITIVES,87,Haute-Vienne,hautevienne,Ensemble,115500.0
LFCOGNITIVES,88,Vosges,vosges,Non,106600.0
LFCOGNITIVES,88,Vosges,vosges,Oui,5000.0
LFCOGNITIVES,88,Vosges,vosges,Ensemble,111600.0
LFCOGNITIVES,89,Yonne,yonne,Non,97900.0
LFCOGNITIVES,89,Yonne,yonne,Oui,4200.0
LFCOGNITIVES,89,Yonne,yonne,Ensemble,102000.0
LFCOGNITIVES,90,Territoire de Belfort,territoiredebelfort,Non,34600.0
LFCOGNITIVES,90,Territoire de Belfort,territoiredebelfort,Oui,2000.0
LFCOGNITIVES,90,Territoire de Belfort,territoiredebelfort,Ensemble,36600.0
LFCOGNITIVES,91,Essonne,essonne,Non,248800.0
LFCOGNITIVES,91,Essonne,essonne,Oui,11600.0
LFCOGNITIVES,91,Essonne,essonne,Ensemble,260500.0
LFCOGNITIVES,92,Hauts-de-Seine,hautsdeseine,Non,306500.0
LFCOGNITIVES,92,Hauts-de-Seine,hautsdeseine,Oui,13700.0
LFCOGNITIVES,92,Hauts-de-Seine,hautsdeseine,Ensemble,320200.0
LFCOGNITIVES,93,Seine-Saint-Denis,seinesaintdenis,Non,247000.0
LFCOGNITIVES,93,Seine-Saint-Denis,seinesaintdenis,Oui,20200.0
LFCOGNITIVES,93,Seine-Saint-Denis,seinesaintdenis,Ensemble,267200.0
LFCOGNITIVES,94,Val-de-Marne,valdemarne,Non,261700.0
LFCOGNITIVES,94,Val-de-Marne,valdemarne,Oui,16000.0
LFCOGNITIVES,94,Val-de-Marne,valdemarne,Ensemble,277700.0
LFCOGNITIVES,95,Val-d'Oise,valdoise,Non,224500.0
LFCOGNITIVES,95,Val-d'Oise,valdoise,Oui,9300.0
LFCOGNITIVES,95,Val-d'Oise,valdoise,Ensemble,233800.0
LFCOGNITIVES,971,Guadeloupe,guadeloupe,Non,95400.0
LFCOGNITIVES,971,Guadeloupe,guadeloupe,Oui,10900.0
LFCOGNITIVES,971,Guadeloupe,guadeloupe,Ensemble,106200.0
LFCOGNITIVES,972,Martinique,martinique,Non,98400.0
LFCOGNITIVES,972,Martinique,martinique,Oui,10900.0
LFCOGNITIVES,972,Martinique,martinique,Ensemble,109300.0
LFCOGNITIVES,973,Guyane,guyane,Non,26700.0
LFCOGNITIVES,973,Guyane,guyane,Oui,1800.0
LFCOGNITIVES,973,Guyane,guyane,Ensemble,28500.0
LFCOGNITIVES,974,La Réunion,lareunion,Non,146900.0
LFCOGNITIVES,974,La Réunion,lareunion,Oui,15700.0
LFCOGNITIVES,974,La Réunion,lareunion,Ensemble,162600.0
LFCOGNITIVES,976,Mayotte,mayotte,Non,11900.0
LFCOGNITIVES,976,Mayotte,mayotte,Oui,1200.0
LFCOGNITIVES,976,Mayotte,mayotte,Ensemble,13100.0
"LFCOGNITIVES,None,""Note > Une personne a une limitation cognitive sévère si elle a déclaré avoir beaucoup de difficultés ou ne pas pouvoir faire du tout une des activités suivantes : comprendre les autres ou se faire comprendre des autres, prendre des décisions adapatées dans la vie de tous les jours, se concentrer plus de 10 minutes."
Lecture > Dans l'Ain, 7 100 personnes de 25 à 59 ans déclarent avoir limitation fonctionnelle cognitive sévère.
Champ > Personnes de 5 ans ou plus vivant en logement ordinaire en France.
"Sources > Enquête Vie Quotidienne et Santé 2021, DREES."",noteunepersonneaunelimitationcognitiveseveresielleadeclareavoirbeaucoupdedifficultesounepaspouvoirfairedutoutunedesactivitessuivantescomprendrelesautresousefairecomprendredesautresprendredesdecisionsadapateesdanslaviedetouslesjoursseconcentrerplusde10minuteslecturedanslain7100personnesde25a59ansdeclarentavoirlimitationfonctionnellecognitiveseverechamppersonnesde5ansouplusvivantenlogementordinaireenfrancesourcesenqueteviequotidienneetsante2021drees,,"
LIMFONC,01,Ain,ain,Non,120000.0
LIMFONC,01,Ain,ain,Oui,34000.0
LIMFONC,01,Ain,ain,Ensemble,154000.0
LIMFONC,02,Aisne,aisne,Non,105900.0
LIMFONC,02,Aisne,aisne,Oui,36400.0
LIMFONC,02,Aisne,aisne,Ensemble,142400.0
LIMFONC,03,Allier,allier,Non,85200.0
LIMFONC,03,Allier,allier,Oui,28100.0
LIMFONC,03,Allier,allier,Ensemble,113400.0
LIMFONC,04,Alpes-de-Haute-Provence,alpesdehauteprovence,Non,42500.0
LIMFONC,04,Alpes-de-Haute-Provence,alpesdehauteprovence,Oui,12800.0
LIMFONC,04,Alpes-de-Haute-Provence,alpesdehauteprovence,Ensemble,55300.0
LIMFONC,05,Hautes-Alpes,hautesalpes,Non,34400.0
LIMFONC,05,Hautes-Alpes,hautesalpes,Oui,10000.0
LIMFONC,05,Hautes-Alpes,hautesalpes,Ensemble,44400.0
LIMFONC,06,Alpes-Maritimes,alpesmaritimes,Non,241200.0
LIMFONC,06,Alpes-Maritimes,alpesmaritimes,Oui,85300.0
LIMFONC,06,Alpes-Maritimes,alpesmaritimes,Ensemble,326500.0
LIMFONC,07,Ardèche,ardeche,Non,76700.0
LIMFONC,07,Ardèche,ardeche,Oui,25100.0
LIMFONC,07,Ardèche,ardeche,Ensemble,101800.0
LIMFONC,08,Ardennes,ardennes,Non,57900.0
LIMFONC,08,Ardennes,ardennes,Oui,18700.0
LIMFONC,08,Ardennes,ardennes,Ensemble,76500.0
LIMFONC,09,Ariège,ariege,Non,37000.0
LIMFONC,09,Ariège,ariege,Oui,13900.0
LIMFONC,09,Ariège,ariege,Ensemble,50900.0
LIMFONC,10,Aube,aube,Non,64100.0
LIMFONC,10,Aube,aube,Oui,20000.0
LIMFONC,10,Aube,aube,Ensemble,84200.0
LIMFONC,11,Aude,aude,Non,95700.0
LIMFONC,11,Aude,aude,Oui,28100.0
LIMFONC,11,Aude,aude,Ensemble,123700.0
LIMFONC,12,Aveyron,aveyron,Non,73200.0
LIMFONC,12,Aveyron,aveyron,Oui,19700.0
LIMFONC,12,Aveyron,aveyron,Ensemble,92800.0
LIMFONC,13,Bouches-du-Rhône,bouchesdurhone,Non,393000.0
LIMFONC,13,Bouches-du-Rhône,bouchesdurhone,Oui,136400.0
LIMFONC,13,Bouches-du-Rhône,bouchesdurhone,Ensemble,529400.0
LIMFONC,14,Calvados,calvados,Non,154500.0
LIMFONC,14,Calvados,calvados,Oui,40100.0
LIMFONC,14,Calvados,calvados,Ensemble,194600.0
LIMFONC,15,Cantal,cantal,Non,37600.0
LIMFONC,15,Cantal,cantal,Oui,11900.0
LIMFONC,15,Cantal,cantal,Ensemble,49500.0
LIMFONC,16,Charente,charente,Non,88400.0
LIMFONC,16,Charente,charente,Oui,22900.0
LIMFONC,16,Charente,charente,Ensemble,111300.0
LIMFONC,17,Charente-Maritime,charentemaritime,Non,172900.0
LIMFONC,17,Charente-Maritime,charentemaritime,Oui,54700.0
LIMFONC,17,Charente-Maritime,charentemaritime,Ensemble,227600.0
LIMFONC,18,Cher,cher,Non,75200.0
LIMFONC,18,Cher,cher,Oui,20500.0
LIMFONC,18,Cher,cher,Ensemble,95800.0
LIMFONC,19,Corrèze,correze,Non,60900.0
LIMFONC,19,Corrèze,correze,Oui,20700.0
LIMFONC,19,Corrèze,correze,Ensemble,81500.0
LIMFONC,21,Côte-d'Or,cotedor,Non,113200.0
LIMFONC,21,Côte-d'Or,cotedor,Oui,28900.0
LIMFONC,21,Côte-d'Or,cotedor,Ensemble,142100.0
LIMFONC,22,Côtes d'Armor,cotesdarmor,Non,155200.0
LIMFONC,22,Côtes d'Armor,cotesdarmor,Oui,41100.0
LIMFONC,22,Côtes d'Armor,cotesdarmor,Ensemble,196200.0
LIMFONC,23,Creuse,creuse,Non,31200.0
LIMFONC,23,Creuse,creuse,Oui,12700.0
LIMFONC,23,Creuse,creuse,Ensemble,43900.0
LIMFONC,24,Dordogne,dordogne,Non,114100.0
LIMFONC,24,Dordogne,dordogne,Oui,35800.0
LIMFONC,24,Dordogne,dordogne,Ensemble,149900.0
LIMFONC,25,Doubs,doubs,Non,106600.0
LIMFONC,25,Doubs,doubs,Oui,29800.0
LIMFONC,25,Doubs,doubs,Ensemble,136400.0
LIMFONC,26,Drôme,drome,Non,111700.0
LIMFONC,26,Drôme,drome,Oui,33000.0
LIMFONC,26,Drôme,drome,Ensemble,144800.0
LIMFONC,27,Eure,eure,Non,121300.0
LIMFONC,27,Eure,eure,Oui,31900.0
LIMFONC,27,Eure,eure,Ensemble,153200.0
LIMFONC,28,Eure-et-Loire,eureetloire,Non,83600.0
LIMFONC,28,Eure-et-Loire,eureetloire,Oui,31700.0
LIMFONC,28,Eure-et-Loire,eureetloire,Ensemble,115200.0
LIMFONC,29,Finistère,finistere,Non,215700.0
LIMFONC,29,Finistère,finistere,Oui,63200.0
LIMFONC,29,Finistère,finistere,Ensemble,278900.0
LIMFONC,2A,Corse-du-Sud,corsedusud,Non,33400.0
LIMFONC,2A,Corse-du-Sud,corsedusud,Oui,15400.0
LIMFONC,2A,Corse-du-Sud,corsedusud,Ensemble,48800.0
LIMFONC,2B,Haute-Corse,hautecorse,Non,39500.0
LIMFONC,2B,Haute-Corse,hautecorse,Oui,14200.0
LIMFONC,2B,Haute-Corse,hautecorse,Ensemble,53700.0
LIMFONC,30,Gard,gard,Non,167000.0
LIMFONC,30,Gard,gard,Oui,57100.0
LIMFONC,30,Gard,gard,Ensemble,224000.0
LIMFONC,31,Haute-Garonne,hautegaronne,Non,228700.0
LIMFONC,31,Haute-Garonne,hautegaronne,Oui,75000.0
LIMFONC,31,Haute-Garonne,hautegaronne,Ensemble,303700.0
LIMFONC,32,Gers,gers,Non,53300.0
LIMFONC,32,Gers,gers,Oui,12800.0
LIMFONC,32,Gers,gers,Ensemble,66100.0
LIMFONC,33,Gironde,gironde,Non,298400.0
LIMFONC,33,Gironde,gironde,Oui,107200.0
LIMFONC,33,Gironde,gironde,Ensemble,405600.0
LIMFONC,34,Hérault,herault,Non,245100.0
LIMFONC,34,Hérault,herault,Oui,79200.0
LIMFONC,34,Hérault,herault,Ensemble,324300.0
LIMFONC,35,Ille-et-Vilaine,illeetvilaine,Non,199000.0
LIMFONC,35,Ille-et-Vilaine,illeetvilaine,Oui,51600.0
LIMFONC,35,Ille-et-Vilaine,illeetvilaine,Ensemble,250500.0
LIMFONC,36,Indre,indre,Non,56500.0
LIMFONC,36,Indre,indre,Oui,19200.0
LIMFONC,36,Indre,indre,Ensemble,75600.0
LIMFONC,37,Indre-et-Loire,indreetloire,Non,138300.0
LIMFONC,37,Indre-et-Loire,indreetloire,Oui,29000.0
LIMFONC,37,Indre-et-Loire,indreetloire,Ensemble,167300.0
LIMFONC,38,Isère,isere,Non,241800.0
LIMFONC,38,Isère,isere,Oui,64700.0
LIMFONC,38,Isère,isere,Ensemble,306600.0
LIMFONC,39,Jura,jura,Non,62200.0
LIMFONC,39,Jura,jura,Oui,15700.0
LIMFONC,39,Jura,jura,Ensemble,77800.0
LIMFONC,40,Landes,landes,Non,97400.0
LIMFONC,40,Landes,landes,Oui,36700.0
LIMFONC,40,Landes,landes,Ensemble,134100.0
LIMFONC,41,Loir-et-Cher,loiretcher,Non,81100.0
LIMFONC,41,Loir-et-Cher,loiretcher,Oui,20900.0
LIMFONC,41,Loir-et-Cher,loiretcher,Ensemble,101900.0
LIMFONC,42,Loire,loire,Non,157400.0
LIMFONC,42,Loire,loire,Oui,52400.0
LIMFONC,42,Loire,loire,Ensemble,209800.0
LIMFONC,43,Haute-Loire,hauteloire,Non,51700.0
LIMFONC,43,Haute-Loire,hauteloire,Oui,17600.0
LIMFONC,43,Haute-Loire,hauteloire,Ensemble,69300.0
LIMFONC,44,Loire-Atlantique,loireatlantique,Non,262900.0
LIMFONC,44,Loire-Atlantique,loireatlantique,Oui,73000.0
LIMFONC,44,Loire-Atlantique,loireatlantique,Ensemble,335900.0
LIMFONC,45,Loiret,loiret,Non,129900.0
LIMFONC,45,Loiret,loiret,Oui,44800.0
LIMFONC,45,Loiret,loiret,Ensemble,174600.0
LIMFONC,46,Lot,lot,Non,50800.0
LIMFONC,46,Lot,lot,Oui,14300.0
LIMFONC,46,Lot,lot,Ensemble,65200.0
LIMFONC,47,Lot-et-Garonne,lotetgaronne,Non,84300.0
LIMFONC,47,Lot-et-Garonne,lotetgaronne,Oui,23800.0
LIMFONC,47,Lot-et-Garonne,lotetgaronne,Ensemble,108100.0
LIMFONC,48,Lozère,lozere,Non,18000.0
LIMFONC,48,Lozère,lozere,Oui,5600.0
LIMFONC,48,Lozère,lozere,Ensemble,23600.0
LIMFONC,49,Maine-et-Loire,maineetloire,Non,167600.0
LIMFONC,49,Maine-et-Loire,maineetloire,Oui,44000.0
LIMFONC,49,Maine-et-Loire,maineetloire,Ensemble,211600.0
LIMFONC,50,Manche,manche,Non,118200.0
LIMFONC,50,Manche,manche,Oui,38600.0
LIMFONC,50,Manche,manche,Ensemble,156700.0
LIMFONC,51,Marne,marne,Non,105900.0
LIMFONC,51,Marne,marne,Oui,36200.0
LIMFONC,51,Marne,marne,Ensemble,142100.0
LIMFONC,52,Haute-Marne,hautemarne,Non,40800.0
LIMFONC,52,Haute-Marne,hautemarne,Oui,13000.0
LIMFONC,52,Haute-Marne,hautemarne,Ensemble,53800.0
LIMFONC,53,Mayenne,mayenne,Non,61600.0
LIMFONC,53,Mayenne,mayenne,Oui,23200.0
LIMFONC,53,Mayenne,mayenne,Ensemble,84800.0
LIMFONC,54,Meurthe-et-Moselle,meurtheetmoselle,Non,143400.0
LIMFONC,54,Meurthe-et-Moselle,meurtheetmoselle,Oui,40200.0
LIMFONC,54,Meurthe-et-Moselle,meurtheetmoselle,Ensemble,183600.0
LIMFONC,55,Meuse,meuse,Non,39700.0
LIMFONC,55,Meuse,meuse,Oui,14100.0
LIMFONC,55,Meuse,meuse,Ensemble,53800.0
LIMFONC,56,Morbihan,morbihan,Non,192500.0
LIMFONC,56,Morbihan,morbihan,Oui,49200.0
LIMFONC,56,Morbihan,morbihan,Ensemble,241700.0
LIMFONC,57,Moselle,moselle,Non,203900.0
LIMFONC,57,Moselle,moselle,Oui,71200.0
LIMFONC,57,Moselle,moselle,Ensemble,275100.0
LIMFONC,58,Nièvre,nievre,Non,54400.0
LIMFONC,58,Nièvre,nievre,Oui,18300.0
LIMFONC,58,Nièvre,nievre,Ensemble,72700.0
LIMFONC,59,Nord,nord,Non,414700.0
LIMFONC,59,Nord,nord,Oui,173100.0
LIMFONC,59,Nord,nord,Ensemble,587800.0
LIMFONC,60,Oise,oise,Non,147200.0
LIMFONC,60,Oise,oise,Oui,42400.0
LIMFONC,60,Oise,oise,Ensemble,189600.0
LIMFONC,61,Orne,orne,Non,69800.0
LIMFONC,61,Orne,orne,Oui,20000.0
LIMFONC,61,Orne,orne,Ensemble,89800.0
LIMFONC,62,Pas-de-Calais,pasdecalais,Non,256300.0
LIMFONC,62,Pas-de-Calais,pasdecalais,Oui,112200.0
LIMFONC,62,Pas-de-Calais,pasdecalais,Ensemble,368500.0
LIMFONC,63,Puy-de-Dôme,puydedome,Non,139900.0
LIMFONC,63,Puy-de-Dôme,puydedome,Oui,42200.0
LIMFONC,63,Puy-de-Dôme,puydedome,Ensemble,182100.0
LIMFONC,64,Pyrénées-Atlantiques,pyreneesatlantiques,Non,164500.0
LIMFONC,64,Pyrénées-Atlantiques,pyreneesatlantiques,Oui,43600.0
LIMFONC,64,Pyrénées-Atlantiques,pyreneesatlantiques,Ensemble,208000.0
LIMFONC,65,Hautes-Pyrénées,hautespyrenees,Non,54600.0
LIMFONC,65,Hautes-Pyrénées,hautespyrenees,Oui,22200.0
LIMFONC,65,Hautes-Pyrénées,hautespyrenees,Ensemble,76700.0
LIMFONC,66,Pyrénées-Orientales,pyreneesorientales,Non,123200.0
LIMFONC,66,Pyrénées-Orientales,pyreneesorientales,Oui,33500.0
LIMFONC,66,Pyrénées-Orientales,pyreneesorientales,Ensemble,156700.0
LIMFONC,67,Bas-Rhin,basrhin,Non,216700.0
LIMFONC,67,Bas-Rhin,basrhin,Oui,65100.0
LIMFONC,67,Bas-Rhin,basrhin,Ensemble,281800.0
LIMFONC,68,Haut-Rhin,hautrhin,Non,157000.0
LIMFONC,68,Haut-Rhin,hautrhin,Oui,43400.0
LIMFONC,68,Haut-Rhin,hautrhin,Ensemble,200500.0
LIMFONC,69,Rhône,rhone,Non,311700.0
LIMFONC,69,Rhône,rhone,Oui,89100.0
LIMFONC,69,Rhône,rhone,Ensemble,400900.0
LIMFONC,70,Haute-Saône,hautesaone,Non,52100.0
LIMFONC,70,Haute-Saône,hautesaone,Oui,18400.0
LIMFONC,70,Haute-Saône,hautesaone,Ensemble,70500.0
LIMFONC,71,Saône-et-Loire,saoneetloire,Non,135000.0
LIMFONC,71,Saône-et-Loire,saoneetloire,Oui,42000.0
LIMFONC,71,Saône-et-Loire,saoneetloire,Ensemble,177000.0
LIMFONC,72,Sarthe,sarthe,Non,119900.0
LIMFONC,72,Sarthe,sarthe,Oui,39200.0
LIMFONC,72,Sarthe,sarthe,Ensemble,159100.0
LIMFONC,73,Savoie,savoie,Non,93100.0
LIMFONC,73,Savoie,savoie,Oui,24400.0
LIMFONC,73,Savoie,savoie,Ensemble,117400.0
LIMFONC,74,Haute-Savoie,hautesavoie,Non,149400.0
LIMFONC,74,Haute-Savoie,hautesavoie,Oui,34600.0
LIMFONC,74,Haute-Savoie,hautesavoie,Ensemble,184100.0
LIMFONC,75,Paris,paris,Non,377000.0
LIMFONC,75,Paris,paris,Oui,95500.0
LIMFONC,75,Paris,paris,Ensemble,472500.0
LIMFONC,76,Seine-Maritime,seinemaritime,Non,248900.0
LIMFONC,76,Seine-Maritime,seinemaritime,Oui,75700.0
LIMFONC,76,Seine-Maritime,seinemaritime,Ensemble,324600.0
LIMFONC,77,Seine-et-Marne,seineetmarne,Non,227200.0
LIMFONC,77,Seine-et-Marne,seineetmarne,Oui,58600.0
LIMFONC,77,Seine-et-Marne,seineetmarne,Ensemble,285800.0
LIMFONC,78,Yvelines,yvelines,Non,256000.0
LIMFONC,78,Yvelines,yvelines,Oui,57900.0
LIMFONC,78,Yvelines,yvelines,Ensemble,313800.0
LIMFONC,79,Deux-Sèvres,deuxsevres,Non,86700.0
LIMFONC,79,Deux-Sèvres,deuxsevres,Oui,23900.0
LIMFONC,79,Deux-Sèvres,deuxsevres,Ensemble,110600.0
LIMFONC,80,Somme,somme,Non,105700.0
LIMFONC,80,Somme,somme,Oui,41400.0
LIMFONC,80,Somme,somme,Ensemble,147100.0
LIMFONC,81,Tarn,tarn,Non,92200.0
LIMFONC,81,Tarn,tarn,Oui,29200.0
LIMFONC,81,Tarn,tarn,Ensemble,121400.0
LIMFONC,82,Tarn-et-Garonne,tarnetgaronne,Non,56700.0
LIMFONC,82,Tarn-et-Garonne,tarnetgaronne,Oui,16700.0
LIMFONC,82,Tarn-et-Garonne,tarnetgaronne,Ensemble,73400.0
LIMFONC,83,Var,var,Non,267000.0
LIMFONC,83,Var,var,Oui,84600.0
LIMFONC,83,Var,var,Ensemble,351600.0
LIMFONC,84,Vaucluse,vaucluse,Non,117900.0
LIMFONC,84,Vaucluse,vaucluse,Oui,42000.0
LIMFONC,84,Vaucluse,vaucluse,Ensemble,159900.0
LIMFONC,85,Vendée,vendee,Non,168000.0
LIMFONC,85,Vendée,vendee,Oui,45000.0
LIMFONC,85,Vendée,vendee,Ensemble,213000.0
LIMFONC,86,Vienne,vienne,Non,98400.0
LIMFONC,86,Vienne,vienne,Oui,23600.0
LIMFONC,86,Vienne,vienne,Ensemble,122000.0
LIMFONC,87,Haute-Vienne,hautevienne,Non,83800.0
LIMFONC,87,Haute-Vienne,hautevienne,Oui,31600.0
LIMFONC,87,Haute-Vienne,hautevienne,Ensemble,115500.0
LIMFONC,88,Vosges,vosges,Non,86100.0
LIMFONC,88,Vosges,vosges,Oui,25500.0
LIMFONC,88,Vosges,vosges,Ensemble,111600.0
LIMFONC,89,Yonne,yonne,Non,76700.0
LIMFONC,89,Yonne,yonne,Oui,25300.0
LIMFONC,89,Yonne,yonne,Ensemble,102000.0
LIMFONC,90,Territoire de Belfort,territoiredebelfort,Non,27200.0
LIMFONC,90,Territoire de Belfort,territoiredebelfort,Oui,9300.0
LIMFONC,90,Territoire de Belfort,territoiredebelfort,Ensemble,36600.0
LIMFONC,91,Essonne,essonne,Non,200800.0
LIMFONC,91,Essonne,essonne,Oui,59700.0
LIMFONC,91,Essonne,essonne,Ensemble,260500.0
LIMFONC,92,Hauts-de-Seine,hautsdeseine,Non,264600.0
LIMFONC,92,Hauts-de-Seine,hautsdeseine,Oui,55600.0
LIMFONC,92,Hauts-de-Seine,hautsdeseine,Ensemble,320200.0
LIMFONC,93,Seine-Saint-Denis,seinesaintdenis,Non,195700.0
LIMFONC,93,Seine-Saint-Denis,seinesaintdenis,Oui,71500.0
LIMFONC,93,Seine-Saint-Denis,seinesaintdenis,Ensemble,267200.0
LIMFONC,94,Val-de-Marne,valdemarne,Non,215800.0
LIMFONC,94,Val-de-Marne,valdemarne,Oui,61900.0
LIMFONC,94,Val-de-Marne,valdemarne,Ensemble,277700.0
LIMFONC,95,Val-d'Oise,valdoise,Non,184900.0
LIMFONC,95,Val-d'Oise,valdoise,Oui,48900.0
LIMFONC,95,Val-d'Oise,valdoise,Ensemble,233800.0
LIMFONC,971,Guadeloupe,guadeloupe,Non,74600.0
LIMFONC,971,Guadeloupe,guadeloupe,Oui,31600.0
LIMFONC,971,Guadeloupe,guadeloupe,Ensemble,106200.0
LIMFONC,972,Martinique,martinique,Non,76700.0
LIMFONC,972,Martinique,martinique,Oui,32600.0
LIMFONC,972,Martinique,martinique,Ensemble,109300.0
LIMFONC,973,Guyane,guyane,Non,20700.0
LIMFONC,973,Guyane,guyane,Oui,7800.0
LIMFONC,973,Guyane,guyane,Ensemble,28500.0
LIMFONC,974,La Réunion,lareunion,Non,118400.0
LIMFONC,974,La Réunion,lareunion,Oui,44300.0
LIMFONC,974,La Réunion,lareunion,Ensemble,162600.0
LIMFONC,976,Mayotte,mayotte,Non,8100.0
LIMFONC,976,Mayotte,mayotte,Oui,5000.0
LIMFONC,976,Mayotte,mayotte,Ensemble,13100.0
"LIMFONC,None,""Note > Une personne a une limitation fonctionnelle sévère si elle a déclaré avoir beaucoup de difficultés ou ne pas pouvoir faire du tout une des activités suivantes : voir, entendre, marcher 500m sur un terrain plat, monter un étage d'escalier, se servir de ses mains, lever un bras au-dessus de la tête, comprendre les autres ou se faire comprendre des autres, prendre des décisions adapatées dans la vie de tous les jours, se concentrer plus de 10 minutes."
Lecture > Dans l'Ain, 24 600 personnes de 25 à 59 ans déclarent avoir une limitation fonctionnelle sévère. 
Champ > Personnes de 5 ans ou plus vivant en logement ordinaire en France.
"Sources > Enquête Vie Quotidienne et Santé 2021, DREES."",noteunepersonneaunelimitationfonctionnelleseveresielleadeclareavoirbeaucoupdedifficultesounepaspouvoirfairedutoutunedesactivitessuivantesvoirentendremarcher500msurunterrainplatmonterunetagedescalierseservirdesesmainsleverunbrasaudessusdelatetecomprendrelesautresousefairecomprendredesautresprendredesdecisionsadapateesdanslaviedetouslesjoursseconcentrerplusde10minuteslecturedanslain24600personnesde25a59ansdeclarentavoirunelimitationfonctionnelleseverechamppersonnesde5ansouplusvivantenlogementordinaireenfrancesourcesenqueteviequotidienneetsante2021drees,,"
LIMFONCGALI,01,Ain,ain,Non,118700.0
LIMFONCGALI,01,Ain,ain,Oui,35300.0
LIMFONCGALI,01,Ain,ain,Ensemble,154000.0
LIMFONCGALI,02,Aisne,aisne,Non,102900.0
LIMFONCGALI,02,Aisne,aisne,Oui,39400.0
LIMFONCGALI,02,Aisne,aisne,Ensemble,142400.0
LIMFONCGALI,03,Allier,allier,Non,82700.0
LIMFONCGALI,03,Allier,allier,Oui,30700.0
LIMFONCGALI,03,Allier,allier,Ensemble,113400.0
LIMFONCGALI,04,Alpes-de-Haute-Provence,alpesdehauteprovence,Non,41400.0
LIMFONCGALI,04,Alpes-de-Haute-Provence,alpesdehauteprovence,Oui,13900.0
LIMFONCGALI,04,Alpes-de-Haute-Provence,alpesdehauteprovence,Ensemble,55300.0
LIMFONCGALI,05,Hautes-Alpes,hautesalpes,Non,34100.0
LIMFONCGALI,05,Hautes-Alpes,hautesalpes,Oui,10300.0
LIMFONCGALI,05,Hautes-Alpes,hautesalpes,Ensemble,44400.0
LIMFONCGALI,06,Alpes-Maritimes,alpesmaritimes,Non,236100.0
LIMFONCGALI,06,Alpes-Maritimes,alpesmaritimes,Oui,90400.0
LIMFONCGALI,06,Alpes-Maritimes,alpesmaritimes,Ensemble,326500.0
LIMFONCGALI,07,Ardèche,ardeche,Non,75000.0
LIMFONCGALI,07,Ardèche,ardeche,Oui,26900.0
LIMFONCGALI,07,Ardèche,ardeche,Ensemble,101800.0
LIMFONCGALI,08,Ardennes,ardennes,Non,56200.0
LIMFONCGALI,08,Ardennes,ardennes,Oui,20300.0
LIMFONCGALI,08,Ardennes,ardennes,Ensemble,76500.0
LIMFONCGALI,09,Ariège,ariege,Non,35900.0
LIMFONCGALI,09,Ariège,ariege,Oui,15000.0
LIMFONCGALI,09,Ariège,ariege,Ensemble,50900.0
LIMFONCGALI,10,Aube,aube,Non,62600.0
LIMFONCGALI,10,Aube,aube,Oui,21600.0
LIMFONCGALI,10,Aube,aube,Ensemble,84200.0
LIMFONCGALI,11,Aude,aude,Non,93000.0
LIMFONCGALI,11,Aude,aude,Oui,30700.0
LIMFONCGALI,11,Aude,aude,Ensemble,123700.0
LIMFONCGALI,12,Aveyron,aveyron,Non,71300.0
LIMFONCGALI,12,Aveyron,aveyron,Oui,21500.0
LIMFONCGALI,12,Aveyron,aveyron,Ensemble,92800.0
LIMFONCGALI,13,Bouches-du-Rhône,bouchesdurhone,Non,384200.0
LIMFONCGALI,13,Bouches-du-Rhône,bouchesdurhone,Oui,145100.0
LIMFONCGALI,13,Bouches-du-Rhône,bouchesdurhone,Ensemble,529400.0
LIMFONCGALI,14,Calvados,calvados,Non,151300.0
LIMFONCGALI,14,Calvados,calvados,Oui,43300.0
LIMFONCGALI,14,Calvados,calvados,Ensemble,194600.0
LIMFONCGALI,15,Cantal,cantal,Non,37000.0
LIMFONCGALI,15,Cantal,cantal,Oui,12500.0
LIMFONCGALI,15,Cantal,cantal,Ensemble,49500.0
LIMFONCGALI,16,Charente,charente,Non,85500.0
LIMFONCGALI,16,Charente,charente,Oui,25800.0
LIMFONCGALI,16,Charente,charente,Ensemble,111300.0
LIMFONCGALI,17,Charente-Maritime,charentemaritime,Non,169800.0
LIMFONCGALI,17,Charente-Maritime,charentemaritime,Oui,57900.0
LIMFONCGALI,17,Charente-Maritime,charentemaritime,Ensemble,227600.0
LIMFONCGALI,18,Cher,cher,Non,73700.0
LIMFONCGALI,18,Cher,cher,Oui,22100.0
LIMFONCGALI,18,Cher,cher,Ensemble,95800.0
LIMFONCGALI,19,Corrèze,correze,Non,59600.0
LIMFONCGALI,19,Corrèze,correze,Oui,21900.0
LIMFONCGALI,19,Corrèze,correze,Ensemble,81500.0
LIMFONCGALI,21,Côte-d'Or,cotedor,Non,110100.0
LIMFONCGALI,21,Côte-d'Or,cotedor,Oui,32000.0
LIMFONCGALI,21,Côte-d'Or,cotedor,Ensemble,142100.0
LIMFONCGALI,22,Côtes d'Armor,cotesdarmor,Non,151900.0
LIMFONCGALI,22,Côtes d'Armor,cotesdarmor,Oui,44300.0
LIMFONCGALI,22,Côtes d'Armor,cotesdarmor,Ensemble,196200.0
LIMFONCGALI,23,Creuse,creuse,Non,30600.0
LIMFONCGALI,23,Creuse,creuse,Oui,13300.0
LIMFONCGALI,23,Creuse,creuse,Ensemble,43900.0
LIMFONCGALI,24,Dordogne,dordogne,Non,112500.0
LIMFONCGALI,24,Dordogne,dordogne,Oui,37300.0
LIMFONCGALI,24,Dordogne,dordogne,Ensemble,149900.0
LIMFONCGALI,25,Doubs,doubs,Non,105900.0
LIMFONCGALI,25,Doubs,doubs,Oui,30500.0
LIMFONCGALI,25,Doubs,doubs,Ensemble,136400.0
LIMFONCGALI,26,Drôme,drome,Non,108900.0
LIMFONCGALI,26,Drôme,drome,Oui,35900.0
LIMFONCGALI,26,Drôme,drome,Ensemble,144800.0
LIMFONCGALI,27,Eure,eure,Non,119900.0
LIMFONCGALI,27,Eure,eure,Oui,33300.0
LIMFONCGALI,27,Eure,eure,Ensemble,153200.0
LIMFONCGALI,28,Eure-et-Loire,eureetloire,Non,81900.0
LIMFONCGALI,28,Eure-et-Loire,eureetloire,Oui,33400.0
LIMFONCGALI,28,Eure-et-Loire,eureetloire,Ensemble,115200.0
LIMFONCGALI,29,Finistère,finistere,Non,211000.0
LIMFONCGALI,29,Finistère,finistere,Oui,67800.0
LIMFONCGALI,29,Finistère,finistere,Ensemble,278900.0
LIMFONCGALI,2A,Corse-du-Sud,corsedusud,Non,32800.0
LIMFONCGALI,2A,Corse-du-Sud,corsedusud,Oui,16100.0
LIMFONCGALI,2A,Corse-du-Sud,corsedusud,Ensemble,48800.0
LIMFONCGALI,2B,Haute-Corse,hautecorse,Non,37800.0
LIMFONCGALI,2B,Haute-Corse,hautecorse,Oui,15900.0
LIMFONCGALI,2B,Haute-Corse,hautecorse,Ensemble,53700.0
LIMFONCGALI,30,Gard,gard,Non,163200.0
LIMFONCGALI,30,Gard,gard,Oui,60900.0
LIMFONCGALI,30,Gard,gard,Ensemble,224000.0
LIMFONCGALI,31,Haute-Garonne,hautegaronne,Non,223800.0
LIMFONCGALI,31,Haute-Garonne,hautegaronne,Oui,79900.0
LIMFONCGALI,31,Haute-Garonne,hautegaronne,Ensemble,303700.0
LIMFONCGALI,32,Gers,gers,Non,51700.0
LIMFONCGALI,32,Gers,gers,Oui,14400.0
LIMFONCGALI,32,Gers,gers,Ensemble,66100.0
LIMFONCGALI,33,Gironde,gironde,Non,291000.0
LIMFONCGALI,33,Gironde,gironde,Oui,114600.0
LIMFONCGALI,33,Gironde,gironde,Ensemble,405600.0
LIMFONCGALI,34,Hérault,herault,Non,241300.0
LIMFONCGALI,34,Hérault,herault,Oui,83000.0
LIMFONCGALI,34,Hérault,herault,Ensemble,324300.0
LIMFONCGALI,35,Ille-et-Vilaine,illeetvilaine,Non,194000.0
LIMFONCGALI,35,Ille-et-Vilaine,illeetvilaine,Oui,56500.0
LIMFONCGALI,35,Ille-et-Vilaine,illeetvilaine,Ensemble,250500.0
LIMFONCGALI,36,Indre,indre,Non,55900.0
LIMFONCGALI,36,Indre,indre,Oui,19700.0
LIMFONCGALI,36,Indre,indre,Ensemble,75600.0
LIMFONCGALI,37,Indre-et-Loire,indreetloire,Non,133400.0
LIMFONCGALI,37,Indre-et-Loire,indreetloire,Oui,33900.0
LIMFONCGALI,37,Indre-et-Loire,indreetloire,Ensemble,167300.0
LIMFONCGALI,38,Isère,isere,Non,235800.0
LIMFONCGALI,38,Isère,isere,Oui,70800.0
LIMFONCGALI,38,Isère,isere,Ensemble,306600.0
LIMFONCGALI,39,Jura,jura,Non,61100.0
LIMFONCGALI,39,Jura,jura,Oui,16700.0
LIMFONCGALI,39,Jura,jura,Ensemble,77800.0
LIMFONCGALI,40,Landes,landes,Non,95900.0
LIMFONCGALI,40,Landes,landes,Oui,38100.0
LIMFONCGALI,40,Landes,landes,Ensemble,134100.0
LIMFONCGALI,41,Loir-et-Cher,loiretcher,Non,79700.0
LIMFONCGALI,41,Loir-et-Cher,loiretcher,Oui,22200.0
LIMFONCGALI,41,Loir-et-Cher,loiretcher,Ensemble,101900.0
LIMFONCGALI,42,Loire,loire,Non,152800.0
LIMFONCGALI,42,Loire,loire,Oui,57000.0
LIMFONCGALI,42,Loire,loire,Ensemble,209800.0
LIMFONCGALI,43,Haute-Loire,hauteloire,Non,51000.0
LIMFONCGALI,43,Haute-Loire,hauteloire,Oui,18300.0
LIMFONCGALI,43,Haute-Loire,hauteloire,Ensemble,69300.0
LIMFONCGALI,44,Loire-Atlantique,loireatlantique,Non,258000.0
LIMFONCGALI,44,Loire-Atlantique,loireatlantique,Oui,77900.0
LIMFONCGALI,44,Loire-Atlantique,loireatlantique,Ensemble,335900.0
LIMFONCGALI,45,Loiret,loiret,Non,127300.0
LIMFONCGALI,45,Loiret,loiret,Oui,47400.0
LIMFONCGALI,45,Loiret,loiret,Ensemble,174600.0
LIMFONCGALI,46,Lot,lot,Non,49900.0
LIMFONCGALI,46,Lot,lot,Oui,15200.0
LIMFONCGALI,46,Lot,lot,Ensemble,65200.0
LIMFONCGALI,47,Lot-et-Garonne,lotetgaronne,Non,82100.0
LIMFONCGALI,47,Lot-et-Garonne,lotetgaronne,Oui,25900.0
LIMFONCGALI,47,Lot-et-Garonne,lotetgaronne,Ensemble,108100.0
LIMFONCGALI,48,Lozère,lozere,Non,17400.0
LIMFONCGALI,48,Lozère,lozere,Oui,6200.0
LIMFONCGALI,48,Lozère,lozere,Ensemble,23600.0
LIMFONCGALI,49,Maine-et-Loire,maineetloire,Non,163300.0
LIMFONCGALI,49,Maine-et-Loire,maineetloire,Oui,48300.0
LIMFONCGALI,49,Maine-et-Loire,maineetloire,Ensemble,211600.0
LIMFONCGALI,50,Manche,manche,Non,115900.0
LIMFONCGALI,50,Manche,manche,Oui,40800.0
LIMFONCGALI,50,Manche,manche,Ensemble,156700.0
LIMFONCGALI,51,Marne,marne,Non,103800.0
LIMFONCGALI,51,Marne,marne,Oui,38300.0
LIMFONCGALI,51,Marne,marne,Ensemble,142100.0
LIMFONCGALI,52,Haute-Marne,hautemarne,Non,40400.0
LIMFONCGALI,52,Haute-Marne,hautemarne,Oui,13400.0
LIMFONCGALI,52,Haute-Marne,hautemarne,Ensemble,53800.0
LIMFONCGALI,53,Mayenne,mayenne,Non,60800.0
LIMFONCGALI,53,Mayenne,mayenne,Oui,24000.0
LIMFONCGALI,53,Mayenne,mayenne,Ensemble,84800.0
LIMFONCGALI,54,Meurthe-et-Moselle,meurtheetmoselle,Non,140400.0
LIMFONCGALI,54,Meurthe-et-Moselle,meurtheetmoselle,Oui,43300.0
LIMFONCGALI,54,Meurthe-et-Moselle,meurtheetmoselle,Ensemble,183600.0
LIMFONCGALI,55,Meuse,meuse,Non,38700.0
LIMFONCGALI,55,Meuse,meuse,Oui,15200.0
LIMFONCGALI,55,Meuse,meuse,Ensemble,53800.0
LIMFONCGALI,56,Morbihan,morbihan,Non,190000.0
LIMFONCGALI,56,Morbihan,morbihan,Oui,51700.0
LIMFONCGALI,56,Morbihan,morbihan,Ensemble,241700.0
LIMFONCGALI,57,Moselle,moselle,Non,197900.0
LIMFONCGALI,57,Moselle,moselle,Oui,77200.0
LIMFONCGALI,57,Moselle,moselle,Ensemble,275100.0
LIMFONCGALI,58,Nièvre,nievre,Non,51900.0
LIMFONCGALI,58,Nièvre,nievre,Oui,20800.0
LIMFONCGALI,58,Nièvre,nievre,Ensemble,72700.0
LIMFONCGALI,59,Nord,nord,Non,406700.0
LIMFONCGALI,59,Nord,nord,Oui,181100.0
LIMFONCGALI,59,Nord,nord,Ensemble,587800.0
LIMFONCGALI,60,Oise,oise,Non,142700.0
LIMFONCGALI,60,Oise,oise,Oui,46900.0
LIMFONCGALI,60,Oise,oise,Ensemble,189600.0
LIMFONCGALI,61,Orne,orne,Non,68000.0
LIMFONCGALI,61,Orne,orne,Oui,21800.0
LIMFONCGALI,61,Orne,orne,Ensemble,89800.0
LIMFONCGALI,62,Pas-de-Calais,pasdecalais,Non,251100.0
LIMFONCGALI,62,Pas-de-Calais,pasdecalais,Oui,117400.0
LIMFONCGALI,62,Pas-de-Calais,pasdecalais,Ensemble,368500.0
LIMFONCGALI,63,Puy-de-Dôme,puydedome,Non,135800.0
LIMFONCGALI,63,Puy-de-Dôme,puydedome,Oui,46300.0
LIMFONCGALI,63,Puy-de-Dôme,puydedome,Ensemble,182100.0
LIMFONCGALI,64,Pyrénées-Atlantiques,pyreneesatlantiques,Non,161900.0
LIMFONCGALI,64,Pyrénées-Atlantiques,pyreneesatlantiques,Oui,46100.0
LIMFONCGALI,64,Pyrénées-Atlantiques,pyreneesatlantiques,Ensemble,208000.0
LIMFONCGALI,65,Hautes-Pyrénées,hautespyrenees,Non,53900.0
LIMFONCGALI,65,Hautes-Pyrénées,hautespyrenees,Oui,22800.0
LIMFONCGALI,65,Hautes-Pyrénées,hautespyrenees,Ensemble,76700.0
LIMFONCGALI,66,Pyrénées-Orientales,pyreneesorientales,Non,120000.0
LIMFONCGALI,66,Pyrénées-Orientales,pyreneesorientales,Oui,36600.0
LIMFONCGALI,66,Pyrénées-Orientales,pyreneesorientales,Ensemble,156700.0
LIMFONCGALI,67,Bas-Rhin,basrhin,Non,212800.0
LIMFONCGALI,67,Bas-Rhin,basrhin,Oui,69000.0
LIMFONCGALI,67,Bas-Rhin,basrhin,Ensemble,281800.0
LIMFONCGALI,68,Haut-Rhin,hautrhin,Non,154300.0
LIMFONCGALI,68,Haut-Rhin,hautrhin,Oui,46200.0
LIMFONCGALI,68,Haut-Rhin,hautrhin,Ensemble,200500.0
LIMFONCGALI,69,Rhône,rhone,Non,304100.0
LIMFONCGALI,69,Rhône,rhone,Oui,96800.0
LIMFONCGALI,69,Rhône,rhone,Ensemble,400900.0
LIMFONCGALI,70,Haute-Saône,hautesaone,Non,50900.0
LIMFONCGALI,70,Haute-Saône,hautesaone,Oui,19600.0
LIMFONCGALI,70,Haute-Saône,hautesaone,Ensemble,70500.0
LIMFONCGALI,71,Saône-et-Loire,saoneetloire,Non,131800.0
LIMFONCGALI,71,Saône-et-Loire,saoneetloire,Oui,45200.0
LIMFONCGALI,71,Saône-et-Loire,saoneetloire,Ensemble,177000.0
LIMFONCGALI,72,Sarthe,sarthe,Non,117700.0
LIMFONCGALI,72,Sarthe,sarthe,Oui,41400.0
LIMFONCGALI,72,Sarthe,sarthe,Ensemble,159100.0
LIMFONCGALI,73,Savoie,savoie,Non,90400.0
LIMFONCGALI,73,Savoie,savoie,Oui,27000.0
LIMFONCGALI,73,Savoie,savoie,Ensemble,117400.0
LIMFONCGALI,74,Haute-Savoie,hautesavoie,Non,145700.0
LIMFONCGALI,74,Haute-Savoie,hautesavoie,Oui,38300.0
LIMFONCGALI,74,Haute-Savoie,hautesavoie,Ensemble,184100.0
LIMFONCGALI,75,Paris,paris,Non,368600.0
LIMFONCGALI,75,Paris,paris,Oui,104000.0
LIMFONCGALI,75,Paris,paris,Ensemble,472500.0
LIMFONCGALI,76,Seine-Maritime,seinemaritime,Non,244500.0
LIMFONCGALI,76,Seine-Maritime,seinemaritime,Oui,80100.0
LIMFONCGALI,76,Seine-Maritime,seinemaritime,Ensemble,324600.0
LIMFONCGALI,77,Seine-et-Marne,seineetmarne,Non,222300.0
LIMFONCGALI,77,Seine-et-Marne,seineetmarne,Oui,63500.0
LIMFONCGALI,77,Seine-et-Marne,seineetmarne,Ensemble,285800.0
LIMFONCGALI,78,Yvelines,yvelines,Non,249200.0
LIMFONCGALI,78,Yvelines,yvelines,Oui,64700.0
LIMFONCGALI,78,Yvelines,yvelines,Ensemble,313800.0
LIMFONCGALI,79,Deux-Sèvres,deuxsevres,Non,85000.0
LIMFONCGALI,79,Deux-Sèvres,deuxsevres,Oui,25600.0
LIMFONCGALI,79,Deux-Sèvres,deuxsevres,Ensemble,110600.0
LIMFONCGALI,80,Somme,somme,Non,104400.0
LIMFONCGALI,80,Somme,somme,Oui,42600.0
LIMFONCGALI,80,Somme,somme,Ensemble,147100.0
LIMFONCGALI,81,Tarn,tarn,Non,89300.0
LIMFONCGALI,81,Tarn,tarn,Oui,32100.0
LIMFONCGALI,81,Tarn,tarn,Ensemble,121400.0
LIMFONCGALI,82,Tarn-et-Garonne,tarnetgaronne,Non,55200.0
LIMFONCGALI,82,Tarn-et-Garonne,tarnetgaronne,Oui,18200.0
LIMFONCGALI,82,Tarn-et-Garonne,tarnetgaronne,Ensemble,73400.0
LIMFONCGALI,83,Var,var,Non,260400.0
LIMFONCGALI,83,Var,var,Oui,91100.0
LIMFONCGALI,83,Var,var,Ensemble,351600.0
LIMFONCGALI,84,Vaucluse,vaucluse,Non,112500.0
LIMFONCGALI,84,Vaucluse,vaucluse,Oui,47400.0
LIMFONCGALI,84,Vaucluse,vaucluse,Ensemble,159900.0
LIMFONCGALI,85,Vendée,vendee,Non,164000.0
LIMFONCGALI,85,Vendée,vendee,Oui,49000.0
LIMFONCGALI,85,Vendée,vendee,Ensemble,213000.0
LIMFONCGALI,86,Vienne,vienne,Non,97100.0
LIMFONCGALI,86,Vienne,vienne,Oui,24900.0
LIMFONCGALI,86,Vienne,vienne,Ensemble,122000.0
LIMFONCGALI,87,Haute-Vienne,hautevienne,Non,82400.0
LIMFONCGALI,87,Haute-Vienne,hautevienne,Oui,33100.0
LIMFONCGALI,87,Haute-Vienne,hautevienne,Ensemble,115500.0
LIMFONCGALI,88,Vosges,vosges,Non,84400.0
LIMFONCGALI,88,Vosges,vosges,Oui,27300.0
LIMFONCGALI,88,Vosges,vosges,Ensemble,111600.0
LIMFONCGALI,89,Yonne,yonne,Non,75700.0
LIMFONCGALI,89,Yonne,yonne,Oui,26300.0
LIMFONCGALI,89,Yonne,yonne,Ensemble,102000.0
LIMFONCGALI,90,Territoire de Belfort,territoiredebelfort,Non,26600.0
LIMFONCGALI,90,Territoire de Belfort,territoiredebelfort,Oui,10000.0
LIMFONCGALI,90,Territoire de Belfort,territoiredebelfort,Ensemble,36600.0
LIMFONCGALI,91,Essonne,essonne,Non,196500.0
LIMFONCGALI,91,Essonne,essonne,Oui,64000.0
LIMFONCGALI,91,Essonne,essonne,Ensemble,260500.0
LIMFONCGALI,92,Hauts-de-Seine,hautsdeseine,Non,261000.0
LIMFONCGALI,92,Hauts-de-Seine,hautsdeseine,Oui,59100.0
LIMFONCGALI,92,Hauts-de-Seine,hautsdeseine,Ensemble,320200.0
LIMFONCGALI,93,Seine-Saint-Denis,seinesaintdenis,Non,188000.0
LIMFONCGALI,93,Seine-Saint-Denis,seinesaintdenis,Oui,79200.0
LIMFONCGALI,93,Seine-Saint-Denis,seinesaintdenis,Ensemble,267200.0
LIMFONCGALI,94,Val-de-Marne,valdemarne,Non,208800.0
LIMFONCGALI,94,Val-de-Marne,valdemarne,Oui,69000.0
LIMFONCGALI,94,Val-de-Marne,valdemarne,Ensemble,277700.0
LIMFONCGALI,95,Val-d'Oise,valdoise,Non,180800.0
LIMFONCGALI,95,Val-d'Oise,valdoise,Oui,53000.0
LIMFONCGALI,95,Val-d'Oise,valdoise,Ensemble,233800.0
LIMFONCGALI,971,Guadeloupe,guadeloupe,Non,72600.0
LIMFONCGALI,971,Guadeloupe,guadeloupe,Oui,33700.0
LIMFONCGALI,971,Guadeloupe,guadeloupe,Ensemble,106200.0
LIMFONCGALI,972,Martinique,martinique,Non,72800.0
LIMFONCGALI,972,Martinique,martinique,Oui,36500.0
LIMFONCGALI,972,Martinique,martinique,Ensemble,109300.0
LIMFONCGALI,973,Guyane,guyane,Non,20100.0
LIMFONCGALI,973,Guyane,guyane,Oui,8400.0
LIMFONCGALI,973,Guyane,guyane,Ensemble,28500.0
LIMFONCGALI,974,La Réunion,lareunion,Non,114900.0
LIMFONCGALI,974,La Réunion,lareunion,Oui,47800.0
LIMFONCGALI,974,La Réunion,lareunion,Ensemble,162600.0
LIMFONCGALI,976,Mayotte,mayotte,Non,7800.0
LIMFONCGALI,976,Mayotte,mayotte,Oui,5400.0
LIMFONCGALI,976,Mayotte,mayotte,Ensemble,13100.0
"LIMFONCGALI,None,""Lecture > Dans l'Ain, 29 500 personnes de 25 à 59 ans déclarent une limitation fonctionnelle sévère ou une forte restriction d'activité depuis au moins 6 mois en raison d'un problème de santé. "
Champ > Personnes de 5 ans ou plus vivant en logement ordinaire en France.
"Sources > Enquête Vie Quotidienne et Santé 2021, DREES."",lecturedanslain29500personnesde25a59ansdeclarentunelimitationfonctionnellesevereouuneforterestrictiondactivitedepuisaumoins6moisenraisondunproblemedesantechamppersonnesde5ansouplusvivantenlogementordinaireenfrancesourcesenqueteviequotidienneetsante2021drees,,"
"PSY,01,Ain,ain,""1 - Oui, beaucoup"",4200.0"
"PSY,01,Ain,ain,""2 - Oui, un peu"",12700.0"
"PSY,01,Ain,ain,""3 - Non, aucune"",137100.0"
PSY,01,Ain,ain,Ensemble,154000.0
"PSY,02,Aisne,aisne,""1 - Oui, beaucoup"",3700.0"
"PSY,02,Aisne,aisne,""2 - Oui, un peu"",11900.0"
"PSY,02,Aisne,aisne,""3 - Non, aucune"",126800.0"
PSY,02,Aisne,aisne,Ensemble,142400.0
"PSY,03,Allier,allier,""1 - Oui, beaucoup"",1800.0"
"PSY,03,Allier,allier,""2 - Oui, un peu"",9500.0"
"PSY,03,Allier,allier,""3 - Non, aucune"",102100.0"
PSY,03,Allier,allier,Ensemble,113400.0
"PSY,04,Alpes-de-Haute-Provence,alpesdehauteprovence,""1 - Oui, beaucoup"",1200.0"
"PSY,04,Alpes-de-Haute-Provence,alpesdehauteprovence,""2 - Oui, un peu"",5600.0"
"PSY,04,Alpes-de-Haute-Provence,alpesdehauteprovence,""3 - Non, aucune"",48500.0"
PSY,04,Alpes-de-Haute-Provence,alpesdehauteprovence,Ensemble,55300.0
"PSY,05,Hautes-Alpes,hautesalpes,""1 - Oui, beaucoup"",1000.0"
"PSY,05,Hautes-Alpes,hautesalpes,""2 - Oui, un peu"",4300.0"
"PSY,05,Hautes-Alpes,hautesalpes,""3 - Non, aucune"",39100.0"
PSY,05,Hautes-Alpes,hautesalpes,Ensemble,44400.0
"PSY,06,Alpes-Maritimes,alpesmaritimes,""1 - Oui, beaucoup"",8900.0"
"PSY,06,Alpes-Maritimes,alpesmaritimes,""2 - Oui, un peu"",32600.0"
"PSY,06,Alpes-Maritimes,alpesmaritimes,""3 - Non, aucune"",285100.0"
PSY,06,Alpes-Maritimes,alpesmaritimes,Ensemble,326500.0
"PSY,07,Ardèche,ardeche,""1 - Oui, beaucoup"",4100.0"
"PSY,07,Ardèche,ardeche,""2 - Oui, un peu"",12300.0"
"PSY,07,Ardèche,ardeche,""3 - Non, aucune"",85500.0"
PSY,07,Ardèche,ardeche,Ensemble,101800.0
"PSY,08,Ardennes,ardennes,""1 - Oui, beaucoup"",3000.0"
"PSY,08,Ardennes,ardennes,""2 - Oui, un peu"",8700.0"
"PSY,08,Ardennes,ardennes,""3 - Non, aucune"",64800.0"
PSY,08,Ardennes,ardennes,Ensemble,76500.0
"PSY,09,Ariège,ariege,""1 - Oui, beaucoup"",500.0"
"PSY,09,Ariège,ariege,""2 - Oui, un peu"",5800.0"
"PSY,09,Ariège,ariege,""3 - Non, aucune"",44600.0"
PSY,09,Ariège,ariege,Ensemble,50900.0
"PSY,10,Aube,aube,""1 - Oui, beaucoup"",2200.0"
"PSY,10,Aube,aube,""2 - Oui, un peu"",7400.0"
"PSY,10,Aube,aube,""3 - Non, aucune"",74600.0"
PSY,10,Aube,aube,Ensemble,84200.0
"PSY,11,Aude,aude,""1 - Oui, beaucoup"",1600.0"
"PSY,11,Aude,aude,""2 - Oui, un peu"",10700.0"
"PSY,11,Aude,aude,""3 - Non, aucune"",111400.0"
PSY,11,Aude,aude,Ensemble,123700.0
"PSY,12,Aveyron,aveyron,""1 - Oui, beaucoup"",3000.0"
"PSY,12,Aveyron,aveyron,""2 - Oui, un peu"",8900.0"
"PSY,12,Aveyron,aveyron,""3 - Non, aucune"",80900.0"
PSY,12,Aveyron,aveyron,Ensemble,92800.0
"PSY,13,Bouches-du-Rhône,bouchesdurhone,""1 - Oui, beaucoup"",20700.0"
"PSY,13,Bouches-du-Rhône,bouchesdurhone,""2 - Oui, un peu"",62100.0"
"PSY,13,Bouches-du-Rhône,bouchesdurhone,""3 - Non, aucune"",446600.0"
PSY,13,Bouches-du-Rhône,bouchesdurhone,Ensemble,529400.0
"PSY,14,Calvados,calvados,""1 - Oui, beaucoup"",4900.0"
"PSY,14,Calvados,calvados,""2 - Oui, un peu"",16400.0"
"PSY,14,Calvados,calvados,""3 - Non, aucune"",173300.0"
PSY,14,Calvados,calvados,Ensemble,194600.0
"PSY,15,Cantal,cantal,""1 - Oui, beaucoup"",1000.0"
"PSY,15,Cantal,cantal,""2 - Oui, un peu"",6200.0"
"PSY,15,Cantal,cantal,""3 - Non, aucune"",42300.0"
PSY,15,Cantal,cantal,Ensemble,49500.0
"PSY,16,Charente,charente,""1 - Oui, beaucoup"",1900.0"
"PSY,16,Charente,charente,""2 - Oui, un peu"",12400.0"
"PSY,16,Charente,charente,""3 - Non, aucune"",97000.0"
PSY,16,Charente,charente,Ensemble,111300.0
"PSY,17,Charente-Maritime,charentemaritime,""1 - Oui, beaucoup"",5600.0"
"PSY,17,Charente-Maritime,charentemaritime,""2 - Oui, un peu"",21600.0"
"PSY,17,Charente-Maritime,charentemaritime,""3 - Non, aucune"",200400.0"
PSY,17,Charente-Maritime,charentemaritime,Ensemble,227600.0
"PSY,18,Cher,cher,""1 - Oui, beaucoup"",1300.0"
"PSY,18,Cher,cher,""2 - Oui, un peu"",8300.0"
"PSY,18,Cher,cher,""3 - Non, aucune"",86200.0"
PSY,18,Cher,cher,Ensemble,95800.0
"PSY,19,Corrèze,correze,""1 - Oui, beaucoup"",1700.0"
"PSY,19,Corrèze,correze,""2 - Oui, un peu"",9400.0"
"PSY,19,Corrèze,correze,""3 - Non, aucune"",70400.0"
PSY,19,Corrèze,correze,Ensemble,81500.0
"PSY,21,Côte-d'Or,cotedor,""1 - Oui, beaucoup"",4600.0"
"PSY,21,Côte-d'Or,cotedor,""2 - Oui, un peu"",11800.0"
"PSY,21,Côte-d'Or,cotedor,""3 - Non, aucune"",125800.0"
PSY,21,Côte-d'Or,cotedor,Ensemble,142100.0
"PSY,22,Côtes d'Armor,cotesdarmor,""1 - Oui, beaucoup"",5600.0"
"PSY,22,Côtes d'Armor,cotesdarmor,""2 - Oui, un peu"",16400.0"
"PSY,22,Côtes d'Armor,cotesdarmor,""3 - Non, aucune"",174200.0"
PSY,22,Côtes d'Armor,cotesdarmor,Ensemble,196200.0
"PSY,23,Creuse,creuse,""1 - Oui, beaucoup"",1300.0"
"PSY,23,Creuse,creuse,""2 - Oui, un peu"",5500.0"
"PSY,23,Creuse,creuse,""3 - Non, aucune"",37100.0"
PSY,23,Creuse,creuse,Ensemble,43900.0
"PSY,24,Dordogne,dordogne,""1 - Oui, beaucoup"",3000.0"
"PSY,24,Dordogne,dordogne,""2 - Oui, un peu"",11100.0"
"PSY,24,Dordogne,dordogne,""3 - Non, aucune"",135800.0"
PSY,24,Dordogne,dordogne,Ensemble,149900.0
"PSY,25,Doubs,doubs,""1 - Oui, beaucoup"",4400.0"
"PSY,25,Doubs,doubs,""2 - Oui, un peu"",15000.0"
"PSY,25,Doubs,doubs,""3 - Non, aucune"",117000.0"
PSY,25,Doubs,doubs,Ensemble,136400.0
"PSY,26,Drôme,drome,""1 - Oui, beaucoup"",1700.0"
"PSY,26,Drôme,drome,""2 - Oui, un peu"",13700.0"
"PSY,26,Drôme,drome,""3 - Non, aucune"",129300.0"
PSY,26,Drôme,drome,Ensemble,144800.0
"PSY,27,Eure,eure,""1 - Oui, beaucoup"",1500.0"
"PSY,27,Eure,eure,""2 - Oui, un peu"",12600.0"
"PSY,27,Eure,eure,""3 - Non, aucune"",139100.0"
PSY,27,Eure,eure,Ensemble,153200.0
"PSY,28,Eure-et-Loire,eureetloire,""1 - Oui, beaucoup"",3500.0"
"PSY,28,Eure-et-Loire,eureetloire,""2 - Oui, un peu"",10400.0"
"PSY,28,Eure-et-Loire,eureetloire,""3 - Non, aucune"",101400.0"
PSY,28,Eure-et-Loire,eureetloire,Ensemble,115200.0
"PSY,29,Finistère,finistere,""1 - Oui, beaucoup"",9200.0"
"PSY,29,Finistère,finistere,""2 - Oui, un peu"",23800.0"
"PSY,29,Finistère,finistere,""3 - Non, aucune"",245900.0"
PSY,29,Finistère,finistere,Ensemble,278900.0
"PSY,2A,Corse-du-Sud,corsedusud,""1 - Oui, beaucoup"",1400.0"
"PSY,2A,Corse-du-Sud,corsedusud,""2 - Oui, un peu"",4800.0"
"PSY,2A,Corse-du-Sud,corsedusud,""3 - Non, aucune"",42600.0"
PSY,2A,Corse-du-Sud,corsedusud,Ensemble,48800.0
"PSY,2B,Haute-Corse,hautecorse,""1 - Oui, beaucoup"",1400.0"
"PSY,2B,Haute-Corse,hautecorse,""2 - Oui, un peu"",5800.0"
"PSY,2B,Haute-Corse,hautecorse,""3 - Non, aucune"",46500.0"
PSY,2B,Haute-Corse,hautecorse,Ensemble,53700.0
"PSY,30,Gard,gard,""1 - Oui, beaucoup"",5800.0"
"PSY,30,Gard,gard,""2 - Oui, un peu"",23400.0"
"PSY,30,Gard,gard,""3 - Non, aucune"",194700.0"
PSY,30,Gard,gard,Ensemble,224000.0
"PSY,31,Haute-Garonne,hautegaronne,""1 - Oui, beaucoup"",9000.0"
"PSY,31,Haute-Garonne,hautegaronne,""2 - Oui, un peu"",28900.0"
"PSY,31,Haute-Garonne,hautegaronne,""3 - Non, aucune"",265800.0"
PSY,31,Haute-Garonne,hautegaronne,Ensemble,303700.0
"PSY,32,Gers,gers,""1 - Oui, beaucoup"",1300.0"
"PSY,32,Gers,gers,""2 - Oui, un peu"",5100.0"
"PSY,32,Gers,gers,""3 - Non, aucune"",59700.0"
PSY,32,Gers,gers,Ensemble,66100.0
"PSY,33,Gironde,gironde,""1 - Oui, beaucoup"",10400.0"
"PSY,33,Gironde,gironde,""2 - Oui, un peu"",39600.0"
"PSY,33,Gironde,gironde,""3 - Non, aucune"",355600.0"
PSY,33,Gironde,gironde,Ensemble,405600.0
"PSY,34,Hérault,herault,""1 - Oui, beaucoup"",7400.0"
"PSY,34,Hérault,herault,""2 - Oui, un peu"",28500.0"
"PSY,34,Hérault,herault,""3 - Non, aucune"",288400.0"
PSY,34,Hérault,herault,Ensemble,324300.0
"PSY,35,Ille-et-Vilaine,illeetvilaine,""1 - Oui, beaucoup"",6200.0"
"PSY,35,Ille-et-Vilaine,illeetvilaine,""2 - Oui, un peu"",23200.0"
"PSY,35,Ille-et-Vilaine,illeetvilaine,""3 - Non, aucune"",221000.0"
PSY,35,Ille-et-Vilaine,illeetvilaine,Ensemble,250500.0
"PSY,36,Indre,indre,""1 - Oui, beaucoup"",1800.0"
"PSY,36,Indre,indre,""2 - Oui, un peu"",7300.0"
"PSY,36,Indre,indre,""3 - Non, aucune"",66500.0"
PSY,36,Indre,indre,Ensemble,75600.0
"PSY,37,Indre-et-Loire,indreetloire,""1 - Oui, beaucoup"",1400.0"
"PSY,37,Indre-et-Loire,indreetloire,""2 - Oui, un peu"",14700.0"
"PSY,37,Indre-et-Loire,indreetloire,""3 - Non, aucune"",151200.0"
PSY,37,Indre-et-Loire,indreetloire,Ensemble,167300.0
"PSY,38,Isère,isere,""1 - Oui, beaucoup"",8000.0"
"PSY,38,Isère,isere,""2 - Oui, un peu"",29200.0"
"PSY,38,Isère,isere,""3 - Non, aucune"",269300.0"
PSY,38,Isère,isere,Ensemble,306600.0
"PSY,39,Jura,jura,""1 - Oui, beaucoup"",700.0"
"PSY,39,Jura,jura,""2 - Oui, un peu"",8100.0"
"PSY,39,Jura,jura,""3 - Non, aucune"",69100.0"
PSY,39,Jura,jura,Ensemble,77800.0
"PSY,40,Landes,landes,""1 - Oui, beaucoup"",4200.0"
"PSY,40,Landes,landes,""2 - Oui, un peu"",13700.0"
"PSY,40,Landes,landes,""3 - Non, aucune"",116200.0"
PSY,40,Landes,landes,Ensemble,134100.0
"PSY,41,Loir-et-Cher,loiretcher,""1 - Oui, beaucoup"",2600.0"
"PSY,41,Loir-et-Cher,loiretcher,""2 - Oui, un peu"",7100.0"
"PSY,41,Loir-et-Cher,loiretcher,""3 - Non, aucune"",92200.0"
PSY,41,Loir-et-Cher,loiretcher,Ensemble,101900.0
"PSY,42,Loire,loire,""1 - Oui, beaucoup"",3800.0"
"PSY,42,Loire,loire,""2 - Oui, un peu"",21500.0"
"PSY,42,Loire,loire,""3 - Non, aucune"",184500.0"
PSY,42,Loire,loire,Ensemble,209800.0
"PSY,43,Haute-Loire,hauteloire,""1 - Oui, beaucoup"",1800.0"
"PSY,43,Haute-Loire,hauteloire,""2 - Oui, un peu"",9800.0"
"PSY,43,Haute-Loire,hauteloire,""3 - Non, aucune"",57700.0"
PSY,43,Haute-Loire,hauteloire,Ensemble,69300.0
"PSY,44,Loire-Atlantique,loireatlantique,""1 - Oui, beaucoup"",7500.0"
"PSY,44,Loire-Atlantique,loireatlantique,""2 - Oui, un peu"",26100.0"
"PSY,44,Loire-Atlantique,loireatlantique,""3 - Non, aucune"",302300.0"
PSY,44,Loire-Atlantique,loireatlantique,Ensemble,335900.0
"PSY,45,Loiret,loiret,""1 - Oui, beaucoup"",6400.0"
"PSY,45,Loiret,loiret,""2 - Oui, un peu"",17200.0"
"PSY,45,Loiret,loiret,""3 - Non, aucune"",151100.0"
PSY,45,Loiret,loiret,Ensemble,174600.0
"PSY,46,Lot,lot,""1 - Oui, beaucoup"",1900.0"
"PSY,46,Lot,lot,""2 - Oui, un peu"",5100.0"
"PSY,46,Lot,lot,""3 - Non, aucune"",58200.0"
PSY,46,Lot,lot,Ensemble,65200.0
"PSY,47,Lot-et-Garonne,lotetgaronne,""1 - Oui, beaucoup"",600.0"
"PSY,47,Lot-et-Garonne,lotetgaronne,""2 - Oui, un peu"",12600.0"
"PSY,47,Lot-et-Garonne,lotetgaronne,""3 - Non, aucune"",94800.0"
PSY,47,Lot-et-Garonne,lotetgaronne,Ensemble,108100.0
"PSY,48,Lozère,lozere,""1 - Oui, beaucoup"",800.0"
"PSY,48,Lozère,lozere,""2 - Oui, un peu"",2000.0"
"PSY,48,Lozère,lozere,""3 - Non, aucune"",20800.0"
PSY,48,Lozère,lozere,Ensemble,23600.0
"PSY,49,Maine-et-Loire,maineetloire,""1 - Oui, beaucoup"",4700.0"
"PSY,49,Maine-et-Loire,maineetloire,""2 - Oui, un peu"",19700.0"
"PSY,49,Maine-et-Loire,maineetloire,""3 - Non, aucune"",187200.0"
PSY,49,Maine-et-Loire,maineetloire,Ensemble,211600.0
"PSY,50,Manche,manche,""1 - Oui, beaucoup"",3400.0"
"PSY,50,Manche,manche,""2 - Oui, un peu"",14100.0"
"PSY,50,Manche,manche,""3 - Non, aucune"",139200.0"
PSY,50,Manche,manche,Ensemble,156700.0
"PSY,51,Marne,marne,""1 - Oui, beaucoup"",4100.0"
"PSY,51,Marne,marne,""2 - Oui, un peu"",12900.0"
"PSY,51,Marne,marne,""3 - Non, aucune"",125100.0"
PSY,51,Marne,marne,Ensemble,142100.0
"PSY,52,Haute-Marne,hautemarne,""1 - Oui, beaucoup"",800.0"
"PSY,52,Haute-Marne,hautemarne,""2 - Oui, un peu"",5000.0"
"PSY,52,Haute-Marne,hautemarne,""3 - Non, aucune"",47900.0"
PSY,52,Haute-Marne,hautemarne,Ensemble,53800.0
"PSY,53,Mayenne,mayenne,""1 - Oui, beaucoup"",3200.0"
"PSY,53,Mayenne,mayenne,""2 - Oui, un peu"",6700.0"
"PSY,53,Mayenne,mayenne,""3 - Non, aucune"",75000.0"
PSY,53,Mayenne,mayenne,Ensemble,84800.0
"PSY,54,Meurthe-et-Moselle,meurtheetmoselle,""1 - Oui, beaucoup"",3600.0"
"PSY,54,Meurthe-et-Moselle,meurtheetmoselle,""2 - Oui, un peu"",15600.0"
"PSY,54,Meurthe-et-Moselle,meurtheetmoselle,""3 - Non, aucune"",164500.0"
PSY,54,Meurthe-et-Moselle,meurtheetmoselle,Ensemble,183600.0
"PSY,55,Meuse,meuse,""1 - Oui, beaucoup"",1100.0"
"PSY,55,Meuse,meuse,""2 - Oui, un peu"",4000.0"
"PSY,55,Meuse,meuse,""3 - Non, aucune"",48800.0"
PSY,55,Meuse,meuse,Ensemble,53800.0
"PSY,56,Morbihan,morbihan,""1 - Oui, beaucoup"",5000.0"
"PSY,56,Morbihan,morbihan,""2 - Oui, un peu"",26300.0"
"PSY,56,Morbihan,morbihan,""3 - Non, aucune"",210500.0"
PSY,56,Morbihan,morbihan,Ensemble,241700.0
"PSY,57,Moselle,moselle,""1 - Oui, beaucoup"",9400.0"
"PSY,57,Moselle,moselle,""2 - Oui, un peu"",30800.0"
"PSY,57,Moselle,moselle,""3 - Non, aucune"",235000.0"
PSY,57,Moselle,moselle,Ensemble,275100.0
"PSY,58,Nièvre,nievre,""1 - Oui, beaucoup"",2100.0"
"PSY,58,Nièvre,nievre,""2 - Oui, un peu"",7900.0"
"PSY,58,Nièvre,nievre,""3 - Non, aucune"",62600.0"
PSY,58,Nièvre,nievre,Ensemble,72700.0
"PSY,59,Nord,nord,""1 - Oui, beaucoup"",17800.0"
"PSY,59,Nord,nord,""2 - Oui, un peu"",58000.0"
"PSY,59,Nord,nord,""3 - Non, aucune"",512000.0"
PSY,59,Nord,nord,Ensemble,587800.0
"PSY,60,Oise,oise,""1 - Oui, beaucoup"",3000.0"
"PSY,60,Oise,oise,""2 - Oui, un peu"",17300.0"
"PSY,60,Oise,oise,""3 - Non, aucune"",169300.0"
PSY,60,Oise,oise,Ensemble,189600.0
"PSY,61,Orne,orne,""1 - Oui, beaucoup"",2200.0"
"PSY,61,Orne,orne,""2 - Oui, un peu"",6800.0"
"PSY,61,Orne,orne,""3 - Non, aucune"",80800.0"
PSY,61,Orne,orne,Ensemble,89800.0
"PSY,62,Pas-de-Calais,pasdecalais,""1 - Oui, beaucoup"",10900.0"
"PSY,62,Pas-de-Calais,pasdecalais,""2 - Oui, un peu"",42700.0"
"PSY,62,Pas-de-Calais,pasdecalais,""3 - Non, aucune"",314900.0"
PSY,62,Pas-de-Calais,pasdecalais,Ensemble,368500.0
"PSY,63,Puy-de-Dôme,puydedome,""1 - Oui, beaucoup"",4300.0"
"PSY,63,Puy-de-Dôme,puydedome,""2 - Oui, un peu"",19600.0"
"PSY,63,Puy-de-Dôme,puydedome,""3 - Non, aucune"",158300.0"
PSY,63,Puy-de-Dôme,puydedome,Ensemble,182100.0
"PSY,64,Pyrénées-Atlantiques,pyreneesatlantiques,""1 - Oui, beaucoup"",3400.0"
"PSY,64,Pyrénées-Atlantiques,pyreneesatlantiques,""2 - Oui, un peu"",18400.0"
"PSY,64,Pyrénées-Atlantiques,pyreneesatlantiques,""3 - Non, aucune"",186200.0"
PSY,64,Pyrénées-Atlantiques,pyreneesatlantiques,Ensemble,208000.0
"PSY,65,Hautes-Pyrénées,hautespyrenees,""1 - Oui, beaucoup"",3900.0"
"PSY,65,Hautes-Pyrénées,hautespyrenees,""2 - Oui, un peu"",8000.0"
"PSY,65,Hautes-Pyrénées,hautespyrenees,""3 - Non, aucune"",64900.0"
PSY,65,Hautes-Pyrénées,hautespyrenees,Ensemble,76700.0
"PSY,66,Pyrénées-Orientales,pyreneesorientales,""1 - Oui, beaucoup"",5300.0"
"PSY,66,Pyrénées-Orientales,pyreneesorientales,""2 - Oui, un peu"",14600.0"
"PSY,66,Pyrénées-Orientales,pyreneesorientales,""3 - Non, aucune"",136800.0"
PSY,66,Pyrénées-Orientales,pyreneesorientales,Ensemble,156700.0
"PSY,67,Bas-Rhin,basrhin,""1 - Oui, beaucoup"",7600.0"
"PSY,67,Bas-Rhin,basrhin,""2 - Oui, un peu"",28900.0"
"PSY,67,Bas-Rhin,basrhin,""3 - Non, aucune"",245300.0"
PSY,67,Bas-Rhin,basrhin,Ensemble,281800.0
"PSY,68,Haut-Rhin,hautrhin,""1 - Oui, beaucoup"",4600.0"
"PSY,68,Haut-Rhin,hautrhin,""2 - Oui, un peu"",17700.0"
"PSY,68,Haut-Rhin,hautrhin,""3 - Non, aucune"",178100.0"
PSY,68,Haut-Rhin,hautrhin,Ensemble,200500.0
"PSY,69,Rhône,rhone,""1 - Oui, beaucoup"",10100.0"
"PSY,69,Rhône,rhone,""2 - Oui, un peu"",36200.0"
"PSY,69,Rhône,rhone,""3 - Non, aucune"",354500.0"
PSY,69,Rhône,rhone,Ensemble,400900.0
"PSY,70,Haute-Saône,hautesaone,""1 - Oui, beaucoup"",1500.0"
"PSY,70,Haute-Saône,hautesaone,""2 - Oui, un peu"",7000.0"
"PSY,70,Haute-Saône,hautesaone,""3 - Non, aucune"",62000.0"
PSY,70,Haute-Saône,hautesaone,Ensemble,70500.0
"PSY,71,Saône-et-Loire,saoneetloire,""1 - Oui, beaucoup"",4500.0"
"PSY,71,Saône-et-Loire,saoneetloire,""2 - Oui, un peu"",16300.0"
"PSY,71,Saône-et-Loire,saoneetloire,""3 - Non, aucune"",156200.0"
PSY,71,Saône-et-Loire,saoneetloire,Ensemble,177000.0
"PSY,72,Sarthe,sarthe,""1 - Oui, beaucoup"",3800.0"
"PSY,72,Sarthe,sarthe,""2 - Oui, un peu"",13800.0"
"PSY,72,Sarthe,sarthe,""3 - Non, aucune"",141500.0"
PSY,72,Sarthe,sarthe,Ensemble,159100.0
"PSY,73,Savoie,savoie,""1 - Oui, beaucoup"",3000.0"
"PSY,73,Savoie,savoie,""2 - Oui, un peu"",9600.0"
"PSY,73,Savoie,savoie,""3 - Non, aucune"",104900.0"
PSY,73,Savoie,savoie,Ensemble,117400.0
"PSY,74,Haute-Savoie,hautesavoie,""1 - Oui, beaucoup"",3400.0"
"PSY,74,Haute-Savoie,hautesavoie,""2 - Oui, un peu"",12400.0"
"PSY,74,Haute-Savoie,hautesavoie,""3 - Non, aucune"",168200.0"
PSY,74,Haute-Savoie,hautesavoie,Ensemble,184100.0
"PSY,75,Paris,paris,""1 - Oui, beaucoup"",11100.0"
"PSY,75,Paris,paris,""2 - Oui, un peu"",48800.0"
"PSY,75,Paris,paris,""3 - Non, aucune"",412600.0"
PSY,75,Paris,paris,Ensemble,472500.0
"PSY,76,Seine-Maritime,seinemaritime,""1 - Oui, beaucoup"",8400.0"
"PSY,76,Seine-Maritime,seinemaritime,""2 - Oui, un peu"",32800.0"
"PSY,76,Seine-Maritime,seinemaritime,""3 - Non, aucune"",283400.0"
PSY,76,Seine-Maritime,seinemaritime,Ensemble,324600.0
"PSY,77,Seine-et-Marne,seineetmarne,""1 - Oui, beaucoup"",5800.0"
"PSY,77,Seine-et-Marne,seineetmarne,""2 - Oui, un peu"",21500.0"
"PSY,77,Seine-et-Marne,seineetmarne,""3 - Non, aucune"",258500.0"
PSY,77,Seine-et-Marne,seineetmarne,Ensemble,285800.0
"PSY,78,Yvelines,yvelines,""1 - Oui, beaucoup"",3300.0"
"PSY,78,Yvelines,yvelines,""2 - Oui, un peu"",24900.0"
"PSY,78,Yvelines,yvelines,""3 - Non, aucune"",285600.0"
PSY,78,Yvelines,yvelines,Ensemble,313800.0
"PSY,79,Deux-Sèvres,deuxsevres,""1 - Oui, beaucoup"",2000.0"
"PSY,79,Deux-Sèvres,deuxsevres,""2 - Oui, un peu"",9100.0"
"PSY,79,Deux-Sèvres,deuxsevres,""3 - Non, aucune"",99500.0"
PSY,79,Deux-Sèvres,deuxsevres,Ensemble,110600.0
"PSY,80,Somme,somme,""1 - Oui, beaucoup"",2400.0"
"PSY,80,Somme,somme,""2 - Oui, un peu"",18300.0"
"PSY,80,Somme,somme,""3 - Non, aucune"",126400.0"
PSY,80,Somme,somme,Ensemble,147100.0
"PSY,81,Tarn,tarn,""1 - Oui, beaucoup"",3700.0"
"PSY,81,Tarn,tarn,""2 - Oui, un peu"",13400.0"
"PSY,81,Tarn,tarn,""3 - Non, aucune"",104300.0"
PSY,81,Tarn,tarn,Ensemble,121400.0
"PSY,82,Tarn-et-Garonne,tarnetgaronne,""1 - Oui, beaucoup"",1200.0"
"PSY,82,Tarn-et-Garonne,tarnetgaronne,""2 - Oui, un peu"",7500.0"
"PSY,82,Tarn-et-Garonne,tarnetgaronne,""3 - Non, aucune"",64600.0"
PSY,82,Tarn-et-Garonne,tarnetgaronne,Ensemble,73400.0
"PSY,83,Var,var,""1 - Oui, beaucoup"",11400.0"
"PSY,83,Var,var,""2 - Oui, un peu"",41100.0"
"PSY,83,Var,var,""3 - Non, aucune"",299100.0"
PSY,83,Var,var,Ensemble,351600.0
"PSY,84,Vaucluse,vaucluse,""1 - Oui, beaucoup"",5600.0"
"PSY,84,Vaucluse,vaucluse,""2 - Oui, un peu"",17400.0"
"PSY,84,Vaucluse,vaucluse,""3 - Non, aucune"",136900.0"
PSY,84,Vaucluse,vaucluse,Ensemble,159900.0
"PSY,85,Vendée,vendee,""1 - Oui, beaucoup"",4500.0"
"PSY,85,Vendée,vendee,""2 - Oui, un peu"",16700.0"
"PSY,85,Vendée,vendee,""3 - Non, aucune"",191800.0"
PSY,85,Vendée,vendee,Ensemble,213000.0
"PSY,86,Vienne,vienne,""1 - Oui, beaucoup"",2100.0"
"PSY,86,Vienne,vienne,""2 - Oui, un peu"",12300.0"
"PSY,86,Vienne,vienne,""3 - Non, aucune"",107500.0"
PSY,86,Vienne,vienne,Ensemble,122000.0
"PSY,87,Haute-Vienne,hautevienne,""1 - Oui, beaucoup"",3900.0"
"PSY,87,Haute-Vienne,hautevienne,""2 - Oui, un peu"",12000.0"
"PSY,87,Haute-Vienne,hautevienne,""3 - Non, aucune"",99600.0"
PSY,87,Haute-Vienne,hautevienne,Ensemble,115500.0
"PSY,88,Vosges,vosges,""1 - Oui, beaucoup"",2300.0"
"PSY,88,Vosges,vosges,""2 - Oui, un peu"",10400.0"
"PSY,88,Vosges,vosges,""3 - Non, aucune"",98900.0"
PSY,88,Vosges,vosges,Ensemble,111600.0
"PSY,89,Yonne,yonne,""1 - Oui, beaucoup"",1900.0"
"PSY,89,Yonne,yonne,""2 - Oui, un peu"",8700.0"
"PSY,89,Yonne,yonne,""3 - Non, aucune"",91400.0"
PSY,89,Yonne,yonne,Ensemble,102000.0
"PSY,90,Territoire de Belfort,territoiredebelfort,""1 - Oui, beaucoup"",700.0"
"PSY,90,Territoire de Belfort,territoiredebelfort,""2 - Oui, un peu"",3700.0"
"PSY,90,Territoire de Belfort,territoiredebelfort,""3 - Non, aucune"",32200.0"
PSY,90,Territoire de Belfort,territoiredebelfort,Ensemble,36600.0
"PSY,91,Essonne,essonne,""1 - Oui, beaucoup"",7100.0"
"PSY,91,Essonne,essonne,""2 - Oui, un peu"",21700.0"
"PSY,91,Essonne,essonne,""3 - Non, aucune"",231700.0"
PSY,91,Essonne,essonne,Ensemble,260500.0
"PSY,92,Hauts-de-Seine,hautsdeseine,""1 - Oui, beaucoup"",7000.0"
"PSY,92,Hauts-de-Seine,hautsdeseine,""2 - Oui, un peu"",26600.0"
"PSY,92,Hauts-de-Seine,hautsdeseine,""3 - Non, aucune"",286700.0"
PSY,92,Hauts-de-Seine,hautsdeseine,Ensemble,320200.0
"PSY,93,Seine-Saint-Denis,seinesaintdenis,""1 - Oui, beaucoup"",5200.0"
"PSY,93,Seine-Saint-Denis,seinesaintdenis,""2 - Oui, un peu"",30500.0"
"PSY,93,Seine-Saint-Denis,seinesaintdenis,""3 - Non, aucune"",231500.0"
PSY,93,Seine-Saint-Denis,seinesaintdenis,Ensemble,267200.0
"PSY,94,Val-de-Marne,valdemarne,""1 - Oui, beaucoup"",7400.0"
"PSY,94,Val-de-Marne,valdemarne,""2 - Oui, un peu"",27400.0"
"PSY,94,Val-de-Marne,valdemarne,""3 - Non, aucune"",242800.0"
PSY,94,Val-de-Marne,valdemarne,Ensemble,277700.0
"PSY,95,Val-d'Oise,valdoise,""1 - Oui, beaucoup"",4700.0"
"PSY,95,Val-d'Oise,valdoise,""2 - Oui, un peu"",18700.0"
"PSY,95,Val-d'Oise,valdoise,""3 - Non, aucune"",210300.0"
PSY,95,Val-d'Oise,valdoise,Ensemble,233800.0
"PSY,971,Guadeloupe,guadeloupe,""1 - Oui, beaucoup"",4800.0"
"PSY,971,Guadeloupe,guadeloupe,""2 - Oui, un peu"",13000.0"
"PSY,971,Guadeloupe,guadeloupe,""3 - Non, aucune"",88300.0"
PSY,971,Guadeloupe,guadeloupe,Ensemble,106200.0
"PSY,972,Martinique,martinique,""1 - Oui, beaucoup"",3900.0"
"PSY,972,Martinique,martinique,""2 - Oui, un peu"",11500.0"
"PSY,972,Martinique,martinique,""3 - Non, aucune"",93900.0"
PSY,972,Martinique,martinique,Ensemble,109300.0
"PSY,973,Guyane,guyane,""1 - Oui, beaucoup"",600.0"
"PSY,973,Guyane,guyane,""2 - Oui, un peu"",3100.0"
"PSY,973,Guyane,guyane,""3 - Non, aucune"",24900.0"
PSY,973,Guyane,guyane,Ensemble,28500.0
"PSY,974,La Réunion,lareunion,""1 - Oui, beaucoup"",5100.0"
"PSY,974,La Réunion,lareunion,""2 - Oui, un peu"",17300.0"
"PSY,974,La Réunion,lareunion,""3 - Non, aucune"",140300.0"
PSY,974,La Réunion,lareunion,Ensemble,162600.0
"PSY,976,Mayotte,mayotte,""1 - Oui, beaucoup"",300.0"
"PSY,976,Mayotte,mayotte,""2 - Oui, un peu"",500.0"
"PSY,976,Mayotte,mayotte,""3 - Non, aucune"",12300.0"
PSY,976,Mayotte,mayotte,Ensemble,13100.0
"PSY,None,""Lecture > Dans l'Ain, 6 500 personnes de 25 à 59 ans déclarent avoir beaucoup de difficultés psychiques ou psychologiques qui perturbent leur vie quotidienne. "
Champ > Personnes de 5 ans ou plus vivant en logement ordinaire en France.
"Sources > Enquête Vie Quotidienne et Santé 2021, DREES."",lecturedanslain6500personnesde25a59ansdeclarentavoirbeaucoupdedifficultespsychiquesoupsychologiquesquiperturbentleurviequotidiennechamppersonnesde5ansouplusvivantenlogementordinaireenfrancesourcesenqueteviequotidienneetsante2021drees,,"
HPSY,01,Ain,ain,Non,146800.0
HPSY,01,Ain,ain,Oui,7200.0
HPSY,01,Ain,ain,Ensemble,154000.0
HPSY,02,Aisne,aisne,Non,138200.0
HPSY,02,Aisne,aisne,Oui,4200.0
HPSY,02,Aisne,aisne,Ensemble,142400.0
HPSY,03,Allier,allier,Non,106200.0
HPSY,03,Allier,allier,Oui,7200.0
HPSY,03,Allier,allier,Ensemble,113400.0
HPSY,04,Alpes-de-Haute-Provence,alpesdehauteprovence,Non,52700.0
HPSY,04,Alpes-de-Haute-Provence,alpesdehauteprovence,Oui,2700.0
HPSY,04,Alpes-de-Haute-Provence,alpesdehauteprovence,Ensemble,55300.0
HPSY,05,Hautes-Alpes,hautesalpes,Non,43700.0
HPSY,05,Hautes-Alpes,hautesalpes,Oui,700.0
HPSY,05,Hautes-Alpes,hautesalpes,Ensemble,44400.0
HPSY,06,Alpes-Maritimes,alpesmaritimes,Non,313500.0
HPSY,06,Alpes-Maritimes,alpesmaritimes,Oui,13000.0
HPSY,06,Alpes-Maritimes,alpesmaritimes,Ensemble,326500.0
HPSY,07,Ardèche,ardeche,Non,96500.0
HPSY,07,Ardèche,ardeche,Oui,5300.0
HPSY,07,Ardèche,ardeche,Ensemble,101800.0
HPSY,08,Ardennes,ardennes,Non,74000.0
HPSY,08,Ardennes,ardennes,Oui,2500.0
HPSY,08,Ardennes,ardennes,Ensemble,76500.0
HPSY,09,Ariège,ariege,Non,48200.0
HPSY,09,Ariège,ariege,Oui,2700.0
HPSY,09,Ariège,ariege,Ensemble,50900.0
HPSY,10,Aube,aube,Non,79500.0
HPSY,10,Aube,aube,Oui,4600.0
HPSY,10,Aube,aube,Ensemble,84200.0
HPSY,11,Aude,aude,Non,120500.0
HPSY,11,Aude,aude,Oui,3200.0
HPSY,11,Aude,aude,Ensemble,123700.0
HPSY,12,Aveyron,aveyron,Non,87800.0
HPSY,12,Aveyron,aveyron,Oui,5000.0
HPSY,12,Aveyron,aveyron,Ensemble,92800.0
HPSY,13,Bouches-du-Rhône,bouchesdurhone,Non,505200.0
HPSY,13,Bouches-du-Rhône,bouchesdurhone,Oui,24200.0
HPSY,13,Bouches-du-Rhône,bouchesdurhone,Ensemble,529400.0
HPSY,14,Calvados,calvados,Non,186700.0
HPSY,14,Calvados,calvados,Oui,7900.0
HPSY,14,Calvados,calvados,Ensemble,194600.0
HPSY,15,Cantal,cantal,Non,46900.0
HPSY,15,Cantal,cantal,Oui,2600.0
HPSY,15,Cantal,cantal,Ensemble,49500.0
HPSY,16,Charente,charente,Non,104300.0
HPSY,16,Charente,charente,Oui,7000.0
HPSY,16,Charente,charente,Ensemble,111300.0
HPSY,17,Charente-Maritime,charentemaritime,Non,219300.0
HPSY,17,Charente-Maritime,charentemaritime,Oui,8300.0
HPSY,17,Charente-Maritime,charentemaritime,Ensemble,227600.0
HPSY,18,Cher,cher,Non,91600.0
HPSY,18,Cher,cher,Oui,4200.0
HPSY,18,Cher,cher,Ensemble,95800.0
HPSY,19,Corrèze,correze,Non,78200.0
HPSY,19,Corrèze,correze,Oui,3300.0
HPSY,19,Corrèze,correze,Ensemble,81500.0
HPSY,21,Côte-d'Or,cotedor,Non,135600.0
HPSY,21,Côte-d'Or,cotedor,Oui,6400.0
HPSY,21,Côte-d'Or,cotedor,Ensemble,142100.0
HPSY,22,Côtes d'Armor,cotesdarmor,Non,184600.0
HPSY,22,Côtes d'Armor,cotesdarmor,Oui,11700.0
HPSY,22,Côtes d'Armor,cotesdarmor,Ensemble,196200.0
HPSY,23,Creuse,creuse,Non,41900.0
HPSY,23,Creuse,creuse,Oui,2000.0
HPSY,23,Creuse,creuse,Ensemble,43900.0
HPSY,24,Dordogne,dordogne,Non,140600.0
HPSY,24,Dordogne,dordogne,Oui,9300.0
HPSY,24,Dordogne,dordogne,Ensemble,149900.0
HPSY,25,Doubs,doubs,Non,129800.0
HPSY,25,Doubs,doubs,Oui,6600.0
HPSY,25,Doubs,doubs,Ensemble,136400.0
HPSY,26,Drôme,drome,Non,138900.0
HPSY,26,Drôme,drome,Oui,5800.0
HPSY,26,Drôme,drome,Ensemble,144800.0
HPSY,27,Eure,eure,Non,148000.0
HPSY,27,Eure,eure,Oui,5200.0
HPSY,27,Eure,eure,Ensemble,153200.0
HPSY,28,Eure-et-Loire,eureetloire,Non,111100.0
HPSY,28,Eure-et-Loire,eureetloire,Oui,4200.0
HPSY,28,Eure-et-Loire,eureetloire,Ensemble,115200.0
HPSY,29,Finistère,finistere,Non,266400.0
HPSY,29,Finistère,finistere,Oui,12500.0
HPSY,29,Finistère,finistere,Ensemble,278900.0
HPSY,2A,Corse-du-Sud,corsedusud,Non,47200.0
HPSY,2A,Corse-du-Sud,corsedusud,Oui,1600.0
HPSY,2A,Corse-du-Sud,corsedusud,Ensemble,48800.0
HPSY,2B,Haute-Corse,hautecorse,Non,50800.0
HPSY,2B,Haute-Corse,hautecorse,Oui,2900.0
HPSY,2B,Haute-Corse,hautecorse,Ensemble,53700.0
HPSY,30,Gard,gard,Non,215400.0
HPSY,30,Gard,gard,Oui,8600.0
HPSY,30,Gard,gard,Ensemble,224000.0
HPSY,31,Haute-Garonne,hautegaronne,Non,290200.0
HPSY,31,Haute-Garonne,hautegaronne,Oui,13500.0
HPSY,31,Haute-Garonne,hautegaronne,Ensemble,303700.0
HPSY,32,Gers,gers,Non,63500.0
HPSY,32,Gers,gers,Oui,2600.0
HPSY,32,Gers,gers,Ensemble,66100.0
HPSY,33,Gironde,gironde,Non,388300.0
HPSY,33,Gironde,gironde,Oui,17400.0
HPSY,33,Gironde,gironde,Ensemble,405600.0
HPSY,34,Hérault,herault,Non,314000.0
HPSY,34,Hérault,herault,Oui,10300.0
HPSY,34,Hérault,herault,Ensemble,324300.0
HPSY,35,Ille-et-Vilaine,illeetvilaine,Non,239400.0
HPSY,35,Ille-et-Vilaine,illeetvilaine,Oui,11000.0
HPSY,35,Ille-et-Vilaine,illeetvilaine,Ensemble,250500.0
HPSY,36,Indre,indre,Non,70700.0
HPSY,36,Indre,indre,Oui,4900.0
HPSY,36,Indre,indre,Ensemble,75600.0
HPSY,37,Indre-et-Loire,indreetloire,Non,159700.0
HPSY,37,Indre-et-Loire,indreetloire,Oui,7600.0
HPSY,37,Indre-et-Loire,indreetloire,Ensemble,167300.0
HPSY,38,Isère,isere,Non,294000.0
HPSY,38,Isère,isere,Oui,12600.0
HPSY,38,Isère,isere,Ensemble,306600.0
HPSY,39,Jura,jura,Non,75700.0
HPSY,39,Jura,jura,Oui,2200.0
HPSY,39,Jura,jura,Ensemble,77800.0
HPSY,40,Landes,landes,Non,127700.0
HPSY,40,Landes,landes,Oui,6400.0
HPSY,40,Landes,landes,Ensemble,134100.0
HPSY,41,Loir-et-Cher,loiretcher,Non,97800.0
HPSY,41,Loir-et-Cher,loiretcher,Oui,4100.0
HPSY,41,Loir-et-Cher,loiretcher,Ensemble,101900.0
HPSY,42,Loire,loire,Non,199800.0
HPSY,42,Loire,loire,Oui,10000.0
HPSY,42,Loire,loire,Ensemble,209800.0
HPSY,43,Haute-Loire,hauteloire,Non,64800.0
HPSY,43,Haute-Loire,hauteloire,Oui,4500.0
HPSY,43,Haute-Loire,hauteloire,Ensemble,69300.0
HPSY,44,Loire-Atlantique,loireatlantique,Non,318200.0
HPSY,44,Loire-Atlantique,loireatlantique,Oui,17700.0
HPSY,44,Loire-Atlantique,loireatlantique,Ensemble,335900.0
HPSY,45,Loiret,loiret,Non,167300.0
HPSY,45,Loiret,loiret,Oui,7400.0
HPSY,45,Loiret,loiret,Ensemble,174600.0
HPSY,46,Lot,lot,Non,61600.0
HPSY,46,Lot,lot,Oui,3600.0
HPSY,46,Lot,lot,Ensemble,65200.0
HPSY,47,Lot-et-Garonne,lotetgaronne,Non,104100.0
HPSY,47,Lot-et-Garonne,lotetgaronne,Oui,4000.0
HPSY,47,Lot-et-Garonne,lotetgaronne,Ensemble,108100.0
HPSY,48,Lozère,lozere,Non,22400.0
HPSY,48,Lozère,lozere,Oui,1100.0
HPSY,48,Lozère,lozere,Ensemble,23600.0
HPSY,49,Maine-et-Loire,maineetloire,Non,201900.0
HPSY,49,Maine-et-Loire,maineetloire,Oui,9700.0
HPSY,49,Maine-et-Loire,maineetloire,Ensemble,211600.0
HPSY,50,Manche,manche,Non,149000.0
HPSY,50,Manche,manche,Oui,7700.0
HPSY,50,Manche,manche,Ensemble,156700.0
HPSY,51,Marne,marne,Non,135900.0
HPSY,51,Marne,marne,Oui,6200.0
HPSY,51,Marne,marne,Ensemble,142100.0
HPSY,52,Haute-Marne,hautemarne,Non,52300.0
HPSY,52,Haute-Marne,hautemarne,Oui,1400.0
HPSY,52,Haute-Marne,hautemarne,Ensemble,53800.0
HPSY,53,Mayenne,mayenne,Non,80600.0
HPSY,53,Mayenne,mayenne,Oui,4200.0
HPSY,53,Mayenne,mayenne,Ensemble,84800.0
HPSY,54,Meurthe-et-Moselle,meurtheetmoselle,Non,174700.0
HPSY,54,Meurthe-et-Moselle,meurtheetmoselle,Oui,9000.0
HPSY,54,Meurthe-et-Moselle,meurtheetmoselle,Ensemble,183600.0
HPSY,55,Meuse,meuse,Non,51800.0
HPSY,55,Meuse,meuse,Oui,2000.0
HPSY,55,Meuse,meuse,Ensemble,53800.0
HPSY,56,Morbihan,morbihan,Non,228600.0
HPSY,56,Morbihan,morbihan,Oui,13100.0
HPSY,56,Morbihan,morbihan,Ensemble,241700.0
HPSY,57,Moselle,moselle,Non,262200.0
HPSY,57,Moselle,moselle,Oui,12900.0
HPSY,57,Moselle,moselle,Ensemble,275100.0
HPSY,58,Nièvre,nievre,Non,69400.0
HPSY,58,Nièvre,nievre,Oui,3200.0
HPSY,58,Nièvre,nievre,Ensemble,72700.0
HPSY,59,Nord,nord,Non,565500.0
HPSY,59,Nord,nord,Oui,22400.0
HPSY,59,Nord,nord,Ensemble,587800.0
HPSY,60,Oise,oise,Non,182400.0
HPSY,60,Oise,oise,Oui,7200.0
HPSY,60,Oise,oise,Ensemble,189600.0
HPSY,61,Orne,orne,Non,86100.0
HPSY,61,Orne,orne,Oui,3700.0
HPSY,61,Orne,orne,Ensemble,89800.0
HPSY,62,Pas-de-Calais,pasdecalais,Non,347500.0
HPSY,62,Pas-de-Calais,pasdecalais,Oui,21000.0
HPSY,62,Pas-de-Calais,pasdecalais,Ensemble,368500.0
HPSY,63,Puy-de-Dôme,puydedome,Non,174400.0
HPSY,63,Puy-de-Dôme,puydedome,Oui,7700.0
HPSY,63,Puy-de-Dôme,puydedome,Ensemble,182100.0
HPSY,64,Pyrénées-Atlantiques,pyreneesatlantiques,Non,199000.0
HPSY,64,Pyrénées-Atlantiques,pyreneesatlantiques,Oui,9000.0
HPSY,64,Pyrénées-Atlantiques,pyreneesatlantiques,Ensemble,208000.0
HPSY,65,Hautes-Pyrénées,hautespyrenees,Non,71600.0
HPSY,65,Hautes-Pyrénées,hautespyrenees,Oui,5200.0
HPSY,65,Hautes-Pyrénées,hautespyrenees,Ensemble,76700.0
HPSY,66,Pyrénées-Orientales,pyreneesorientales,Non,149400.0
HPSY,66,Pyrénées-Orientales,pyreneesorientales,Oui,7200.0
HPSY,66,Pyrénées-Orientales,pyreneesorientales,Ensemble,156700.0
HPSY,67,Bas-Rhin,basrhin,Non,271000.0
HPSY,67,Bas-Rhin,basrhin,Oui,10800.0
HPSY,67,Bas-Rhin,basrhin,Ensemble,281800.0
HPSY,68,Haut-Rhin,hautrhin,Non,190000.0
HPSY,68,Haut-Rhin,hautrhin,Oui,10500.0
HPSY,68,Haut-Rhin,hautrhin,Ensemble,200500.0
HPSY,69,Rhône,rhone,Non,381500.0
HPSY,69,Rhône,rhone,Oui,19400.0
HPSY,69,Rhône,rhone,Ensemble,400900.0
HPSY,70,Haute-Saône,hautesaone,Non,67700.0
HPSY,70,Haute-Saône,hautesaone,Oui,2800.0
HPSY,70,Haute-Saône,hautesaone,Ensemble,70500.0
HPSY,71,Saône-et-Loire,saoneetloire,Non,169400.0
HPSY,71,Saône-et-Loire,saoneetloire,Oui,7700.0
HPSY,71,Saône-et-Loire,saoneetloire,Ensemble,177000.0
HPSY,72,Sarthe,sarthe,Non,152700.0
HPSY,72,Sarthe,sarthe,Oui,6400.0
HPSY,72,Sarthe,sarthe,Ensemble,159100.0
HPSY,73,Savoie,savoie,Non,113000.0
HPSY,73,Savoie,savoie,Oui,4400.0
HPSY,73,Savoie,savoie,Ensemble,117400.0
HPSY,74,Haute-Savoie,hautesavoie,Non,175800.0
HPSY,74,Haute-Savoie,hautesavoie,Oui,8200.0
HPSY,74,Haute-Savoie,hautesavoie,Ensemble,184100.0
HPSY,75,Paris,paris,Non,443100.0
HPSY,75,Paris,paris,Oui,29400.0
HPSY,75,Paris,paris,Ensemble,472500.0
HPSY,76,Seine-Maritime,seinemaritime,Non,309900.0
HPSY,76,Seine-Maritime,seinemaritime,Oui,14700.0
HPSY,76,Seine-Maritime,seinemaritime,Ensemble,324600.0
HPSY,77,Seine-et-Marne,seineetmarne,Non,274800.0
HPSY,77,Seine-et-Marne,seineetmarne,Oui,11000.0
HPSY,77,Seine-et-Marne,seineetmarne,Ensemble,285800.0
HPSY,78,Yvelines,yvelines,Non,302800.0
HPSY,78,Yvelines,yvelines,Oui,11100.0
HPSY,78,Yvelines,yvelines,Ensemble,313800.0
HPSY,79,Deux-Sèvres,deuxsevres,Non,105300.0
HPSY,79,Deux-Sèvres,deuxsevres,Oui,5300.0
HPSY,79,Deux-Sèvres,deuxsevres,Ensemble,110600.0
HPSY,80,Somme,somme,Non,143300.0
HPSY,80,Somme,somme,Oui,3700.0
HPSY,80,Somme,somme,Ensemble,147100.0
HPSY,81,Tarn,tarn,Non,115800.0
HPSY,81,Tarn,tarn,Oui,5600.0
HPSY,81,Tarn,tarn,Ensemble,121400.0
HPSY,82,Tarn-et-Garonne,tarnetgaronne,Non,69900.0
HPSY,82,Tarn-et-Garonne,tarnetgaronne,Oui,3500.0
HPSY,82,Tarn-et-Garonne,tarnetgaronne,Ensemble,73400.0
HPSY,83,Var,var,Non,334400.0
HPSY,83,Var,var,Oui,17200.0
HPSY,83,Var,var,Ensemble,351600.0
HPSY,84,Vaucluse,vaucluse,Non,151900.0
HPSY,84,Vaucluse,vaucluse,Oui,8000.0
HPSY,84,Vaucluse,vaucluse,Ensemble,159900.0
HPSY,85,Vendée,vendee,Non,204300.0
HPSY,85,Vendée,vendee,Oui,8700.0
HPSY,85,Vendée,vendee,Ensemble,213000.0
HPSY,86,Vienne,vienne,Non,115400.0
HPSY,86,Vienne,vienne,Oui,6500.0
HPSY,86,Vienne,vienne,Ensemble,122000.0
HPSY,87,Haute-Vienne,hautevienne,Non,108100.0
HPSY,87,Haute-Vienne,hautevienne,Oui,7300.0
HPSY,87,Haute-Vienne,hautevienne,Ensemble,115500.0
HPSY,88,Vosges,vosges,Non,106800.0
HPSY,88,Vosges,vosges,Oui,4800.0
HPSY,88,Vosges,vosges,Ensemble,111600.0
HPSY,89,Yonne,yonne,Non,96800.0
HPSY,89,Yonne,yonne,Oui,5200.0
HPSY,89,Yonne,yonne,Ensemble,102000.0
HPSY,90,Territoire de Belfort,territoiredebelfort,Non,35300.0
HPSY,90,Territoire de Belfort,territoiredebelfort,Oui,1300.0
HPSY,90,Territoire de Belfort,territoiredebelfort,Ensemble,36600.0
HPSY,91,Essonne,essonne,Non,249500.0
HPSY,91,Essonne,essonne,Oui,11000.0
HPSY,91,Essonne,essonne,Ensemble,260500.0
HPSY,92,Hauts-de-Seine,hautsdeseine,Non,304200.0
HPSY,92,Hauts-de-Seine,hautsdeseine,Oui,15900.0
HPSY,92,Hauts-de-Seine,hautsdeseine,Ensemble,320200.0
HPSY,93,Seine-Saint-Denis,seinesaintdenis,Non,258700.0
HPSY,93,Seine-Saint-Denis,seinesaintdenis,Oui,8600.0
HPSY,93,Seine-Saint-Denis,seinesaintdenis,Ensemble,267200.0
HPSY,94,Val-de-Marne,valdemarne,Non,263600.0
HPSY,94,Val-de-Marne,valdemarne,Oui,14200.0
HPSY,94,Val-de-Marne,valdemarne,Ensemble,277700.0
HPSY,95,Val-d'Oise,valdoise,Non,223800.0
HPSY,95,Val-d'Oise,valdoise,Oui,9900.0
HPSY,95,Val-d'Oise,valdoise,Ensemble,233800.0
HPSY,971,Guadeloupe,guadeloupe,Non,101700.0
HPSY,971,Guadeloupe,guadeloupe,Oui,4600.0
HPSY,971,Guadeloupe,guadeloupe,Ensemble,106200.0
HPSY,972,Martinique,martinique,Non,106000.0
HPSY,972,Martinique,martinique,Oui,3300.0
HPSY,972,Martinique,martinique,Ensemble,109300.0
HPSY,973,Guyane,guyane,Non,27000.0
HPSY,973,Guyane,guyane,Oui,1500.0
HPSY,973,Guyane,guyane,Ensemble,28500.0
HPSY,974,La Réunion,lareunion,Non,155500.0
HPSY,974,La Réunion,lareunion,Oui,7100.0
HPSY,974,La Réunion,lareunion,Ensemble,162600.0
HPSY,976,Mayotte,mayotte,Non,12600.0
HPSY,976,Mayotte,mayotte,Oui,600.0
HPSY,976,Mayotte,mayotte,Ensemble,13100.0
"HPSY,None,""Lecture > Dans l'Ain, 12 200 personnes de 25 à 59 ans déclarent avoir été hospitalisés dans un service psychiatrique au cours des 10 dernières années. "
Champ > Personnes de 5 ans ou plus vivant en logement ordinaire en France.
"Sources > Enquête Vie Quotidienne et Santé 2021, DREES."",lecturedanslain12200personnesde25a59ansdeclarentavoiretehospitalisesdansunservicepsychiatriqueaucoursdes10dernieresanneeschamppersonnesde5ansouplusvivantenlogementordinaireenfrancesourcesenqueteviequotidienneetsante2021drees,,"
AIDPRO,01,Ain,ain,Non,139900.0
AIDPRO,01,Ain,ain,Oui,14000.0
AIDPRO,01,Ain,ain,Ensemble,154000.0
AIDPRO,02,Aisne,aisne,Non,127900.0
AIDPRO,02,Aisne,aisne,Oui,14400.0
AIDPRO,02,Aisne,aisne,Ensemble,142400.0
AIDPRO,03,Allier,allier,Non,101400.0
AIDPRO,03,Allier,allier,Oui,12000.0
AIDPRO,03,Allier,allier,Ensemble,113400.0
AIDPRO,04,Alpes-de-Haute-Provence,alpesdehauteprovence,Non,47500.0
AIDPRO,04,Alpes-de-Haute-Provence,alpesdehauteprovence,Oui,7800.0
AIDPRO,04,Alpes-de-Haute-Provence,alpesdehauteprovence,Ensemble,55300.0
AIDPRO,05,Hautes-Alpes,hautesalpes,Non,39300.0
AIDPRO,05,Hautes-Alpes,hautesalpes,Oui,5100.0
AIDPRO,05,Hautes-Alpes,hautesalpes,Ensemble,44400.0
AIDPRO,06,Alpes-Maritimes,alpesmaritimes,Non,288600.0
AIDPRO,06,Alpes-Maritimes,alpesmaritimes,Oui,37900.0
AIDPRO,06,Alpes-Maritimes,alpesmaritimes,Ensemble,326500.0
AIDPRO,07,Ardèche,ardeche,Non,89500.0
AIDPRO,07,Ardèche,ardeche,Oui,12400.0
AIDPRO,07,Ardèche,ardeche,Ensemble,101800.0
AIDPRO,08,Ardennes,ardennes,Non,65400.0
AIDPRO,08,Ardennes,ardennes,Oui,11100.0
AIDPRO,08,Ardennes,ardennes,Ensemble,76500.0
AIDPRO,09,Ariège,ariege,Non,42600.0
AIDPRO,09,Ariège,ariege,Oui,8200.0
AIDPRO,09,Ariège,ariege,Ensemble,50900.0
AIDPRO,10,Aube,aube,Non,75200.0
AIDPRO,10,Aube,aube,Oui,9000.0
AIDPRO,10,Aube,aube,Ensemble,84200.0
AIDPRO,11,Aude,aude,Non,109000.0
AIDPRO,11,Aude,aude,Oui,14800.0
AIDPRO,11,Aude,aude,Ensemble,123700.0
AIDPRO,12,Aveyron,aveyron,Non,83100.0
AIDPRO,12,Aveyron,aveyron,Oui,9800.0
AIDPRO,12,Aveyron,aveyron,Ensemble,92800.0
AIDPRO,13,Bouches-du-Rhône,bouchesdurhone,Non,454600.0
AIDPRO,13,Bouches-du-Rhône,bouchesdurhone,Oui,74800.0
AIDPRO,13,Bouches-du-Rhône,bouchesdurhone,Ensemble,529400.0
AIDPRO,14,Calvados,calvados,Non,173600.0
AIDPRO,14,Calvados,calvados,Oui,20900.0
AIDPRO,14,Calvados,calvados,Ensemble,194600.0
AIDPRO,15,Cantal,cantal,Non,43400.0
AIDPRO,15,Cantal,cantal,Oui,6100.0
AIDPRO,15,Cantal,cantal,Ensemble,49500.0
AIDPRO,16,Charente,charente,Non,98400.0
AIDPRO,16,Charente,charente,Oui,12900.0
AIDPRO,16,Charente,charente,Ensemble,111300.0
AIDPRO,17,Charente-Maritime,charentemaritime,Non,205000.0
AIDPRO,17,Charente-Maritime,charentemaritime,Oui,22700.0
AIDPRO,17,Charente-Maritime,charentemaritime,Ensemble,227600.0
AIDPRO,18,Cher,cher,Non,86900.0
AIDPRO,18,Cher,cher,Oui,8900.0
AIDPRO,18,Cher,cher,Ensemble,95800.0
AIDPRO,19,Corrèze,correze,Non,72500.0
AIDPRO,19,Corrèze,correze,Oui,9000.0
AIDPRO,19,Corrèze,correze,Ensemble,81500.0
AIDPRO,21,Côte-d'Or,cotedor,Non,127400.0
AIDPRO,21,Côte-d'Or,cotedor,Oui,14700.0
AIDPRO,21,Côte-d'Or,cotedor,Ensemble,142100.0
AIDPRO,22,Côtes d'Armor,cotesdarmor,Non,176900.0
AIDPRO,22,Côtes d'Armor,cotesdarmor,Oui,19300.0
AIDPRO,22,Côtes d'Armor,cotesdarmor,Ensemble,196200.0
AIDPRO,23,Creuse,creuse,Non,37300.0
AIDPRO,23,Creuse,creuse,Oui,6600.0
AIDPRO,23,Creuse,creuse,Ensemble,43900.0
AIDPRO,24,Dordogne,dordogne,Non,132600.0
AIDPRO,24,Dordogne,dordogne,Oui,17300.0
AIDPRO,24,Dordogne,dordogne,Ensemble,149900.0
AIDPRO,25,Doubs,doubs,Non,119000.0
AIDPRO,25,Doubs,doubs,Oui,17400.0
AIDPRO,25,Doubs,doubs,Ensemble,136400.0
AIDPRO,26,Drôme,drome,Non,129400.0
AIDPRO,26,Drôme,drome,Oui,15300.0
AIDPRO,26,Drôme,drome,Ensemble,144800.0
AIDPRO,27,Eure,eure,Non,141400.0
AIDPRO,27,Eure,eure,Oui,11700.0
AIDPRO,27,Eure,eure,Ensemble,153200.0
AIDPRO,28,Eure-et-Loire,eureetloire,Non,102800.0
AIDPRO,28,Eure-et-Loire,eureetloire,Oui,12500.0
AIDPRO,28,Eure-et-Loire,eureetloire,Ensemble,115200.0
AIDPRO,29,Finistère,finistere,Non,244900.0
AIDPRO,29,Finistère,finistere,Oui,34000.0
AIDPRO,29,Finistère,finistere,Ensemble,278900.0
AIDPRO,2A,Corse-du-Sud,corsedusud,Non,41700.0
AIDPRO,2A,Corse-du-Sud,corsedusud,Oui,7200.0
AIDPRO,2A,Corse-du-Sud,corsedusud,Ensemble,48800.0
AIDPRO,2B,Haute-Corse,hautecorse,Non,46200.0
AIDPRO,2B,Haute-Corse,hautecorse,Oui,7500.0
AIDPRO,2B,Haute-Corse,hautecorse,Ensemble,53700.0
AIDPRO,30,Gard,gard,Non,198700.0
AIDPRO,30,Gard,gard,Oui,25400.0
AIDPRO,30,Gard,gard,Ensemble,224000.0
AIDPRO,31,Haute-Garonne,hautegaronne,Non,262200.0
AIDPRO,31,Haute-Garonne,hautegaronne,Oui,41500.0
AIDPRO,31,Haute-Garonne,hautegaronne,Ensemble,303700.0
AIDPRO,32,Gers,gers,Non,59300.0
AIDPRO,32,Gers,gers,Oui,6800.0
AIDPRO,32,Gers,gers,Ensemble,66100.0
AIDPRO,33,Gironde,gironde,Non,352500.0
AIDPRO,33,Gironde,gironde,Oui,53100.0
AIDPRO,33,Gironde,gironde,Ensemble,405600.0
AIDPRO,34,Hérault,herault,Non,287900.0
AIDPRO,34,Hérault,herault,Oui,36400.0
AIDPRO,34,Hérault,herault,Ensemble,324300.0
AIDPRO,35,Ille-et-Vilaine,illeetvilaine,Non,222600.0
AIDPRO,35,Ille-et-Vilaine,illeetvilaine,Oui,27900.0
AIDPRO,35,Ille-et-Vilaine,illeetvilaine,Ensemble,250500.0
AIDPRO,36,Indre,indre,Non,67900.0
AIDPRO,36,Indre,indre,Oui,7700.0
AIDPRO,36,Indre,indre,Ensemble,75600.0
AIDPRO,37,Indre-et-Loire,indreetloire,Non,149400.0
AIDPRO,37,Indre-et-Loire,indreetloire,Oui,17900.0
AIDPRO,37,Indre-et-Loire,indreetloire,Ensemble,167300.0
AIDPRO,38,Isère,isere,Non,274600.0
AIDPRO,38,Isère,isere,Oui,32000.0
AIDPRO,38,Isère,isere,Ensemble,306600.0
AIDPRO,39,Jura,jura,Non,71800.0
AIDPRO,39,Jura,jura,Oui,6100.0
AIDPRO,39,Jura,jura,Ensemble,77800.0
AIDPRO,40,Landes,landes,Non,117600.0
AIDPRO,40,Landes,landes,Oui,16500.0
AIDPRO,40,Landes,landes,Ensemble,134100.0
AIDPRO,41,Loir-et-Cher,loiretcher,Non,91600.0
AIDPRO,41,Loir-et-Cher,loiretcher,Oui,10300.0
AIDPRO,41,Loir-et-Cher,loiretcher,Ensemble,101900.0
AIDPRO,42,Loire,loire,Non,186800.0
AIDPRO,42,Loire,loire,Oui,23000.0
AIDPRO,42,Loire,loire,Ensemble,209800.0
AIDPRO,43,Haute-Loire,hauteloire,Non,59800.0
AIDPRO,43,Haute-Loire,hauteloire,Oui,9500.0
AIDPRO,43,Haute-Loire,hauteloire,Ensemble,69300.0
AIDPRO,44,Loire-Atlantique,loireatlantique,Non,300200.0
AIDPRO,44,Loire-Atlantique,loireatlantique,Oui,35700.0
AIDPRO,44,Loire-Atlantique,loireatlantique,Ensemble,335900.0
AIDPRO,45,Loiret,loiret,Non,157500.0
AIDPRO,45,Loiret,loiret,Oui,17100.0
AIDPRO,45,Loiret,loiret,Ensemble,174600.0
AIDPRO,46,Lot,lot,Non,56500.0
AIDPRO,46,Lot,lot,Oui,8700.0
AIDPRO,46,Lot,lot,Ensemble,65200.0
AIDPRO,47,Lot-et-Garonne,lotetgaronne,Non,97000.0
AIDPRO,47,Lot-et-Garonne,lotetgaronne,Oui,11000.0
AIDPRO,47,Lot-et-Garonne,lotetgaronne,Ensemble,108100.0
AIDPRO,48,Lozère,lozere,Non,20100.0
AIDPRO,48,Lozère,lozere,Oui,3400.0
AIDPRO,48,Lozère,lozere,Ensemble,23600.0
AIDPRO,49,Maine-et-Loire,maineetloire,Non,187400.0
AIDPRO,49,Maine-et-Loire,maineetloire,Oui,24200.0
AIDPRO,49,Maine-et-Loire,maineetloire,Ensemble,211600.0
AIDPRO,50,Manche,manche,Non,137300.0
AIDPRO,50,Manche,manche,Oui,19400.0
AIDPRO,50,Manche,manche,Ensemble,156700.0
AIDPRO,51,Marne,marne,Non,127800.0
AIDPRO,51,Marne,marne,Oui,14400.0
AIDPRO,51,Marne,marne,Ensemble,142100.0
AIDPRO,52,Haute-Marne,hautemarne,Non,47700.0
AIDPRO,52,Haute-Marne,hautemarne,Oui,6100.0
AIDPRO,52,Haute-Marne,hautemarne,Ensemble,53800.0
AIDPRO,53,Mayenne,mayenne,Non,72600.0
AIDPRO,53,Mayenne,mayenne,Oui,12200.0
AIDPRO,53,Mayenne,mayenne,Ensemble,84800.0
AIDPRO,54,Meurthe-et-Moselle,meurtheetmoselle,Non,165300.0
AIDPRO,54,Meurthe-et-Moselle,meurtheetmoselle,Oui,18400.0
AIDPRO,54,Meurthe-et-Moselle,meurtheetmoselle,Ensemble,183600.0
AIDPRO,55,Meuse,meuse,Non,47500.0
AIDPRO,55,Meuse,meuse,Oui,6300.0
AIDPRO,55,Meuse,meuse,Ensemble,53800.0
AIDPRO,56,Morbihan,morbihan,Non,215600.0
AIDPRO,56,Morbihan,morbihan,Oui,26200.0
AIDPRO,56,Morbihan,morbihan,Ensemble,241700.0
AIDPRO,57,Moselle,moselle,Non,243600.0
AIDPRO,57,Moselle,moselle,Oui,31600.0
AIDPRO,57,Moselle,moselle,Ensemble,275100.0
AIDPRO,58,Nièvre,nievre,Non,65200.0
AIDPRO,58,Nièvre,nievre,Oui,7500.0
AIDPRO,58,Nièvre,nievre,Ensemble,72700.0
AIDPRO,59,Nord,nord,Non,506000.0
AIDPRO,59,Nord,nord,Oui,81900.0
AIDPRO,59,Nord,nord,Ensemble,587800.0
AIDPRO,60,Oise,oise,Non,174000.0
AIDPRO,60,Oise,oise,Oui,15600.0
AIDPRO,60,Oise,oise,Ensemble,189600.0
AIDPRO,61,Orne,orne,Non,80200.0
AIDPRO,61,Orne,orne,Oui,9600.0
AIDPRO,61,Orne,orne,Ensemble,89800.0
AIDPRO,62,Pas-de-Calais,pasdecalais,Non,319400.0
AIDPRO,62,Pas-de-Calais,pasdecalais,Oui,49100.0
AIDPRO,62,Pas-de-Calais,pasdecalais,Ensemble,368500.0
AIDPRO,63,Puy-de-Dôme,puydedome,Non,157400.0
AIDPRO,63,Puy-de-Dôme,puydedome,Oui,24800.0
AIDPRO,63,Puy-de-Dôme,puydedome,Ensemble,182100.0
AIDPRO,64,Pyrénées-Atlantiques,pyreneesatlantiques,Non,184500.0
AIDPRO,64,Pyrénées-Atlantiques,pyreneesatlantiques,Oui,23500.0
AIDPRO,64,Pyrénées-Atlantiques,pyreneesatlantiques,Ensemble,208000.0
AIDPRO,65,Hautes-Pyrénées,hautespyrenees,Non,66100.0
AIDPRO,65,Hautes-Pyrénées,hautespyrenees,Oui,10600.0
AIDPRO,65,Hautes-Pyrénées,hautespyrenees,Ensemble,76700.0
AIDPRO,66,Pyrénées-Orientales,pyreneesorientales,Non,135900.0
AIDPRO,66,Pyrénées-Orientales,pyreneesorientales,Oui,20700.0
AIDPRO,66,Pyrénées-Orientales,pyreneesorientales,Ensemble,156700.0
AIDPRO,67,Bas-Rhin,basrhin,Non,254200.0
AIDPRO,67,Bas-Rhin,basrhin,Oui,27600.0
AIDPRO,67,Bas-Rhin,basrhin,Ensemble,281800.0
AIDPRO,68,Haut-Rhin,hautrhin,Non,183300.0
AIDPRO,68,Haut-Rhin,hautrhin,Oui,17200.0
AIDPRO,68,Haut-Rhin,hautrhin,Ensemble,200500.0
AIDPRO,69,Rhône,rhone,Non,357000.0
AIDPRO,69,Rhône,rhone,Oui,43800.0
AIDPRO,69,Rhône,rhone,Ensemble,400900.0
AIDPRO,70,Haute-Saône,hautesaone,Non,64300.0
AIDPRO,70,Haute-Saône,hautesaone,Oui,6200.0
AIDPRO,70,Haute-Saône,hautesaone,Ensemble,70500.0
AIDPRO,71,Saône-et-Loire,saoneetloire,Non,160000.0
AIDPRO,71,Saône-et-Loire,saoneetloire,Oui,17000.0
AIDPRO,71,Saône-et-Loire,saoneetloire,Ensemble,177000.0
AIDPRO,72,Sarthe,sarthe,Non,139400.0
AIDPRO,72,Sarthe,sarthe,Oui,19700.0
AIDPRO,72,Sarthe,sarthe,Ensemble,159100.0
AIDPRO,73,Savoie,savoie,Non,104200.0
AIDPRO,73,Savoie,savoie,Oui,13200.0
AIDPRO,73,Savoie,savoie,Ensemble,117400.0
AIDPRO,74,Haute-Savoie,hautesavoie,Non,166200.0
AIDPRO,74,Haute-Savoie,hautesavoie,Oui,17900.0
AIDPRO,74,Haute-Savoie,hautesavoie,Ensemble,184100.0
AIDPRO,75,Paris,paris,Non,430100.0
AIDPRO,75,Paris,paris,Oui,42400.0
AIDPRO,75,Paris,paris,Ensemble,472500.0
AIDPRO,76,Seine-Maritime,seinemaritime,Non,288800.0
AIDPRO,76,Seine-Maritime,seinemaritime,Oui,35800.0
AIDPRO,76,Seine-Maritime,seinemaritime,Ensemble,324600.0
AIDPRO,77,Seine-et-Marne,seineetmarne,Non,268800.0
AIDPRO,77,Seine-et-Marne,seineetmarne,Oui,17000.0
AIDPRO,77,Seine-et-Marne,seineetmarne,Ensemble,285800.0
AIDPRO,78,Yvelines,yvelines,Non,292700.0
AIDPRO,78,Yvelines,yvelines,Oui,21100.0
AIDPRO,78,Yvelines,yvelines,Ensemble,313800.0
AIDPRO,79,Deux-Sèvres,deuxsevres,Non,99400.0
AIDPRO,79,Deux-Sèvres,deuxsevres,Oui,11200.0
AIDPRO,79,Deux-Sèvres,deuxsevres,Ensemble,110600.0
AIDPRO,80,Somme,somme,Non,130500.0
AIDPRO,80,Somme,somme,Oui,16600.0
AIDPRO,80,Somme,somme,Ensemble,147100.0
AIDPRO,81,Tarn,tarn,Non,105200.0
AIDPRO,81,Tarn,tarn,Oui,16200.0
AIDPRO,81,Tarn,tarn,Ensemble,121400.0
AIDPRO,82,Tarn-et-Garonne,tarnetgaronne,Non,65800.0
AIDPRO,82,Tarn-et-Garonne,tarnetgaronne,Oui,7600.0
AIDPRO,82,Tarn-et-Garonne,tarnetgaronne,Ensemble,73400.0
AIDPRO,83,Var,var,Non,311800.0
AIDPRO,83,Var,var,Oui,39700.0
AIDPRO,83,Var,var,Ensemble,351600.0
AIDPRO,84,Vaucluse,vaucluse,Non,144600.0
AIDPRO,84,Vaucluse,vaucluse,Oui,15300.0
AIDPRO,84,Vaucluse,vaucluse,Ensemble,159900.0
AIDPRO,85,Vendée,vendee,Non,190800.0
AIDPRO,85,Vendée,vendee,Oui,22200.0
AIDPRO,85,Vendée,vendee,Ensemble,213000.0
AIDPRO,86,Vienne,vienne,Non,109100.0
AIDPRO,86,Vienne,vienne,Oui,12800.0
AIDPRO,86,Vienne,vienne,Ensemble,122000.0
AIDPRO,87,Haute-Vienne,hautevienne,Non,101200.0
AIDPRO,87,Haute-Vienne,hautevienne,Oui,14200.0
AIDPRO,87,Haute-Vienne,hautevienne,Ensemble,115500.0
AIDPRO,88,Vosges,vosges,Non,101600.0
AIDPRO,88,Vosges,vosges,Oui,10000.0
AIDPRO,88,Vosges,vosges,Ensemble,111600.0
AIDPRO,89,Yonne,yonne,Non,91800.0
AIDPRO,89,Yonne,yonne,Oui,10200.0
AIDPRO,89,Yonne,yonne,Ensemble,102000.0
AIDPRO,90,Territoire de Belfort,territoiredebelfort,Non,31500.0
AIDPRO,90,Territoire de Belfort,territoiredebelfort,Oui,5100.0
AIDPRO,90,Territoire de Belfort,territoiredebelfort,Ensemble,36600.0
AIDPRO,91,Essonne,essonne,Non,237000.0
AIDPRO,91,Essonne,essonne,Oui,23500.0
AIDPRO,91,Essonne,essonne,Ensemble,260500.0
AIDPRO,92,Hauts-de-Seine,hautsdeseine,Non,294300.0
AIDPRO,92,Hauts-de-Seine,hautsdeseine,Oui,25800.0
AIDPRO,92,Hauts-de-Seine,hautsdeseine,Ensemble,320200.0
AIDPRO,93,Seine-Saint-Denis,seinesaintdenis,Non,237700.0
AIDPRO,93,Seine-Saint-Denis,seinesaintdenis,Oui,29500.0
AIDPRO,93,Seine-Saint-Denis,seinesaintdenis,Ensemble,267200.0
AIDPRO,94,Val-de-Marne,valdemarne,Non,254000.0
AIDPRO,94,Val-de-Marne,valdemarne,Oui,23800.0
AIDPRO,94,Val-de-Marne,valdemarne,Ensemble,277700.0
AIDPRO,95,Val-d'Oise,valdoise,Non,213800.0
AIDPRO,95,Val-d'Oise,valdoise,Oui,20000.0
AIDPRO,95,Val-d'Oise,valdoise,Ensemble,233800.0
AIDPRO,971,Guadeloupe,guadeloupe,Non,88500.0
AIDPRO,971,Guadeloupe,guadeloupe,Oui,17700.0
AIDPRO,971,Guadeloupe,guadeloupe,Ensemble,106200.0
AIDPRO,972,Martinique,martinique,Non,90800.0
AIDPRO,972,Martinique,martinique,Oui,18600.0
AIDPRO,972,Martinique,martinique,Ensemble,109300.0
AIDPRO,973,Guyane,guyane,Non,24200.0
AIDPRO,973,Guyane,guyane,Oui,4400.0
AIDPRO,973,Guyane,guyane,Ensemble,28500.0
AIDPRO,974,La Réunion,lareunion,Non,134300.0
AIDPRO,974,La Réunion,lareunion,Oui,28400.0
AIDPRO,974,La Réunion,lareunion,Ensemble,162600.0
AIDPRO,976,Mayotte,mayotte,Non,10900.0
AIDPRO,976,Mayotte,mayotte,Oui,2200.0
AIDPRO,976,Mayotte,mayotte,Ensemble,13100.0
"AIDPRO,None,""Lecture > Dans l'Ain, 3 000 personnes de 25 à 59 ans déclarent recevoir de l'aide de professionnels en raison d'un problème de santé, d'un handicap ou de leur avancée en âge. "
Champ > Personnes de 5 ans ou plus vivant en logement ordinaire en France.
"Sources > Enquête Vie Quotidienne et Santé 2021, DREES."",lecturedanslain3000personnesde25a59ansdeclarentrecevoirdelaidedeprofessionnelsenraisondunproblemedesantedunhandicapoudeleuravanceeenagechamppersonnesde5ansouplusvivantenlogementordinaireenfrancesourcesenqueteviequotidienneetsante2021drees,,"
AIDENT,01,Ain,ain,Non,133900.0
AIDENT,01,Ain,ain,Oui,20100.0
AIDENT,01,Ain,ain,Ensemble,154000.0
AIDENT,02,Aisne,aisne,Non,114700.0
AIDENT,02,Aisne,aisne,Oui,27600.0
AIDENT,02,Aisne,aisne,Ensemble,142400.0
AIDENT,03,Allier,allier,Non,95800.0
AIDENT,03,Allier,allier,Oui,17500.0
AIDENT,03,Allier,allier,Ensemble,113400.0
AIDENT,04,Alpes-de-Haute-Provence,alpesdehauteprovence,Non,45900.0
AIDENT,04,Alpes-de-Haute-Provence,alpesdehauteprovence,Oui,9500.0
AIDENT,04,Alpes-de-Haute-Provence,alpesdehauteprovence,Ensemble,55300.0
AIDENT,05,Hautes-Alpes,hautesalpes,Non,37000.0
AIDENT,05,Hautes-Alpes,hautesalpes,Oui,7400.0
AIDENT,05,Hautes-Alpes,hautesalpes,Ensemble,44400.0
AIDENT,06,Alpes-Maritimes,alpesmaritimes,Non,268300.0
AIDENT,06,Alpes-Maritimes,alpesmaritimes,Oui,58200.0
AIDENT,06,Alpes-Maritimes,alpesmaritimes,Ensemble,326500.0
AIDENT,07,Ardèche,ardeche,Non,84600.0
AIDENT,07,Ardèche,ardeche,Oui,17300.0
AIDENT,07,Ardèche,ardeche,Ensemble,101800.0
AIDENT,08,Ardennes,ardennes,Non,62500.0
AIDENT,08,Ardennes,ardennes,Oui,14000.0
AIDENT,08,Ardennes,ardennes,Ensemble,76500.0
AIDENT,09,Ariège,ariege,Non,39900.0
AIDENT,09,Ariège,ariege,Oui,11000.0
AIDENT,09,Ariège,ariege,Ensemble,50900.0
AIDENT,10,Aube,aube,Non,68700.0
AIDENT,10,Aube,aube,Oui,15400.0
AIDENT,10,Aube,aube,Ensemble,84200.0
AIDENT,11,Aude,aude,Non,101700.0
AIDENT,11,Aude,aude,Oui,22000.0
AIDENT,11,Aude,aude,Ensemble,123700.0
AIDENT,12,Aveyron,aveyron,Non,79100.0
AIDENT,12,Aveyron,aveyron,Oui,13800.0
AIDENT,12,Aveyron,aveyron,Ensemble,92800.0
AIDENT,13,Bouches-du-Rhône,bouchesdurhone,Non,431400.0
AIDENT,13,Bouches-du-Rhône,bouchesdurhone,Oui,98000.0
AIDENT,13,Bouches-du-Rhône,bouchesdurhone,Ensemble,529400.0
AIDENT,14,Calvados,calvados,Non,169000.0
AIDENT,14,Calvados,calvados,Oui,25600.0
AIDENT,14,Calvados,calvados,Ensemble,194600.0
AIDENT,15,Cantal,cantal,Non,40500.0
AIDENT,15,Cantal,cantal,Oui,9000.0
AIDENT,15,Cantal,cantal,Ensemble,49500.0
AIDENT,16,Charente,charente,Non,95400.0
AIDENT,16,Charente,charente,Oui,15900.0
AIDENT,16,Charente,charente,Ensemble,111300.0
AIDENT,17,Charente-Maritime,charentemaritime,Non,193500.0
AIDENT,17,Charente-Maritime,charentemaritime,Oui,34100.0
AIDENT,17,Charente-Maritime,charentemaritime,Ensemble,227600.0
AIDENT,18,Cher,cher,Non,83400.0
AIDENT,18,Cher,cher,Oui,12400.0
AIDENT,18,Cher,cher,Ensemble,95800.0
AIDENT,19,Corrèze,correze,Non,70300.0
AIDENT,19,Corrèze,correze,Oui,11200.0
AIDENT,19,Corrèze,correze,Ensemble,81500.0
AIDENT,21,Côte-d'Or,cotedor,Non,122600.0
AIDENT,21,Côte-d'Or,cotedor,Oui,19400.0
AIDENT,21,Côte-d'Or,cotedor,Ensemble,142100.0
AIDENT,22,Côtes d'Armor,cotesdarmor,Non,173500.0
AIDENT,22,Côtes d'Armor,cotesdarmor,Oui,22700.0
AIDENT,22,Côtes d'Armor,cotesdarmor,Ensemble,196200.0
AIDENT,23,Creuse,creuse,Non,36200.0
AIDENT,23,Creuse,creuse,Oui,7700.0
AIDENT,23,Creuse,creuse,Ensemble,43900.0
AIDENT,24,Dordogne,dordogne,Non,127200.0
AIDENT,24,Dordogne,dordogne,Oui,22600.0
AIDENT,24,Dordogne,dordogne,Ensemble,149900.0
AIDENT,25,Doubs,doubs,Non,114900.0
AIDENT,25,Doubs,doubs,Oui,21500.0
AIDENT,25,Doubs,doubs,Ensemble,136400.0
AIDENT,26,Drôme,drome,Non,124900.0
AIDENT,26,Drôme,drome,Oui,19900.0
AIDENT,26,Drôme,drome,Ensemble,144800.0
AIDENT,27,Eure,eure,Non,132800.0
AIDENT,27,Eure,eure,Oui,20300.0
AIDENT,27,Eure,eure,Ensemble,153200.0
AIDENT,28,Eure-et-Loire,eureetloire,Non,91100.0
AIDENT,28,Eure-et-Loire,eureetloire,Oui,24200.0
AIDENT,28,Eure-et-Loire,eureetloire,Ensemble,115200.0
AIDENT,29,Finistère,finistere,Non,239300.0
AIDENT,29,Finistère,finistere,Oui,39600.0
AIDENT,29,Finistère,finistere,Ensemble,278900.0
AIDENT,2A,Corse-du-Sud,corsedusud,Non,38700.0
AIDENT,2A,Corse-du-Sud,corsedusud,Oui,10100.0
AIDENT,2A,Corse-du-Sud,corsedusud,Ensemble,48800.0
AIDENT,2B,Haute-Corse,hautecorse,Non,42500.0
AIDENT,2B,Haute-Corse,hautecorse,Oui,11200.0
AIDENT,2B,Haute-Corse,hautecorse,Ensemble,53700.0
AIDENT,30,Gard,gard,Non,184500.0
AIDENT,30,Gard,gard,Oui,39500.0
AIDENT,30,Gard,gard,Ensemble,224000.0
AIDENT,31,Haute-Garonne,hautegaronne,Non,250800.0
AIDENT,31,Haute-Garonne,hautegaronne,Oui,52900.0
AIDENT,31,Haute-Garonne,hautegaronne,Ensemble,303700.0
AIDENT,32,Gers,gers,Non,55500.0
AIDENT,32,Gers,gers,Oui,10600.0
AIDENT,32,Gers,gers,Ensemble,66100.0
AIDENT,33,Gironde,gironde,Non,328400.0
AIDENT,33,Gironde,gironde,Oui,77300.0
AIDENT,33,Gironde,gironde,Ensemble,405600.0
AIDENT,34,Hérault,herault,Non,270000.0
AIDENT,34,Hérault,herault,Oui,54300.0
AIDENT,34,Hérault,herault,Ensemble,324300.0
AIDENT,35,Ille-et-Vilaine,illeetvilaine,Non,219500.0
AIDENT,35,Ille-et-Vilaine,illeetvilaine,Oui,31000.0
AIDENT,35,Ille-et-Vilaine,illeetvilaine,Ensemble,250500.0
AIDENT,36,Indre,indre,Non,63200.0
AIDENT,36,Indre,indre,Oui,12400.0
AIDENT,36,Indre,indre,Ensemble,75600.0
AIDENT,37,Indre-et-Loire,indreetloire,Non,141500.0
AIDENT,37,Indre-et-Loire,indreetloire,Oui,25800.0
AIDENT,37,Indre-et-Loire,indreetloire,Ensemble,167300.0
AIDENT,38,Isère,isere,Non,253400.0
AIDENT,38,Isère,isere,Oui,53200.0
AIDENT,38,Isère,isere,Ensemble,306600.0
AIDENT,39,Jura,jura,Non,66900.0
AIDENT,39,Jura,jura,Oui,11000.0
AIDENT,39,Jura,jura,Ensemble,77800.0
AIDENT,40,Landes,landes,Non,110300.0
AIDENT,40,Landes,landes,Oui,23800.0
AIDENT,40,Landes,landes,Ensemble,134100.0
AIDENT,41,Loir-et-Cher,loiretcher,Non,87300.0
AIDENT,41,Loir-et-Cher,loiretcher,Oui,14700.0
AIDENT,41,Loir-et-Cher,loiretcher,Ensemble,101900.0
AIDENT,42,Loire,loire,Non,176600.0
AIDENT,42,Loire,loire,Oui,33100.0
AIDENT,42,Loire,loire,Ensemble,209800.0
AIDENT,43,Haute-Loire,hauteloire,Non,55000.0
AIDENT,43,Haute-Loire,hauteloire,Oui,14200.0
AIDENT,43,Haute-Loire,hauteloire,Ensemble,69300.0
AIDENT,44,Loire-Atlantique,loireatlantique,Non,286400.0
AIDENT,44,Loire-Atlantique,loireatlantique,Oui,49600.0
AIDENT,44,Loire-Atlantique,loireatlantique,Ensemble,335900.0
AIDENT,45,Loiret,loiret,Non,149000.0
AIDENT,45,Loiret,loiret,Oui,25600.0
AIDENT,45,Loiret,loiret,Ensemble,174600.0
AIDENT,46,Lot,lot,Non,54200.0
AIDENT,46,Lot,lot,Oui,11000.0
AIDENT,46,Lot,lot,Ensemble,65200.0
AIDENT,47,Lot-et-Garonne,lotetgaronne,Non,89600.0
AIDENT,47,Lot-et-Garonne,lotetgaronne,Oui,18400.0
AIDENT,47,Lot-et-Garonne,lotetgaronne,Ensemble,108100.0
AIDENT,48,Lozère,lozere,Non,19600.0
AIDENT,48,Lozère,lozere,Oui,4000.0
AIDENT,48,Lozère,lozere,Ensemble,23600.0
AIDENT,49,Maine-et-Loire,maineetloire,Non,181900.0
AIDENT,49,Maine-et-Loire,maineetloire,Oui,29700.0
AIDENT,49,Maine-et-Loire,maineetloire,Ensemble,211600.0
AIDENT,50,Manche,manche,Non,132100.0
AIDENT,50,Manche,manche,Oui,24600.0
AIDENT,50,Manche,manche,Ensemble,156700.0
AIDENT,51,Marne,marne,Non,116100.0
AIDENT,51,Marne,marne,Oui,26000.0
AIDENT,51,Marne,marne,Ensemble,142100.0
AIDENT,52,Haute-Marne,hautemarne,Non,45200.0
AIDENT,52,Haute-Marne,hautemarne,Oui,8600.0
AIDENT,52,Haute-Marne,hautemarne,Ensemble,53800.0
AIDENT,53,Mayenne,mayenne,Non,71800.0
AIDENT,53,Mayenne,mayenne,Oui,13000.0
AIDENT,53,Mayenne,mayenne,Ensemble,84800.0
AIDENT,54,Meurthe-et-Moselle,meurtheetmoselle,Non,154300.0
AIDENT,54,Meurthe-et-Moselle,meurtheetmoselle,Oui,29300.0
AIDENT,54,Meurthe-et-Moselle,meurtheetmoselle,Ensemble,183600.0
AIDENT,55,Meuse,meuse,Non,43700.0
AIDENT,55,Meuse,meuse,Oui,10100.0
AIDENT,55,Meuse,meuse,Ensemble,53800.0
AIDENT,56,Morbihan,morbihan,Non,206300.0
AIDENT,56,Morbihan,morbihan,Oui,35400.0
AIDENT,56,Morbihan,morbihan,Ensemble,241700.0
AIDENT,57,Moselle,moselle,Non,220400.0
AIDENT,57,Moselle,moselle,Oui,54700.0
AIDENT,57,Moselle,moselle,Ensemble,275100.0
AIDENT,58,Nièvre,nievre,Non,62300.0
AIDENT,58,Nièvre,nievre,Oui,10400.0
AIDENT,58,Nièvre,nievre,Ensemble,72700.0
AIDENT,59,Nord,nord,Non,455300.0
AIDENT,59,Nord,nord,Oui,132500.0
AIDENT,59,Nord,nord,Ensemble,587800.0
AIDENT,60,Oise,oise,Non,161100.0
AIDENT,60,Oise,oise,Oui,28500.0
AIDENT,60,Oise,oise,Ensemble,189600.0
AIDENT,61,Orne,orne,Non,77500.0
AIDENT,61,Orne,orne,Oui,12300.0
AIDENT,61,Orne,orne,Ensemble,89800.0
AIDENT,62,Pas-de-Calais,pasdecalais,Non,284300.0
AIDENT,62,Pas-de-Calais,pasdecalais,Oui,84200.0
AIDENT,62,Pas-de-Calais,pasdecalais,Ensemble,368500.0
AIDENT,63,Puy-de-Dôme,puydedome,Non,149700.0
AIDENT,63,Puy-de-Dôme,puydedome,Oui,32500.0
AIDENT,63,Puy-de-Dôme,puydedome,Ensemble,182100.0
AIDENT,64,Pyrénées-Atlantiques,pyreneesatlantiques,Non,175400.0
AIDENT,64,Pyrénées-Atlantiques,pyreneesatlantiques,Oui,32700.0
AIDENT,64,Pyrénées-Atlantiques,pyreneesatlantiques,Ensemble,208000.0
AIDENT,65,Hautes-Pyrénées,hautespyrenees,Non,64100.0
AIDENT,65,Hautes-Pyrénées,hautespyrenees,Oui,12600.0
AIDENT,65,Hautes-Pyrénées,hautespyrenees,Ensemble,76700.0
AIDENT,66,Pyrénées-Orientales,pyreneesorientales,Non,126600.0
AIDENT,66,Pyrénées-Orientales,pyreneesorientales,Oui,30100.0
AIDENT,66,Pyrénées-Orientales,pyreneesorientales,Ensemble,156700.0
AIDENT,67,Bas-Rhin,basrhin,Non,230000.0
AIDENT,67,Bas-Rhin,basrhin,Oui,51800.0
AIDENT,67,Bas-Rhin,basrhin,Ensemble,281800.0
AIDENT,68,Haut-Rhin,hautrhin,Non,167200.0
AIDENT,68,Haut-Rhin,hautrhin,Oui,33300.0
AIDENT,68,Haut-Rhin,hautrhin,Ensemble,200500.0
AIDENT,69,Rhône,rhone,Non,336600.0
AIDENT,69,Rhône,rhone,Oui,64300.0
AIDENT,69,Rhône,rhone,Ensemble,400900.0
AIDENT,70,Haute-Saône,hautesaone,Non,57000.0
AIDENT,70,Haute-Saône,hautesaone,Oui,13400.0
AIDENT,70,Haute-Saône,hautesaone,Ensemble,70500.0
AIDENT,71,Saône-et-Loire,saoneetloire,Non,148300.0
AIDENT,71,Saône-et-Loire,saoneetloire,Oui,28700.0
AIDENT,71,Saône-et-Loire,saoneetloire,Ensemble,177000.0
AIDENT,72,Sarthe,sarthe,Non,134500.0
AIDENT,72,Sarthe,sarthe,Oui,24600.0
AIDENT,72,Sarthe,sarthe,Ensemble,159100.0
AIDENT,73,Savoie,savoie,Non,97200.0
AIDENT,73,Savoie,savoie,Oui,20300.0
AIDENT,73,Savoie,savoie,Ensemble,117400.0
AIDENT,74,Haute-Savoie,hautesavoie,Non,156900.0
AIDENT,74,Haute-Savoie,hautesavoie,Oui,27200.0
AIDENT,74,Haute-Savoie,hautesavoie,Ensemble,184100.0
AIDENT,75,Paris,paris,Non,403200.0
AIDENT,75,Paris,paris,Oui,69300.0
AIDENT,75,Paris,paris,Ensemble,472500.0
AIDENT,76,Seine-Maritime,seinemaritime,Non,272400.0
AIDENT,76,Seine-Maritime,seinemaritime,Oui,52200.0
AIDENT,76,Seine-Maritime,seinemaritime,Ensemble,324600.0
AIDENT,77,Seine-et-Marne,seineetmarne,Non,245800.0
AIDENT,77,Seine-et-Marne,seineetmarne,Oui,40000.0
AIDENT,77,Seine-et-Marne,seineetmarne,Ensemble,285800.0
AIDENT,78,Yvelines,yvelines,Non,268900.0
AIDENT,78,Yvelines,yvelines,Oui,45000.0
AIDENT,78,Yvelines,yvelines,Ensemble,313800.0
AIDENT,79,Deux-Sèvres,deuxsevres,Non,96400.0
AIDENT,79,Deux-Sèvres,deuxsevres,Oui,14200.0
AIDENT,79,Deux-Sèvres,deuxsevres,Ensemble,110600.0
AIDENT,80,Somme,somme,Non,119300.0
AIDENT,80,Somme,somme,Oui,27800.0
AIDENT,80,Somme,somme,Ensemble,147100.0
AIDENT,81,Tarn,tarn,Non,95800.0
AIDENT,81,Tarn,tarn,Oui,25600.0
AIDENT,81,Tarn,tarn,Ensemble,121400.0
AIDENT,82,Tarn-et-Garonne,tarnetgaronne,Non,62600.0
AIDENT,82,Tarn-et-Garonne,tarnetgaronne,Oui,10800.0
AIDENT,82,Tarn-et-Garonne,tarnetgaronne,Ensemble,73400.0
AIDENT,83,Var,var,Non,293000.0
AIDENT,83,Var,var,Oui,58600.0
AIDENT,83,Var,var,Ensemble,351600.0
AIDENT,84,Vaucluse,vaucluse,Non,133200.0
AIDENT,84,Vaucluse,vaucluse,Oui,26700.0
AIDENT,84,Vaucluse,vaucluse,Ensemble,159900.0
AIDENT,85,Vendée,vendee,Non,183200.0
AIDENT,85,Vendée,vendee,Oui,29800.0
AIDENT,85,Vendée,vendee,Ensemble,213000.0
AIDENT,86,Vienne,vienne,Non,103100.0
AIDENT,86,Vienne,vienne,Oui,18900.0
AIDENT,86,Vienne,vienne,Ensemble,122000.0
AIDENT,87,Haute-Vienne,hautevienne,Non,92500.0
AIDENT,87,Haute-Vienne,hautevienne,Oui,23000.0
AIDENT,87,Haute-Vienne,hautevienne,Ensemble,115500.0
AIDENT,88,Vosges,vosges,Non,92900.0
AIDENT,88,Vosges,vosges,Oui,18800.0
AIDENT,88,Vosges,vosges,Ensemble,111600.0
AIDENT,89,Yonne,yonne,Non,85000.0
AIDENT,89,Yonne,yonne,Oui,17000.0
AIDENT,89,Yonne,yonne,Ensemble,102000.0
AIDENT,90,Territoire de Belfort,territoiredebelfort,Non,29400.0
AIDENT,90,Territoire de Belfort,territoiredebelfort,Oui,7200.0
AIDENT,90,Territoire de Belfort,territoiredebelfort,Ensemble,36600.0
AIDENT,91,Essonne,essonne,Non,216700.0
AIDENT,91,Essonne,essonne,Oui,43800.0
AIDENT,91,Essonne,essonne,Ensemble,260500.0
AIDENT,92,Hauts-de-Seine,hautsdeseine,Non,279300.0
AIDENT,92,Hauts-de-Seine,hautsdeseine,Oui,40800.0
AIDENT,92,Hauts-de-Seine,hautsdeseine,Ensemble,320200.0
AIDENT,93,Seine-Saint-Denis,seinesaintdenis,Non,205600.0
AIDENT,93,Seine-Saint-Denis,seinesaintdenis,Oui,61600.0
AIDENT,93,Seine-Saint-Denis,seinesaintdenis,Ensemble,267200.0
AIDENT,94,Val-de-Marne,valdemarne,Non,231900.0
AIDENT,94,Val-de-Marne,valdemarne,Oui,45800.0
AIDENT,94,Val-de-Marne,valdemarne,Ensemble,277700.0
AIDENT,95,Val-d'Oise,valdoise,Non,192700.0
AIDENT,95,Val-d'Oise,valdoise,Oui,41100.0
AIDENT,95,Val-d'Oise,valdoise,Ensemble,233800.0
AIDENT,971,Guadeloupe,guadeloupe,Non,82200.0
AIDENT,971,Guadeloupe,guadeloupe,Oui,24000.0
AIDENT,971,Guadeloupe,guadeloupe,Ensemble,106200.0
AIDENT,972,Martinique,martinique,Non,82800.0
AIDENT,972,Martinique,martinique,Oui,26600.0
AIDENT,972,Martinique,martinique,Ensemble,109300.0
AIDENT,973,Guyane,guyane,Non,22700.0
AIDENT,973,Guyane,guyane,Oui,5800.0
AIDENT,973,Guyane,guyane,Ensemble,28500.0
AIDENT,974,La Réunion,lareunion,Non,121300.0
AIDENT,974,La Réunion,lareunion,Oui,41400.0
AIDENT,974,La Réunion,lareunion,Ensemble,162600.0
AIDENT,976,Mayotte,mayotte,Non,10100.0
AIDENT,976,Mayotte,mayotte,Oui,3000.0
AIDENT,976,Mayotte,mayotte,Ensemble,13100.0
"AIDENT,None,""Lecture > Dans l'Ain, 16 500 personnes de 25 à 59 ans déclarent recevoir de l'aide de leur entourage en raison d'un problème de santé, d'un handicap ou de leur avancée en âge. "
Champ > Personnes de 5 ans ou plus vivant en logement ordinaire en France.
"Sources > Enquête Vie Quotidienne et Santé 2021, DREES."",lecturedanslain16500personnesde25a59ansdeclarentrecevoirdelaidedeleurentourageenraisondunproblemedesantedunhandicapoudeleuravanceeenagechamppersonnesde5ansouplusvivantenlogementordinaireenfrancesourcesenqueteviequotidienneetsante2021drees,,"
AIDEH,01,Ain,ain,Non,129900.0
AIDEH,01,Ain,ain,Oui,24100.0
AIDEH,01,Ain,ain,Ensemble,154000.0
AIDEH,02,Aisne,aisne,Non,110800.0
AIDEH,02,Aisne,aisne,Oui,31500.0
AIDEH,02,Aisne,aisne,Ensemble,142400.0
AIDEH,03,Allier,allier,Non,91800.0
AIDEH,03,Allier,allier,Oui,21600.0
AIDEH,03,Allier,allier,Ensemble,113400.0
AIDEH,04,Alpes-de-Haute-Provence,alpesdehauteprovence,Non,42100.0
AIDEH,04,Alpes-de-Haute-Provence,alpesdehauteprovence,Oui,13200.0
AIDEH,04,Alpes-de-Haute-Provence,alpesdehauteprovence,Ensemble,55300.0
AIDEH,05,Hautes-Alpes,hautesalpes,Non,35800.0
AIDEH,05,Hautes-Alpes,hautesalpes,Oui,8600.0
AIDEH,05,Hautes-Alpes,hautesalpes,Ensemble,44400.0
AIDEH,06,Alpes-Maritimes,alpesmaritimes,Non,258000.0
AIDEH,06,Alpes-Maritimes,alpesmaritimes,Oui,68600.0
AIDEH,06,Alpes-Maritimes,alpesmaritimes,Ensemble,326500.0
AIDEH,07,Ardèche,ardeche,Non,80600.0
AIDEH,07,Ardèche,ardeche,Oui,21300.0
AIDEH,07,Ardèche,ardeche,Ensemble,101800.0
AIDEH,08,Ardennes,ardennes,Non,58600.0
AIDEH,08,Ardennes,ardennes,Oui,17900.0
AIDEH,08,Ardennes,ardennes,Ensemble,76500.0
AIDEH,09,Ariège,ariege,Non,37900.0
AIDEH,09,Ariège,ariege,Oui,13000.0
AIDEH,09,Ariège,ariege,Ensemble,50900.0
AIDEH,10,Aube,aube,Non,66300.0
AIDEH,10,Aube,aube,Oui,17900.0
AIDEH,10,Aube,aube,Ensemble,84200.0
AIDEH,11,Aude,aude,Non,96200.0
AIDEH,11,Aude,aude,Oui,27600.0
AIDEH,11,Aude,aude,Ensemble,123700.0
AIDEH,12,Aveyron,aveyron,Non,75300.0
AIDEH,12,Aveyron,aveyron,Oui,17500.0
AIDEH,12,Aveyron,aveyron,Ensemble,92800.0
AIDEH,13,Bouches-du-Rhône,bouchesdurhone,Non,406100.0
AIDEH,13,Bouches-du-Rhône,bouchesdurhone,Oui,123300.0
AIDEH,13,Bouches-du-Rhône,bouchesdurhone,Ensemble,529400.0
AIDEH,14,Calvados,calvados,Non,160400.0
AIDEH,14,Calvados,calvados,Oui,34200.0
AIDEH,14,Calvados,calvados,Ensemble,194600.0
AIDEH,15,Cantal,cantal,Non,38600.0
AIDEH,15,Cantal,cantal,Oui,10900.0
AIDEH,15,Cantal,cantal,Ensemble,49500.0
AIDEH,16,Charente,charente,Non,90300.0
AIDEH,16,Charente,charente,Oui,21000.0
AIDEH,16,Charente,charente,Ensemble,111300.0
AIDEH,17,Charente-Maritime,charentemaritime,Non,185400.0
AIDEH,17,Charente-Maritime,charentemaritime,Oui,42300.0
AIDEH,17,Charente-Maritime,charentemaritime,Ensemble,227600.0
AIDEH,18,Cher,cher,Non,78300.0
AIDEH,18,Cher,cher,Oui,17400.0
AIDEH,18,Cher,cher,Ensemble,95800.0
AIDEH,19,Corrèze,correze,Non,65900.0
AIDEH,19,Corrèze,correze,Oui,15600.0
AIDEH,19,Corrèze,correze,Ensemble,81500.0
AIDEH,21,Côte-d'Or,cotedor,Non,117700.0
AIDEH,21,Côte-d'Or,cotedor,Oui,24400.0
AIDEH,21,Côte-d'Or,cotedor,Ensemble,142100.0
AIDEH,22,Côtes d'Armor,cotesdarmor,Non,166000.0
AIDEH,22,Côtes d'Armor,cotesdarmor,Oui,30200.0
AIDEH,22,Côtes d'Armor,cotesdarmor,Ensemble,196200.0
AIDEH,23,Creuse,creuse,Non,33700.0
AIDEH,23,Creuse,creuse,Oui,10200.0
AIDEH,23,Creuse,creuse,Ensemble,43900.0
AIDEH,24,Dordogne,dordogne,Non,121600.0
AIDEH,24,Dordogne,dordogne,Oui,28300.0
AIDEH,24,Dordogne,dordogne,Ensemble,149900.0
AIDEH,25,Doubs,doubs,Non,109100.0
AIDEH,25,Doubs,doubs,Oui,27300.0
AIDEH,25,Doubs,doubs,Ensemble,136400.0
AIDEH,26,Drôme,drome,Non,120200.0
AIDEH,26,Drôme,drome,Oui,24500.0
AIDEH,26,Drôme,drome,Ensemble,144800.0
AIDEH,27,Eure,eure,Non,128700.0
AIDEH,27,Eure,eure,Oui,24500.0
AIDEH,27,Eure,eure,Ensemble,153200.0
AIDEH,28,Eure-et-Loire,eureetloire,Non,87400.0
AIDEH,28,Eure-et-Loire,eureetloire,Oui,27900.0
AIDEH,28,Eure-et-Loire,eureetloire,Ensemble,115200.0
AIDEH,29,Finistère,finistere,Non,226600.0
AIDEH,29,Finistère,finistere,Oui,52300.0
AIDEH,29,Finistère,finistere,Ensemble,278900.0
AIDEH,2A,Corse-du-Sud,corsedusud,Non,36000.0
AIDEH,2A,Corse-du-Sud,corsedusud,Oui,12800.0
AIDEH,2A,Corse-du-Sud,corsedusud,Ensemble,48800.0
AIDEH,2B,Haute-Corse,hautecorse,Non,40000.0
AIDEH,2B,Haute-Corse,hautecorse,Oui,13600.0
AIDEH,2B,Haute-Corse,hautecorse,Ensemble,53700.0
AIDEH,30,Gard,gard,Non,177100.0
AIDEH,30,Gard,gard,Oui,47000.0
AIDEH,30,Gard,gard,Ensemble,224000.0
AIDEH,31,Haute-Garonne,hautegaronne,Non,236400.0
AIDEH,31,Haute-Garonne,hautegaronne,Oui,67200.0
AIDEH,31,Haute-Garonne,hautegaronne,Ensemble,303700.0
AIDEH,32,Gers,gers,Non,54200.0
AIDEH,32,Gers,gers,Oui,11900.0
AIDEH,32,Gers,gers,Ensemble,66100.0
AIDEH,33,Gironde,gironde,Non,315300.0
AIDEH,33,Gironde,gironde,Oui,90400.0
AIDEH,33,Gironde,gironde,Ensemble,405600.0
AIDEH,34,Hérault,herault,Non,260000.0
AIDEH,34,Hérault,herault,Oui,64400.0
AIDEH,34,Hérault,herault,Ensemble,324300.0
AIDEH,35,Ille-et-Vilaine,illeetvilaine,Non,208400.0
AIDEH,35,Ille-et-Vilaine,illeetvilaine,Oui,42000.0
AIDEH,35,Ille-et-Vilaine,illeetvilaine,Ensemble,250500.0
AIDEH,36,Indre,indre,Non,61700.0
AIDEH,36,Indre,indre,Oui,13900.0
AIDEH,36,Indre,indre,Ensemble,75600.0
AIDEH,37,Indre-et-Loire,indreetloire,Non,136600.0
AIDEH,37,Indre-et-Loire,indreetloire,Oui,30700.0
AIDEH,37,Indre-et-Loire,indreetloire,Ensemble,167300.0
AIDEH,38,Isère,isere,Non,248000.0
AIDEH,38,Isère,isere,Oui,58600.0
AIDEH,38,Isère,isere,Ensemble,306600.0
AIDEH,39,Jura,jura,Non,65600.0
AIDEH,39,Jura,jura,Oui,12300.0
AIDEH,39,Jura,jura,Ensemble,77800.0
AIDEH,40,Landes,landes,Non,105000.0
AIDEH,40,Landes,landes,Oui,29100.0
AIDEH,40,Landes,landes,Ensemble,134100.0
AIDEH,41,Loir-et-Cher,loiretcher,Non,83800.0
AIDEH,41,Loir-et-Cher,loiretcher,Oui,18100.0
AIDEH,41,Loir-et-Cher,loiretcher,Ensemble,101900.0
AIDEH,42,Loire,loire,Non,169400.0
AIDEH,42,Loire,loire,Oui,40300.0
AIDEH,42,Loire,loire,Ensemble,209800.0
AIDEH,43,Haute-Loire,hauteloire,Non,51600.0
AIDEH,43,Haute-Loire,hauteloire,Oui,17700.0
AIDEH,43,Haute-Loire,hauteloire,Ensemble,69300.0
AIDEH,44,Loire-Atlantique,loireatlantique,Non,278200.0
AIDEH,44,Loire-Atlantique,loireatlantique,Oui,57700.0
AIDEH,44,Loire-Atlantique,loireatlantique,Ensemble,335900.0
AIDEH,45,Loiret,loiret,Non,143400.0
AIDEH,45,Loiret,loiret,Oui,31200.0
AIDEH,45,Loiret,loiret,Ensemble,174600.0
AIDEH,46,Lot,lot,Non,51400.0
AIDEH,46,Lot,lot,Oui,13700.0
AIDEH,46,Lot,lot,Ensemble,65200.0
AIDEH,47,Lot-et-Garonne,lotetgaronne,Non,85000.0
AIDEH,47,Lot-et-Garonne,lotetgaronne,Oui,23100.0
AIDEH,47,Lot-et-Garonne,lotetgaronne,Ensemble,108100.0
AIDEH,48,Lozère,lozere,Non,18900.0
AIDEH,48,Lozère,lozere,Oui,4700.0
AIDEH,48,Lozère,lozere,Ensemble,23600.0
AIDEH,49,Maine-et-Loire,maineetloire,Non,174200.0
AIDEH,49,Maine-et-Loire,maineetloire,Oui,37400.0
AIDEH,49,Maine-et-Loire,maineetloire,Ensemble,211600.0
AIDEH,50,Manche,manche,Non,125400.0
AIDEH,50,Manche,manche,Oui,31300.0
AIDEH,50,Manche,manche,Ensemble,156700.0
AIDEH,51,Marne,marne,Non,112900.0
AIDEH,51,Marne,marne,Oui,29200.0
AIDEH,51,Marne,marne,Ensemble,142100.0
AIDEH,52,Haute-Marne,hautemarne,Non,43400.0
AIDEH,52,Haute-Marne,hautemarne,Oui,10400.0
AIDEH,52,Haute-Marne,hautemarne,Ensemble,53800.0
AIDEH,53,Mayenne,mayenne,Non,68900.0
AIDEH,53,Mayenne,mayenne,Oui,15900.0
AIDEH,53,Mayenne,mayenne,Ensemble,84800.0
AIDEH,54,Meurthe-et-Moselle,meurtheetmoselle,Non,149300.0
AIDEH,54,Meurthe-et-Moselle,meurtheetmoselle,Oui,34400.0
AIDEH,54,Meurthe-et-Moselle,meurtheetmoselle,Ensemble,183600.0
AIDEH,55,Meuse,meuse,Non,41900.0
AIDEH,55,Meuse,meuse,Oui,12000.0
AIDEH,55,Meuse,meuse,Ensemble,53800.0
AIDEH,56,Morbihan,morbihan,Non,198300.0
AIDEH,56,Morbihan,morbihan,Oui,43400.0
AIDEH,56,Morbihan,morbihan,Ensemble,241700.0
AIDEH,57,Moselle,moselle,Non,210900.0
AIDEH,57,Moselle,moselle,Oui,64200.0
AIDEH,57,Moselle,moselle,Ensemble,275100.0
AIDEH,58,Nièvre,nievre,Non,59300.0
AIDEH,58,Nièvre,nievre,Oui,13400.0
AIDEH,58,Nièvre,nievre,Ensemble,72700.0
AIDEH,59,Nord,nord,Non,434400.0
AIDEH,59,Nord,nord,Oui,153500.0
AIDEH,59,Nord,nord,Ensemble,587800.0
AIDEH,60,Oise,oise,Non,156500.0
AIDEH,60,Oise,oise,Oui,33100.0
AIDEH,60,Oise,oise,Ensemble,189600.0
AIDEH,61,Orne,orne,Non,73500.0
AIDEH,61,Orne,orne,Oui,16300.0
AIDEH,61,Orne,orne,Ensemble,89800.0
AIDEH,62,Pas-de-Calais,pasdecalais,Non,275400.0
AIDEH,62,Pas-de-Calais,pasdecalais,Oui,93100.0
AIDEH,62,Pas-de-Calais,pasdecalais,Ensemble,368500.0
AIDEH,63,Puy-de-Dôme,puydedome,Non,141200.0
AIDEH,63,Puy-de-Dôme,puydedome,Oui,40900.0
AIDEH,63,Puy-de-Dôme,puydedome,Ensemble,182100.0
AIDEH,64,Pyrénées-Atlantiques,pyreneesatlantiques,Non,166000.0
AIDEH,64,Pyrénées-Atlantiques,pyreneesatlantiques,Oui,42000.0
AIDEH,64,Pyrénées-Atlantiques,pyreneesatlantiques,Ensemble,208000.0
AIDEH,65,Hautes-Pyrénées,hautespyrenees,Non,60000.0
AIDEH,65,Hautes-Pyrénées,hautespyrenees,Oui,16700.0
AIDEH,65,Hautes-Pyrénées,hautespyrenees,Ensemble,76700.0
AIDEH,66,Pyrénées-Orientales,pyreneesorientales,Non,120800.0
AIDEH,66,Pyrénées-Orientales,pyreneesorientales,Oui,35800.0
AIDEH,66,Pyrénées-Orientales,pyreneesorientales,Ensemble,156700.0
AIDEH,67,Bas-Rhin,basrhin,Non,224100.0
AIDEH,67,Bas-Rhin,basrhin,Oui,57700.0
AIDEH,67,Bas-Rhin,basrhin,Ensemble,281800.0
AIDEH,68,Haut-Rhin,hautrhin,Non,161900.0
AIDEH,68,Haut-Rhin,hautrhin,Oui,38600.0
AIDEH,68,Haut-Rhin,hautrhin,Ensemble,200500.0
AIDEH,69,Rhône,rhone,Non,323900.0
AIDEH,69,Rhône,rhone,Oui,77000.0
AIDEH,69,Rhône,rhone,Ensemble,400900.0
AIDEH,70,Haute-Saône,hautesaone,Non,56100.0
AIDEH,70,Haute-Saône,hautesaone,Oui,14400.0
AIDEH,70,Haute-Saône,hautesaone,Ensemble,70500.0
AIDEH,71,Saône-et-Loire,saoneetloire,Non,140800.0
AIDEH,71,Saône-et-Loire,saoneetloire,Oui,36200.0
AIDEH,71,Saône-et-Loire,saoneetloire,Ensemble,177000.0
AIDEH,72,Sarthe,sarthe,Non,128200.0
AIDEH,72,Sarthe,sarthe,Oui,30800.0
AIDEH,72,Sarthe,sarthe,Ensemble,159100.0
AIDEH,73,Savoie,savoie,Non,93100.0
AIDEH,73,Savoie,savoie,Oui,24300.0
AIDEH,73,Savoie,savoie,Ensemble,117400.0
AIDEH,74,Haute-Savoie,hautesavoie,Non,151100.0
AIDEH,74,Haute-Savoie,hautesavoie,Oui,32900.0
AIDEH,74,Haute-Savoie,hautesavoie,Ensemble,184100.0
AIDEH,75,Paris,paris,Non,388300.0
AIDEH,75,Paris,paris,Oui,84300.0
AIDEH,75,Paris,paris,Ensemble,472500.0
AIDEH,76,Seine-Maritime,seinemaritime,Non,262500.0
AIDEH,76,Seine-Maritime,seinemaritime,Oui,62100.0
AIDEH,76,Seine-Maritime,seinemaritime,Ensemble,324600.0
AIDEH,77,Seine-et-Marne,seineetmarne,Non,243000.0
AIDEH,77,Seine-et-Marne,seineetmarne,Oui,42800.0
AIDEH,77,Seine-et-Marne,seineetmarne,Ensemble,285800.0
AIDEH,78,Yvelines,yvelines,Non,265000.0
AIDEH,78,Yvelines,yvelines,Oui,48800.0
AIDEH,78,Yvelines,yvelines,Ensemble,313800.0
AIDEH,79,Deux-Sèvres,deuxsevres,Non,92500.0
AIDEH,79,Deux-Sèvres,deuxsevres,Oui,18100.0
AIDEH,79,Deux-Sèvres,deuxsevres,Ensemble,110600.0
AIDEH,80,Somme,somme,Non,114800.0
AIDEH,80,Somme,somme,Oui,32300.0
AIDEH,80,Somme,somme,Ensemble,147100.0
AIDEH,81,Tarn,tarn,Non,92900.0
AIDEH,81,Tarn,tarn,Oui,28500.0
AIDEH,81,Tarn,tarn,Ensemble,121400.0
AIDEH,82,Tarn-et-Garonne,tarnetgaronne,Non,60000.0
AIDEH,82,Tarn-et-Garonne,tarnetgaronne,Oui,13400.0
AIDEH,82,Tarn-et-Garonne,tarnetgaronne,Ensemble,73400.0
AIDEH,83,Var,var,Non,280200.0
AIDEH,83,Var,var,Oui,71400.0
AIDEH,83,Var,var,Ensemble,351600.0
AIDEH,84,Vaucluse,vaucluse,Non,126200.0
AIDEH,84,Vaucluse,vaucluse,Oui,33700.0
AIDEH,84,Vaucluse,vaucluse,Ensemble,159900.0
AIDEH,85,Vendée,vendee,Non,176000.0
AIDEH,85,Vendée,vendee,Oui,37000.0
AIDEH,85,Vendée,vendee,Ensemble,213000.0
AIDEH,86,Vienne,vienne,Non,99000.0
AIDEH,86,Vienne,vienne,Oui,23000.0
AIDEH,86,Vienne,vienne,Ensemble,122000.0
AIDEH,87,Haute-Vienne,hautevienne,Non,89800.0
AIDEH,87,Haute-Vienne,hautevienne,Oui,25600.0
AIDEH,87,Haute-Vienne,hautevienne,Ensemble,115500.0
AIDEH,88,Vosges,vosges,Non,91400.0
AIDEH,88,Vosges,vosges,Oui,20200.0
AIDEH,88,Vosges,vosges,Ensemble,111600.0
AIDEH,89,Yonne,yonne,Non,81400.0
AIDEH,89,Yonne,yonne,Oui,20600.0
AIDEH,89,Yonne,yonne,Ensemble,102000.0
AIDEH,90,Territoire de Belfort,territoiredebelfort,Non,27700.0
AIDEH,90,Territoire de Belfort,territoiredebelfort,Oui,8900.0
AIDEH,90,Territoire de Belfort,territoiredebelfort,Ensemble,36600.0
AIDEH,91,Essonne,essonne,Non,209100.0
AIDEH,91,Essonne,essonne,Oui,51400.0
AIDEH,91,Essonne,essonne,Ensemble,260500.0
AIDEH,92,Hauts-de-Seine,hautsdeseine,Non,268200.0
AIDEH,92,Hauts-de-Seine,hautsdeseine,Oui,51900.0
AIDEH,92,Hauts-de-Seine,hautsdeseine,Ensemble,320200.0
AIDEH,93,Seine-Saint-Denis,seinesaintdenis,Non,198400.0
AIDEH,93,Seine-Saint-Denis,seinesaintdenis,Oui,68800.0
AIDEH,93,Seine-Saint-Denis,seinesaintdenis,Ensemble,267200.0
AIDEH,94,Val-de-Marne,valdemarne,Non,224400.0
AIDEH,94,Val-de-Marne,valdemarne,Oui,53400.0
AIDEH,94,Val-de-Marne,valdemarne,Ensemble,277700.0
AIDEH,95,Val-d'Oise,valdoise,Non,188600.0
AIDEH,95,Val-d'Oise,valdoise,Oui,45200.0
AIDEH,95,Val-d'Oise,valdoise,Ensemble,233800.0
AIDEH,971,Guadeloupe,guadeloupe,Non,78000.0
AIDEH,971,Guadeloupe,guadeloupe,Oui,28200.0
AIDEH,971,Guadeloupe,guadeloupe,Ensemble,106200.0
AIDEH,972,Martinique,martinique,Non,78900.0
AIDEH,972,Martinique,martinique,Oui,30400.0
AIDEH,972,Martinique,martinique,Ensemble,109300.0
AIDEH,973,Guyane,guyane,Non,21400.0
AIDEH,973,Guyane,guyane,Oui,7100.0
AIDEH,973,Guyane,guyane,Ensemble,28500.0
AIDEH,974,La Réunion,lareunion,Non,115100.0
AIDEH,974,La Réunion,lareunion,Oui,47600.0
AIDEH,974,La Réunion,lareunion,Ensemble,162600.0
AIDEH,976,Mayotte,mayotte,Non,9300.0
AIDEH,976,Mayotte,mayotte,Oui,3800.0
AIDEH,976,Mayotte,mayotte,Ensemble,13100.0
"AIDEH,None,""Lecture > Dans l'Ain, 16 500 personnes de 25 à 59 ans déclarent recevoir de l'aide de professionnels ou de leur entourage en raison d'un problème de santé, d'un handicap ou de leur avancée en âge."
Champ > Personnes de 5 ans ou plus vivant en logement ordinaire en France.
"Sources > Enquête Vie Quotidienne et Santé 2021, DREES."",lecturedanslain16500personnesde25a59ansdeclarentrecevoirdelaidedeprofessionnelsoudeleurentourageenraisondunproblemedesantedunhandicapoudeleuravanceeenagechamppersonnesde5ansouplusvivantenlogementordinaireenfrancesourcesenqueteviequotidienneetsante2021drees,,"
AIDTECH,01,Ain,ain,Non,130000.0
AIDTECH,01,Ain,ain,Oui,23900.0
AIDTECH,01,Ain,ain,Ensemble,154000.0
AIDTECH,02,Aisne,aisne,Non,120500.0
AIDTECH,02,Aisne,aisne,Oui,21900.0
AIDTECH,02,Aisne,aisne,Ensemble,142400.0
AIDTECH,03,Allier,allier,Non,95200.0
AIDTECH,03,Allier,allier,Oui,18200.0
AIDTECH,03,Allier,allier,Ensemble,113400.0
AIDTECH,04,Alpes-de-Haute-Provence,alpesdehauteprovence,Non,47300.0
AIDTECH,04,Alpes-de-Haute-Provence,alpesdehauteprovence,Oui,8100.0
AIDTECH,04,Alpes-de-Haute-Provence,alpesdehauteprovence,Ensemble,55300.0
AIDTECH,05,Hautes-Alpes,hautesalpes,Non,38100.0
AIDTECH,05,Hautes-Alpes,hautesalpes,Oui,6300.0
AIDTECH,05,Hautes-Alpes,hautesalpes,Ensemble,44400.0
AIDTECH,06,Alpes-Maritimes,alpesmaritimes,Non,276000.0
AIDTECH,06,Alpes-Maritimes,alpesmaritimes,Oui,50500.0
AIDTECH,06,Alpes-Maritimes,alpesmaritimes,Ensemble,326500.0
AIDTECH,07,Ardèche,ardeche,Non,86900.0
AIDTECH,07,Ardèche,ardeche,Oui,15000.0
AIDTECH,07,Ardèche,ardeche,Ensemble,101800.0
AIDTECH,08,Ardennes,ardennes,Non,62200.0
AIDTECH,08,Ardennes,ardennes,Oui,14300.0
AIDTECH,08,Ardennes,ardennes,Ensemble,76500.0
AIDTECH,09,Ariège,ariege,Non,40500.0
AIDTECH,09,Ariège,ariege,Oui,10300.0
AIDTECH,09,Ariège,ariege,Ensemble,50900.0
AIDTECH,10,Aube,aube,Non,70500.0
AIDTECH,10,Aube,aube,Oui,13700.0
AIDTECH,10,Aube,aube,Ensemble,84200.0
AIDTECH,11,Aude,aude,Non,104400.0
AIDTECH,11,Aude,aude,Oui,19400.0
AIDTECH,11,Aude,aude,Ensemble,123700.0
AIDTECH,12,Aveyron,aveyron,Non,79000.0
AIDTECH,12,Aveyron,aveyron,Oui,13800.0
AIDTECH,12,Aveyron,aveyron,Ensemble,92800.0
AIDTECH,13,Bouches-du-Rhône,bouchesdurhone,Non,440400.0
AIDTECH,13,Bouches-du-Rhône,bouchesdurhone,Oui,88900.0
AIDTECH,13,Bouches-du-Rhône,bouchesdurhone,Ensemble,529400.0
AIDTECH,14,Calvados,calvados,Non,166300.0
AIDTECH,14,Calvados,calvados,Oui,28300.0
AIDTECH,14,Calvados,calvados,Ensemble,194600.0
AIDTECH,15,Cantal,cantal,Non,41100.0
AIDTECH,15,Cantal,cantal,Oui,8400.0
AIDTECH,15,Cantal,cantal,Ensemble,49500.0
AIDTECH,16,Charente,charente,Non,96200.0
AIDTECH,16,Charente,charente,Oui,15100.0
AIDTECH,16,Charente,charente,Ensemble,111300.0
AIDTECH,17,Charente-Maritime,charentemaritime,Non,191500.0
AIDTECH,17,Charente-Maritime,charentemaritime,Oui,36100.0
AIDTECH,17,Charente-Maritime,charentemaritime,Ensemble,227600.0
AIDTECH,18,Cher,cher,Non,82300.0
AIDTECH,18,Cher,cher,Oui,13400.0
AIDTECH,18,Cher,cher,Ensemble,95800.0
AIDTECH,19,Corrèze,correze,Non,69000.0
AIDTECH,19,Corrèze,correze,Oui,12500.0
AIDTECH,19,Corrèze,correze,Ensemble,81500.0
AIDTECH,21,Côte-d'Or,cotedor,Non,120900.0
AIDTECH,21,Côte-d'Or,cotedor,Oui,21200.0
AIDTECH,21,Côte-d'Or,cotedor,Ensemble,142100.0
AIDTECH,22,Côtes d'Armor,cotesdarmor,Non,166800.0
AIDTECH,22,Côtes d'Armor,cotesdarmor,Oui,29400.0
AIDTECH,22,Côtes d'Armor,cotesdarmor,Ensemble,196200.0
AIDTECH,23,Creuse,creuse,Non,35400.0
AIDTECH,23,Creuse,creuse,Oui,8500.0
AIDTECH,23,Creuse,creuse,Ensemble,43900.0
AIDTECH,24,Dordogne,dordogne,Non,124800.0
AIDTECH,24,Dordogne,dordogne,Oui,25100.0
AIDTECH,24,Dordogne,dordogne,Ensemble,149900.0
AIDTECH,25,Doubs,doubs,Non,115500.0
AIDTECH,25,Doubs,doubs,Oui,20900.0
AIDTECH,25,Doubs,doubs,Ensemble,136400.0
AIDTECH,26,Drôme,drome,Non,124300.0
AIDTECH,26,Drôme,drome,Oui,20500.0
AIDTECH,26,Drôme,drome,Ensemble,144800.0
AIDTECH,27,Eure,eure,Non,132300.0
AIDTECH,27,Eure,eure,Oui,20900.0
AIDTECH,27,Eure,eure,Ensemble,153200.0
AIDTECH,28,Eure-et-Loire,eureetloire,Non,95800.0
AIDTECH,28,Eure-et-Loire,eureetloire,Oui,19400.0
AIDTECH,28,Eure-et-Loire,eureetloire,Ensemble,115200.0
AIDTECH,29,Finistère,finistere,Non,227900.0
AIDTECH,29,Finistère,finistere,Oui,51000.0
AIDTECH,29,Finistère,finistere,Ensemble,278900.0
AIDTECH,2A,Corse-du-Sud,corsedusud,Non,42700.0
AIDTECH,2A,Corse-du-Sud,corsedusud,Oui,6100.0
AIDTECH,2A,Corse-du-Sud,corsedusud,Ensemble,48800.0
AIDTECH,2B,Haute-Corse,hautecorse,Non,45300.0
AIDTECH,2B,Haute-Corse,hautecorse,Oui,8400.0
AIDTECH,2B,Haute-Corse,hautecorse,Ensemble,53700.0
AIDTECH,30,Gard,gard,Non,186800.0
AIDTECH,30,Gard,gard,Oui,37200.0
AIDTECH,30,Gard,gard,Ensemble,224000.0
AIDTECH,31,Haute-Garonne,hautegaronne,Non,250900.0
AIDTECH,31,Haute-Garonne,hautegaronne,Oui,52800.0
AIDTECH,31,Haute-Garonne,hautegaronne,Ensemble,303700.0
AIDTECH,32,Gers,gers,Non,56000.0
AIDTECH,32,Gers,gers,Oui,10000.0
AIDTECH,32,Gers,gers,Ensemble,66100.0
AIDTECH,33,Gironde,gironde,Non,335700.0
AIDTECH,33,Gironde,gironde,Oui,69900.0
AIDTECH,33,Gironde,gironde,Ensemble,405600.0
AIDTECH,34,Hérault,herault,Non,274100.0
AIDTECH,34,Hérault,herault,Oui,50200.0
AIDTECH,34,Hérault,herault,Ensemble,324300.0
AIDTECH,35,Ille-et-Vilaine,illeetvilaine,Non,208900.0
AIDTECH,35,Ille-et-Vilaine,illeetvilaine,Oui,41600.0
AIDTECH,35,Ille-et-Vilaine,illeetvilaine,Ensemble,250500.0
AIDTECH,36,Indre,indre,Non,63900.0
AIDTECH,36,Indre,indre,Oui,11700.0
AIDTECH,36,Indre,indre,Ensemble,75600.0
AIDTECH,37,Indre-et-Loire,indreetloire,Non,142700.0
AIDTECH,37,Indre-et-Loire,indreetloire,Oui,24600.0
AIDTECH,37,Indre-et-Loire,indreetloire,Ensemble,167300.0
AIDTECH,38,Isère,isere,Non,257400.0
AIDTECH,38,Isère,isere,Oui,49200.0
AIDTECH,38,Isère,isere,Ensemble,306600.0
AIDTECH,39,Jura,jura,Non,65900.0
AIDTECH,39,Jura,jura,Oui,12000.0
AIDTECH,39,Jura,jura,Ensemble,77800.0
AIDTECH,40,Landes,landes,Non,110300.0
AIDTECH,40,Landes,landes,Oui,23700.0
AIDTECH,40,Landes,landes,Ensemble,134100.0
AIDTECH,41,Loir-et-Cher,loiretcher,Non,87400.0
AIDTECH,41,Loir-et-Cher,loiretcher,Oui,14500.0
AIDTECH,41,Loir-et-Cher,loiretcher,Ensemble,101900.0
AIDTECH,42,Loire,loire,Non,178000.0
AIDTECH,42,Loire,loire,Oui,31800.0
AIDTECH,42,Loire,loire,Ensemble,209800.0
AIDTECH,43,Haute-Loire,hauteloire,Non,56800.0
AIDTECH,43,Haute-Loire,hauteloire,Oui,12400.0
AIDTECH,43,Haute-Loire,hauteloire,Ensemble,69300.0
AIDTECH,44,Loire-Atlantique,loireatlantique,Non,283600.0
AIDTECH,44,Loire-Atlantique,loireatlantique,Oui,52400.0
AIDTECH,44,Loire-Atlantique,loireatlantique,Ensemble,335900.0
AIDTECH,45,Loiret,loiret,Non,148400.0
AIDTECH,45,Loiret,loiret,Oui,26200.0
AIDTECH,45,Loiret,loiret,Ensemble,174600.0
AIDTECH,46,Lot,lot,Non,55600.0
AIDTECH,46,Lot,lot,Oui,9600.0
AIDTECH,46,Lot,lot,Ensemble,65200.0
AIDTECH,47,Lot-et-Garonne,lotetgaronne,Non,89600.0
AIDTECH,47,Lot-et-Garonne,lotetgaronne,Oui,18500.0
AIDTECH,47,Lot-et-Garonne,lotetgaronne,Ensemble,108100.0
AIDTECH,48,Lozère,lozere,Non,19900.0
AIDTECH,48,Lozère,lozere,Oui,3600.0
AIDTECH,48,Lozère,lozere,Ensemble,23600.0
AIDTECH,49,Maine-et-Loire,maineetloire,Non,180200.0
AIDTECH,49,Maine-et-Loire,maineetloire,Oui,31400.0
AIDTECH,49,Maine-et-Loire,maineetloire,Ensemble,211600.0
AIDTECH,50,Manche,manche,Non,130500.0
AIDTECH,50,Manche,manche,Oui,26300.0
AIDTECH,50,Manche,manche,Ensemble,156700.0
AIDTECH,51,Marne,marne,Non,117300.0
AIDTECH,51,Marne,marne,Oui,24800.0
AIDTECH,51,Marne,marne,Ensemble,142100.0
AIDTECH,52,Haute-Marne,hautemarne,Non,42800.0
AIDTECH,52,Haute-Marne,hautemarne,Oui,11000.0
AIDTECH,52,Haute-Marne,hautemarne,Ensemble,53800.0
AIDTECH,53,Mayenne,mayenne,Non,69800.0
AIDTECH,53,Mayenne,mayenne,Oui,15000.0
AIDTECH,53,Mayenne,mayenne,Ensemble,84800.0
AIDTECH,54,Meurthe-et-Moselle,meurtheetmoselle,Non,154100.0
AIDTECH,54,Meurthe-et-Moselle,meurtheetmoselle,Oui,29500.0
AIDTECH,54,Meurthe-et-Moselle,meurtheetmoselle,Ensemble,183600.0
AIDTECH,55,Meuse,meuse,Non,42700.0
AIDTECH,55,Meuse,meuse,Oui,11200.0
AIDTECH,55,Meuse,meuse,Ensemble,53800.0
AIDTECH,56,Morbihan,morbihan,Non,203200.0
AIDTECH,56,Morbihan,morbihan,Oui,38500.0
AIDTECH,56,Morbihan,morbihan,Ensemble,241700.0
AIDTECH,57,Moselle,moselle,Non,229300.0
AIDTECH,57,Moselle,moselle,Oui,45800.0
AIDTECH,57,Moselle,moselle,Ensemble,275100.0
AIDTECH,58,Nièvre,nievre,Non,60000.0
AIDTECH,58,Nièvre,nievre,Oui,12600.0
AIDTECH,58,Nièvre,nievre,Ensemble,72700.0
AIDTECH,59,Nord,nord,Non,470700.0
AIDTECH,59,Nord,nord,Oui,117100.0
AIDTECH,59,Nord,nord,Ensemble,587800.0
AIDTECH,60,Oise,oise,Non,158800.0
AIDTECH,60,Oise,oise,Oui,30800.0
AIDTECH,60,Oise,oise,Ensemble,189600.0
AIDTECH,61,Orne,orne,Non,77800.0
AIDTECH,61,Orne,orne,Oui,12000.0
AIDTECH,61,Orne,orne,Ensemble,89800.0
AIDTECH,62,Pas-de-Calais,pasdecalais,Non,291800.0
AIDTECH,62,Pas-de-Calais,pasdecalais,Oui,76700.0
AIDTECH,62,Pas-de-Calais,pasdecalais,Ensemble,368500.0
AIDTECH,63,Puy-de-Dôme,puydedome,Non,150000.0
AIDTECH,63,Puy-de-Dôme,puydedome,Oui,32100.0
AIDTECH,63,Puy-de-Dôme,puydedome,Ensemble,182100.0
AIDTECH,64,Pyrénées-Atlantiques,pyreneesatlantiques,Non,176700.0
AIDTECH,64,Pyrénées-Atlantiques,pyreneesatlantiques,Oui,31300.0
AIDTECH,64,Pyrénées-Atlantiques,pyreneesatlantiques,Ensemble,208000.0
AIDTECH,65,Hautes-Pyrénées,hautespyrenees,Non,64400.0
AIDTECH,65,Hautes-Pyrénées,hautespyrenees,Oui,12300.0
AIDTECH,65,Hautes-Pyrénées,hautespyrenees,Ensemble,76700.0
AIDTECH,66,Pyrénées-Orientales,pyreneesorientales,Non,130500.0
AIDTECH,66,Pyrénées-Orientales,pyreneesorientales,Oui,26200.0
AIDTECH,66,Pyrénées-Orientales,pyreneesorientales,Ensemble,156700.0
AIDTECH,67,Bas-Rhin,basrhin,Non,238000.0
AIDTECH,67,Bas-Rhin,basrhin,Oui,43700.0
AIDTECH,67,Bas-Rhin,basrhin,Ensemble,281800.0
AIDTECH,68,Haut-Rhin,hautrhin,Non,172500.0
AIDTECH,68,Haut-Rhin,hautrhin,Oui,28000.0
AIDTECH,68,Haut-Rhin,hautrhin,Ensemble,200500.0
AIDTECH,69,Rhône,rhone,Non,336600.0
AIDTECH,69,Rhône,rhone,Oui,64300.0
AIDTECH,69,Rhône,rhone,Ensemble,400900.0
AIDTECH,70,Haute-Saône,hautesaone,Non,58500.0
AIDTECH,70,Haute-Saône,hautesaone,Oui,11900.0
AIDTECH,70,Haute-Saône,hautesaone,Ensemble,70500.0
AIDTECH,71,Saône-et-Loire,saoneetloire,Non,148000.0
AIDTECH,71,Saône-et-Loire,saoneetloire,Oui,29000.0
AIDTECH,71,Saône-et-Loire,saoneetloire,Ensemble,177000.0
AIDTECH,72,Sarthe,sarthe,Non,132300.0
AIDTECH,72,Sarthe,sarthe,Oui,26700.0
AIDTECH,72,Sarthe,sarthe,Ensemble,159100.0
AIDTECH,73,Savoie,savoie,Non,104500.0
AIDTECH,73,Savoie,savoie,Oui,13000.0
AIDTECH,73,Savoie,savoie,Ensemble,117400.0
AIDTECH,74,Haute-Savoie,hautesavoie,Non,159500.0
AIDTECH,74,Haute-Savoie,hautesavoie,Oui,24600.0
AIDTECH,74,Haute-Savoie,hautesavoie,Ensemble,184100.0
AIDTECH,75,Paris,paris,Non,414100.0
AIDTECH,75,Paris,paris,Oui,58400.0
AIDTECH,75,Paris,paris,Ensemble,472500.0
AIDTECH,76,Seine-Maritime,seinemaritime,Non,275200.0
AIDTECH,76,Seine-Maritime,seinemaritime,Oui,49400.0
AIDTECH,76,Seine-Maritime,seinemaritime,Ensemble,324600.0
AIDTECH,77,Seine-et-Marne,seineetmarne,Non,248600.0
AIDTECH,77,Seine-et-Marne,seineetmarne,Oui,37200.0
AIDTECH,77,Seine-et-Marne,seineetmarne,Ensemble,285800.0
AIDTECH,78,Yvelines,yvelines,Non,274800.0
AIDTECH,78,Yvelines,yvelines,Oui,39100.0
AIDTECH,78,Yvelines,yvelines,Ensemble,313800.0
AIDTECH,79,Deux-Sèvres,deuxsevres,Non,95800.0
AIDTECH,79,Deux-Sèvres,deuxsevres,Oui,14800.0
AIDTECH,79,Deux-Sèvres,deuxsevres,Ensemble,110600.0
AIDTECH,80,Somme,somme,Non,116600.0
AIDTECH,80,Somme,somme,Oui,30500.0
AIDTECH,80,Somme,somme,Ensemble,147100.0
AIDTECH,81,Tarn,tarn,Non,98600.0
AIDTECH,81,Tarn,tarn,Oui,22800.0
AIDTECH,81,Tarn,tarn,Ensemble,121400.0
AIDTECH,82,Tarn-et-Garonne,tarnetgaronne,Non,63600.0
AIDTECH,82,Tarn-et-Garonne,tarnetgaronne,Oui,9900.0
AIDTECH,82,Tarn-et-Garonne,tarnetgaronne,Ensemble,73400.0
AIDTECH,83,Var,var,Non,297000.0
AIDTECH,83,Var,var,Oui,54600.0
AIDTECH,83,Var,var,Ensemble,351600.0
AIDTECH,84,Vaucluse,vaucluse,Non,136000.0
AIDTECH,84,Vaucluse,vaucluse,Oui,23900.0
AIDTECH,84,Vaucluse,vaucluse,Ensemble,159900.0
AIDTECH,85,Vendée,vendee,Non,176800.0
AIDTECH,85,Vendée,vendee,Oui,36200.0
AIDTECH,85,Vendée,vendee,Ensemble,213000.0
AIDTECH,86,Vienne,vienne,Non,103000.0
AIDTECH,86,Vienne,vienne,Oui,19000.0
AIDTECH,86,Vienne,vienne,Ensemble,122000.0
AIDTECH,87,Haute-Vienne,hautevienne,Non,93800.0
AIDTECH,87,Haute-Vienne,hautevienne,Oui,21600.0
AIDTECH,87,Haute-Vienne,hautevienne,Ensemble,115500.0
AIDTECH,88,Vosges,vosges,Non,95200.0
AIDTECH,88,Vosges,vosges,Oui,16400.0
AIDTECH,88,Vosges,vosges,Ensemble,111600.0
AIDTECH,89,Yonne,yonne,Non,84000.0
AIDTECH,89,Yonne,yonne,Oui,18000.0
AIDTECH,89,Yonne,yonne,Ensemble,102000.0
AIDTECH,90,Territoire de Belfort,territoiredebelfort,Non,29900.0
AIDTECH,90,Territoire de Belfort,territoiredebelfort,Oui,6700.0
AIDTECH,90,Territoire de Belfort,territoiredebelfort,Ensemble,36600.0
AIDTECH,91,Essonne,essonne,Non,217400.0
AIDTECH,91,Essonne,essonne,Oui,43100.0
AIDTECH,91,Essonne,essonne,Ensemble,260500.0
AIDTECH,92,Hauts-de-Seine,hautsdeseine,Non,270000.0
AIDTECH,92,Hauts-de-Seine,hautsdeseine,Oui,50200.0
AIDTECH,92,Hauts-de-Seine,hautsdeseine,Ensemble,320200.0
AIDTECH,93,Seine-Saint-Denis,seinesaintdenis,Non,215700.0
AIDTECH,93,Seine-Saint-Denis,seinesaintdenis,Oui,51600.0
AIDTECH,93,Seine-Saint-Denis,seinesaintdenis,Ensemble,267200.0
AIDTECH,94,Val-de-Marne,valdemarne,Non,229800.0
AIDTECH,94,Val-de-Marne,valdemarne,Oui,47900.0
AIDTECH,94,Val-de-Marne,valdemarne,Ensemble,277700.0
AIDTECH,95,Val-d'Oise,valdoise,Non,198300.0
AIDTECH,95,Val-d'Oise,valdoise,Oui,35500.0
AIDTECH,95,Val-d'Oise,valdoise,Ensemble,233800.0
AIDTECH,971,Guadeloupe,guadeloupe,Non,91900.0
AIDTECH,971,Guadeloupe,guadeloupe,Oui,14300.0
AIDTECH,971,Guadeloupe,guadeloupe,Ensemble,106200.0
AIDTECH,972,Martinique,martinique,Non,90700.0
AIDTECH,972,Martinique,martinique,Oui,18600.0
AIDTECH,972,Martinique,martinique,Ensemble,109300.0
AIDTECH,973,Guyane,guyane,Non,24900.0
AIDTECH,973,Guyane,guyane,Oui,3600.0
AIDTECH,973,Guyane,guyane,Ensemble,28500.0
AIDTECH,974,La Réunion,lareunion,Non,138700.0
AIDTECH,974,La Réunion,lareunion,Oui,23900.0
AIDTECH,974,La Réunion,lareunion,Ensemble,162600.0
AIDTECH,976,Mayotte,mayotte,Non,11900.0
AIDTECH,976,Mayotte,mayotte,Oui,1300.0
AIDTECH,976,Mayotte,mayotte,Ensemble,13100.0
"AIDTECH,None,""Note > Les lunettes, lentilles, dentiers et prothèses auditives ne sont pas inclus."
Lecture > Dans l'Ain, 8 000 personnes de 25 à 59 ans déclarent utiliser une aide technique.  
Champ > Personnes de 5 ans ou plus vivant en logement ordinaire en France.
"Sources > Enquête Vie Quotidienne et Santé 2021, DREES."",noteleslunetteslentillesdentiersetprothesesauditivesnesontpasincluslecturedanslain8000personnesde25a59ansdeclarentutiliseruneaidetechniquechamppersonnesde5ansouplusvivantenlogementordinaireenfrancesourcesenqueteviequotidienneetsante2021drees,,"
AMENALOG,01,Ain,ain,Non,144800.0
AMENALOG,01,Ain,ain,Oui,9200.0
AMENALOG,01,Ain,ain,Ensemble,154000.0
AMENALOG,02,Aisne,aisne,Non,131000.0
AMENALOG,02,Aisne,aisne,Oui,11300.0
AMENALOG,02,Aisne,aisne,Ensemble,142400.0
AMENALOG,03,Allier,allier,Non,103300.0
AMENALOG,03,Allier,allier,Oui,10000.0
AMENALOG,03,Allier,allier,Ensemble,113400.0
AMENALOG,04,Alpes-de-Haute-Provence,alpesdehauteprovence,Non,50400.0
AMENALOG,04,Alpes-de-Haute-Provence,alpesdehauteprovence,Oui,4900.0
AMENALOG,04,Alpes-de-Haute-Provence,alpesdehauteprovence,Ensemble,55300.0
AMENALOG,05,Hautes-Alpes,hautesalpes,Non,42200.0
AMENALOG,05,Hautes-Alpes,hautesalpes,Oui,2200.0
AMENALOG,05,Hautes-Alpes,hautesalpes,Ensemble,44400.0
AMENALOG,06,Alpes-Maritimes,alpesmaritimes,Non,305800.0
AMENALOG,06,Alpes-Maritimes,alpesmaritimes,Oui,20700.0
AMENALOG,06,Alpes-Maritimes,alpesmaritimes,Ensemble,326500.0
AMENALOG,07,Ardèche,ardeche,Non,93600.0
AMENALOG,07,Ardèche,ardeche,Oui,8200.0
AMENALOG,07,Ardèche,ardeche,Ensemble,101800.0
AMENALOG,08,Ardennes,ardennes,Non,71000.0
AMENALOG,08,Ardennes,ardennes,Oui,5600.0
AMENALOG,08,Ardennes,ardennes,Ensemble,76500.0
AMENALOG,09,Ariège,ariege,Non,45800.0
AMENALOG,09,Ariège,ariege,Oui,5100.0
AMENALOG,09,Ariège,ariege,Ensemble,50900.0
AMENALOG,10,Aube,aube,Non,77400.0
AMENALOG,10,Aube,aube,Oui,6800.0
AMENALOG,10,Aube,aube,Ensemble,84200.0
AMENALOG,11,Aude,aude,Non,114000.0
AMENALOG,11,Aude,aude,Oui,9700.0
AMENALOG,11,Aude,aude,Ensemble,123700.0
AMENALOG,12,Aveyron,aveyron,Non,86800.0
AMENALOG,12,Aveyron,aveyron,Oui,6100.0
AMENALOG,12,Aveyron,aveyron,Ensemble,92800.0
AMENALOG,13,Bouches-du-Rhône,bouchesdurhone,Non,483700.0
AMENALOG,13,Bouches-du-Rhône,bouchesdurhone,Oui,45700.0
AMENALOG,13,Bouches-du-Rhône,bouchesdurhone,Ensemble,529400.0
AMENALOG,14,Calvados,calvados,Non,182500.0
AMENALOG,14,Calvados,calvados,Oui,12100.0
AMENALOG,14,Calvados,calvados,Ensemble,194600.0
AMENALOG,15,Cantal,cantal,Non,46400.0
AMENALOG,15,Cantal,cantal,Oui,3000.0
AMENALOG,15,Cantal,cantal,Ensemble,49500.0
AMENALOG,16,Charente,charente,Non,105000.0
AMENALOG,16,Charente,charente,Oui,6300.0
AMENALOG,16,Charente,charente,Ensemble,111300.0
AMENALOG,17,Charente-Maritime,charentemaritime,Non,215100.0
AMENALOG,17,Charente-Maritime,charentemaritime,Oui,12500.0
AMENALOG,17,Charente-Maritime,charentemaritime,Ensemble,227600.0
AMENALOG,18,Cher,cher,Non,90200.0
AMENALOG,18,Cher,cher,Oui,5500.0
AMENALOG,18,Cher,cher,Ensemble,95800.0
AMENALOG,19,Corrèze,correze,Non,75200.0
AMENALOG,19,Corrèze,correze,Oui,6300.0
AMENALOG,19,Corrèze,correze,Ensemble,81500.0
AMENALOG,21,Côte-d'Or,cotedor,Non,133400.0
AMENALOG,21,Côte-d'Or,cotedor,Oui,8600.0
AMENALOG,21,Côte-d'Or,cotedor,Ensemble,142100.0
AMENALOG,22,Côtes d'Armor,cotesdarmor,Non,184000.0
AMENALOG,22,Côtes d'Armor,cotesdarmor,Oui,12200.0
AMENALOG,22,Côtes d'Armor,cotesdarmor,Ensemble,196200.0
AMENALOG,23,Creuse,creuse,Non,40300.0
AMENALOG,23,Creuse,creuse,Oui,3600.0
AMENALOG,23,Creuse,creuse,Ensemble,43900.0
AMENALOG,24,Dordogne,dordogne,Non,140300.0
AMENALOG,24,Dordogne,dordogne,Oui,9600.0
AMENALOG,24,Dordogne,dordogne,Ensemble,149900.0
AMENALOG,25,Doubs,doubs,Non,126800.0
AMENALOG,25,Doubs,doubs,Oui,9600.0
AMENALOG,25,Doubs,doubs,Ensemble,136400.0
AMENALOG,26,Drôme,drome,Non,133000.0
AMENALOG,26,Drôme,drome,Oui,11700.0
AMENALOG,26,Drôme,drome,Ensemble,144800.0
AMENALOG,27,Eure,eure,Non,145600.0
AMENALOG,27,Eure,eure,Oui,7600.0
AMENALOG,27,Eure,eure,Ensemble,153200.0
AMENALOG,28,Eure-et-Loire,eureetloire,Non,105500.0
AMENALOG,28,Eure-et-Loire,eureetloire,Oui,9700.0
AMENALOG,28,Eure-et-Loire,eureetloire,Ensemble,115200.0
AMENALOG,29,Finistère,finistere,Non,259600.0
AMENALOG,29,Finistère,finistere,Oui,19400.0
AMENALOG,29,Finistère,finistere,Ensemble,278900.0
AMENALOG,2A,Corse-du-Sud,corsedusud,Non,45300.0
AMENALOG,2A,Corse-du-Sud,corsedusud,Oui,3500.0
AMENALOG,2A,Corse-du-Sud,corsedusud,Ensemble,48800.0
AMENALOG,2B,Haute-Corse,hautecorse,Non,49800.0
AMENALOG,2B,Haute-Corse,hautecorse,Oui,3900.0
AMENALOG,2B,Haute-Corse,hautecorse,Ensemble,53700.0
AMENALOG,30,Gard,gard,Non,206300.0
AMENALOG,30,Gard,gard,Oui,17700.0
AMENALOG,30,Gard,gard,Ensemble,224000.0
AMENALOG,31,Haute-Garonne,hautegaronne,Non,275800.0
AMENALOG,31,Haute-Garonne,hautegaronne,Oui,27900.0
AMENALOG,31,Haute-Garonne,hautegaronne,Ensemble,303700.0
AMENALOG,32,Gers,gers,Non,60500.0
AMENALOG,32,Gers,gers,Oui,5600.0
AMENALOG,32,Gers,gers,Ensemble,66100.0
AMENALOG,33,Gironde,gironde,Non,373000.0
AMENALOG,33,Gironde,gironde,Oui,32700.0
AMENALOG,33,Gironde,gironde,Ensemble,405600.0
AMENALOG,34,Hérault,herault,Non,299000.0
AMENALOG,34,Hérault,herault,Oui,25300.0
AMENALOG,34,Hérault,herault,Ensemble,324300.0
AMENALOG,35,Ille-et-Vilaine,illeetvilaine,Non,232400.0
AMENALOG,35,Ille-et-Vilaine,illeetvilaine,Oui,18100.0
AMENALOG,35,Ille-et-Vilaine,illeetvilaine,Ensemble,250500.0
AMENALOG,36,Indre,indre,Non,71000.0
AMENALOG,36,Indre,indre,Oui,4600.0
AMENALOG,36,Indre,indre,Ensemble,75600.0
AMENALOG,37,Indre-et-Loire,indreetloire,Non,154100.0
AMENALOG,37,Indre-et-Loire,indreetloire,Oui,13200.0
AMENALOG,37,Indre-et-Loire,indreetloire,Ensemble,167300.0
AMENALOG,38,Isère,isere,Non,283400.0
AMENALOG,38,Isère,isere,Oui,23200.0
AMENALOG,38,Isère,isere,Ensemble,306600.0
AMENALOG,39,Jura,jura,Non,71100.0
AMENALOG,39,Jura,jura,Oui,6700.0
AMENALOG,39,Jura,jura,Ensemble,77800.0
AMENALOG,40,Landes,landes,Non,119800.0
AMENALOG,40,Landes,landes,Oui,14200.0
AMENALOG,40,Landes,landes,Ensemble,134100.0
AMENALOG,41,Loir-et-Cher,loiretcher,Non,95300.0
AMENALOG,41,Loir-et-Cher,loiretcher,Oui,6600.0
AMENALOG,41,Loir-et-Cher,loiretcher,Ensemble,101900.0
AMENALOG,42,Loire,loire,Non,191800.0
AMENALOG,42,Loire,loire,Oui,17900.0
AMENALOG,42,Loire,loire,Ensemble,209800.0
AMENALOG,43,Haute-Loire,hauteloire,Non,65900.0
AMENALOG,43,Haute-Loire,hauteloire,Oui,3400.0
AMENALOG,43,Haute-Loire,hauteloire,Ensemble,69300.0
AMENALOG,44,Loire-Atlantique,loireatlantique,Non,312100.0
AMENALOG,44,Loire-Atlantique,loireatlantique,Oui,23800.0
AMENALOG,44,Loire-Atlantique,loireatlantique,Ensemble,335900.0
AMENALOG,45,Loiret,loiret,Non,163200.0
AMENALOG,45,Loiret,loiret,Oui,11400.0
AMENALOG,45,Loiret,loiret,Ensemble,174600.0
AMENALOG,46,Lot,lot,Non,60000.0
AMENALOG,46,Lot,lot,Oui,5100.0
AMENALOG,46,Lot,lot,Ensemble,65200.0
AMENALOG,47,Lot-et-Garonne,lotetgaronne,Non,99300.0
AMENALOG,47,Lot-et-Garonne,lotetgaronne,Oui,8800.0
AMENALOG,47,Lot-et-Garonne,lotetgaronne,Ensemble,108100.0
AMENALOG,48,Lozère,lozere,Non,21800.0
AMENALOG,48,Lozère,lozere,Oui,1700.0
AMENALOG,48,Lozère,lozere,Ensemble,23600.0
AMENALOG,49,Maine-et-Loire,maineetloire,Non,197100.0
AMENALOG,49,Maine-et-Loire,maineetloire,Oui,14500.0
AMENALOG,49,Maine-et-Loire,maineetloire,Ensemble,211600.0
AMENALOG,50,Manche,manche,Non,144300.0
AMENALOG,50,Manche,manche,Oui,12400.0
AMENALOG,50,Manche,manche,Ensemble,156700.0
AMENALOG,51,Marne,marne,Non,129400.0
AMENALOG,51,Marne,marne,Oui,12700.0
AMENALOG,51,Marne,marne,Ensemble,142100.0
AMENALOG,52,Haute-Marne,hautemarne,Non,49000.0
AMENALOG,52,Haute-Marne,hautemarne,Oui,4800.0
AMENALOG,52,Haute-Marne,hautemarne,Ensemble,53800.0
AMENALOG,53,Mayenne,mayenne,Non,77000.0
AMENALOG,53,Mayenne,mayenne,Oui,7800.0
AMENALOG,53,Mayenne,mayenne,Ensemble,84800.0
AMENALOG,54,Meurthe-et-Moselle,meurtheetmoselle,Non,170000.0
AMENALOG,54,Meurthe-et-Moselle,meurtheetmoselle,Oui,13600.0
AMENALOG,54,Meurthe-et-Moselle,meurtheetmoselle,Ensemble,183600.0
AMENALOG,55,Meuse,meuse,Non,48600.0
AMENALOG,55,Meuse,meuse,Oui,5200.0
AMENALOG,55,Meuse,meuse,Ensemble,53800.0
AMENALOG,56,Morbihan,morbihan,Non,220600.0
AMENALOG,56,Morbihan,morbihan,Oui,21100.0
AMENALOG,56,Morbihan,morbihan,Ensemble,241700.0
AMENALOG,57,Moselle,moselle,Non,257100.0
AMENALOG,57,Moselle,moselle,Oui,18000.0
AMENALOG,57,Moselle,moselle,Ensemble,275100.0
AMENALOG,58,Nièvre,nievre,Non,65500.0
AMENALOG,58,Nièvre,nievre,Oui,7200.0
AMENALOG,58,Nièvre,nievre,Ensemble,72700.0
AMENALOG,59,Nord,nord,Non,544500.0
AMENALOG,59,Nord,nord,Oui,43400.0
AMENALOG,59,Nord,nord,Ensemble,587800.0
AMENALOG,60,Oise,oise,Non,177100.0
AMENALOG,60,Oise,oise,Oui,12500.0
AMENALOG,60,Oise,oise,Ensemble,189600.0
AMENALOG,61,Orne,orne,Non,83600.0
AMENALOG,61,Orne,orne,Oui,6200.0
AMENALOG,61,Orne,orne,Ensemble,89800.0
AMENALOG,62,Pas-de-Calais,pasdecalais,Non,339500.0
AMENALOG,62,Pas-de-Calais,pasdecalais,Oui,29000.0
AMENALOG,62,Pas-de-Calais,pasdecalais,Ensemble,368500.0
AMENALOG,63,Puy-de-Dôme,puydedome,Non,167200.0
AMENALOG,63,Puy-de-Dôme,puydedome,Oui,14900.0
AMENALOG,63,Puy-de-Dôme,puydedome,Ensemble,182100.0
AMENALOG,64,Pyrénées-Atlantiques,pyreneesatlantiques,Non,189600.0
AMENALOG,64,Pyrénées-Atlantiques,pyreneesatlantiques,Oui,18500.0
AMENALOG,64,Pyrénées-Atlantiques,pyreneesatlantiques,Ensemble,208000.0
AMENALOG,65,Hautes-Pyrénées,hautespyrenees,Non,69000.0
AMENALOG,65,Hautes-Pyrénées,hautespyrenees,Oui,7700.0
AMENALOG,65,Hautes-Pyrénées,hautespyrenees,Ensemble,76700.0
AMENALOG,66,Pyrénées-Orientales,pyreneesorientales,Non,140700.0
AMENALOG,66,Pyrénées-Orientales,pyreneesorientales,Oui,15900.0
AMENALOG,66,Pyrénées-Orientales,pyreneesorientales,Ensemble,156700.0
AMENALOG,67,Bas-Rhin,basrhin,Non,261300.0
AMENALOG,67,Bas-Rhin,basrhin,Oui,20400.0
AMENALOG,67,Bas-Rhin,basrhin,Ensemble,281800.0
AMENALOG,68,Haut-Rhin,hautrhin,Non,186200.0
AMENALOG,68,Haut-Rhin,hautrhin,Oui,14300.0
AMENALOG,68,Haut-Rhin,hautrhin,Ensemble,200500.0
AMENALOG,69,Rhône,rhone,Non,372800.0
AMENALOG,69,Rhône,rhone,Oui,28100.0
AMENALOG,69,Rhône,rhone,Ensemble,400900.0
AMENALOG,70,Haute-Saône,hautesaone,Non,63700.0
AMENALOG,70,Haute-Saône,hautesaone,Oui,6800.0
AMENALOG,70,Haute-Saône,hautesaone,Ensemble,70500.0
AMENALOG,71,Saône-et-Loire,saoneetloire,Non,165000.0
AMENALOG,71,Saône-et-Loire,saoneetloire,Oui,12000.0
AMENALOG,71,Saône-et-Loire,saoneetloire,Ensemble,177000.0
AMENALOG,72,Sarthe,sarthe,Non,144200.0
AMENALOG,72,Sarthe,sarthe,Oui,14900.0
AMENALOG,72,Sarthe,sarthe,Ensemble,159100.0
AMENALOG,73,Savoie,savoie,Non,106700.0
AMENALOG,73,Savoie,savoie,Oui,10700.0
AMENALOG,73,Savoie,savoie,Ensemble,117400.0
AMENALOG,74,Haute-Savoie,hautesavoie,Non,173600.0
AMENALOG,74,Haute-Savoie,hautesavoie,Oui,10400.0
AMENALOG,74,Haute-Savoie,hautesavoie,Ensemble,184100.0
AMENALOG,75,Paris,paris,Non,446100.0
AMENALOG,75,Paris,paris,Oui,26400.0
AMENALOG,75,Paris,paris,Ensemble,472500.0
AMENALOG,76,Seine-Maritime,seinemaritime,Non,307100.0
AMENALOG,76,Seine-Maritime,seinemaritime,Oui,17500.0
AMENALOG,76,Seine-Maritime,seinemaritime,Ensemble,324600.0
AMENALOG,77,Seine-et-Marne,seineetmarne,Non,270300.0
AMENALOG,77,Seine-et-Marne,seineetmarne,Oui,15500.0
AMENALOG,77,Seine-et-Marne,seineetmarne,Ensemble,285800.0
AMENALOG,78,Yvelines,yvelines,Non,298400.0
AMENALOG,78,Yvelines,yvelines,Oui,15500.0
AMENALOG,78,Yvelines,yvelines,Ensemble,313800.0
AMENALOG,79,Deux-Sèvres,deuxsevres,Non,102700.0
AMENALOG,79,Deux-Sèvres,deuxsevres,Oui,7900.0
AMENALOG,79,Deux-Sèvres,deuxsevres,Ensemble,110600.0
AMENALOG,80,Somme,somme,Non,135200.0
AMENALOG,80,Somme,somme,Oui,11900.0
AMENALOG,80,Somme,somme,Ensemble,147100.0
AMENALOG,81,Tarn,tarn,Non,112000.0
AMENALOG,81,Tarn,tarn,Oui,9400.0
AMENALOG,81,Tarn,tarn,Ensemble,121400.0
AMENALOG,82,Tarn-et-Garonne,tarnetgaronne,Non,69400.0
AMENALOG,82,Tarn-et-Garonne,tarnetgaronne,Oui,4000.0
AMENALOG,82,Tarn-et-Garonne,tarnetgaronne,Ensemble,73400.0
AMENALOG,83,Var,var,Non,328500.0
AMENALOG,83,Var,var,Oui,23000.0
AMENALOG,83,Var,var,Ensemble,351600.0
AMENALOG,84,Vaucluse,vaucluse,Non,148100.0
AMENALOG,84,Vaucluse,vaucluse,Oui,11800.0
AMENALOG,84,Vaucluse,vaucluse,Ensemble,159900.0
AMENALOG,85,Vendée,vendee,Non,196800.0
AMENALOG,85,Vendée,vendee,Oui,16200.0
AMENALOG,85,Vendée,vendee,Ensemble,213000.0
AMENALOG,86,Vienne,vienne,Non,113500.0
AMENALOG,86,Vienne,vienne,Oui,8500.0
AMENALOG,86,Vienne,vienne,Ensemble,122000.0
AMENALOG,87,Haute-Vienne,hautevienne,Non,104100.0
AMENALOG,87,Haute-Vienne,hautevienne,Oui,11300.0
AMENALOG,87,Haute-Vienne,hautevienne,Ensemble,115500.0
AMENALOG,88,Vosges,vosges,Non,104000.0
AMENALOG,88,Vosges,vosges,Oui,7600.0
AMENALOG,88,Vosges,vosges,Ensemble,111600.0
AMENALOG,89,Yonne,yonne,Non,96300.0
AMENALOG,89,Yonne,yonne,Oui,5700.0
AMENALOG,89,Yonne,yonne,Ensemble,102000.0
AMENALOG,90,Territoire de Belfort,territoiredebelfort,Non,34200.0
AMENALOG,90,Territoire de Belfort,territoiredebelfort,Oui,2400.0
AMENALOG,90,Territoire de Belfort,territoiredebelfort,Ensemble,36600.0
AMENALOG,91,Essonne,essonne,Non,238900.0
AMENALOG,91,Essonne,essonne,Oui,21600.0
AMENALOG,91,Essonne,essonne,Ensemble,260500.0
AMENALOG,92,Hauts-de-Seine,hautsdeseine,Non,308000.0
AMENALOG,92,Hauts-de-Seine,hautsdeseine,Oui,12200.0
AMENALOG,92,Hauts-de-Seine,hautsdeseine,Ensemble,320200.0
AMENALOG,93,Seine-Saint-Denis,seinesaintdenis,Non,244200.0
AMENALOG,93,Seine-Saint-Denis,seinesaintdenis,Oui,23100.0
AMENALOG,93,Seine-Saint-Denis,seinesaintdenis,Ensemble,267200.0
AMENALOG,94,Val-de-Marne,valdemarne,Non,260600.0
AMENALOG,94,Val-de-Marne,valdemarne,Oui,17100.0
AMENALOG,94,Val-de-Marne,valdemarne,Ensemble,277700.0
AMENALOG,95,Val-d'Oise,valdoise,Non,220700.0
AMENALOG,95,Val-d'Oise,valdoise,Oui,13100.0
AMENALOG,95,Val-d'Oise,valdoise,Ensemble,233800.0
AMENALOG,971,Guadeloupe,guadeloupe,Non,96200.0
AMENALOG,971,Guadeloupe,guadeloupe,Oui,10000.0
AMENALOG,971,Guadeloupe,guadeloupe,Ensemble,106200.0
AMENALOG,972,Martinique,martinique,Non,99100.0
AMENALOG,972,Martinique,martinique,Oui,10200.0
AMENALOG,972,Martinique,martinique,Ensemble,109300.0
AMENALOG,973,Guyane,guyane,Non,26300.0
AMENALOG,973,Guyane,guyane,Oui,2200.0
AMENALOG,973,Guyane,guyane,Ensemble,28500.0
AMENALOG,974,La Réunion,lareunion,Non,138500.0
AMENALOG,974,La Réunion,lareunion,Oui,24100.0
AMENALOG,974,La Réunion,lareunion,Ensemble,162600.0
AMENALOG,976,Mayotte,mayotte,Non,12500.0
AMENALOG,976,Mayotte,mayotte,Oui,700.0
AMENALOG,976,Mayotte,mayotte,Ensemble,13100.0
"AMENALOG,None,""Lecture > Dans l'Ain, 3 200 personnes de 25 à 59 ans déclarent utiliser un aménagement de leur logement en raison d'un handicap, d'un problème de santé ou de leur avancée en âge. "
Champ > Personnes de 5 ans ou plus vivant en logement ordinaire en France.
"Sources > Enquête Vie Quotidienne et Santé 2021, DREES."",lecturedanslain3200personnesde25a59ansdeclarentutiliserunamenagementdeleurlogementenraisondunhandicapdunproblemedesanteoudeleuravanceeenagechamppersonnesde5ansouplusvivantenlogementordinaireenfrancesourcesenqueteviequotidienneetsante2021drees,,"
AIDEO,01,Ain,ain,Non,128500.0
AIDEO,01,Ain,ain,Oui,25500.0
AIDEO,01,Ain,ain,Ensemble,154000.0
AIDEO,02,Aisne,aisne,Non,115700.0
AIDEO,02,Aisne,aisne,Oui,26600.0
AIDEO,02,Aisne,aisne,Ensemble,142400.0
AIDEO,03,Allier,allier,Non,90400.0
AIDEO,03,Allier,allier,Oui,22900.0
AIDEO,03,Allier,allier,Ensemble,113400.0
AIDEO,04,Alpes-de-Haute-Provence,alpesdehauteprovence,Non,44700.0
AIDEO,04,Alpes-de-Haute-Provence,alpesdehauteprovence,Oui,10700.0
AIDEO,04,Alpes-de-Haute-Provence,alpesdehauteprovence,Ensemble,55300.0
AIDEO,05,Hautes-Alpes,hautesalpes,Non,37600.0
AIDEO,05,Hautes-Alpes,hautesalpes,Oui,6800.0
AIDEO,05,Hautes-Alpes,hautesalpes,Ensemble,44400.0
AIDEO,06,Alpes-Maritimes,alpesmaritimes,Non,270200.0
AIDEO,06,Alpes-Maritimes,alpesmaritimes,Oui,56300.0
AIDEO,06,Alpes-Maritimes,alpesmaritimes,Ensemble,326500.0
AIDEO,07,Ardèche,ardeche,Non,84700.0
AIDEO,07,Ardèche,ardeche,Oui,17200.0
AIDEO,07,Ardèche,ardeche,Ensemble,101800.0
AIDEO,08,Ardennes,ardennes,Non,59700.0
AIDEO,08,Ardennes,ardennes,Oui,16800.0
AIDEO,08,Ardennes,ardennes,Ensemble,76500.0
AIDEO,09,Ariège,ariege,Non,39900.0
AIDEO,09,Ariège,ariege,Oui,11000.0
AIDEO,09,Ariège,ariege,Ensemble,50900.0
AIDEO,10,Aube,aube,Non,67800.0
AIDEO,10,Aube,aube,Oui,16400.0
AIDEO,10,Aube,aube,Ensemble,84200.0
AIDEO,11,Aude,aude,Non,100600.0
AIDEO,11,Aude,aude,Oui,23200.0
AIDEO,11,Aude,aude,Ensemble,123700.0
AIDEO,12,Aveyron,aveyron,Non,77900.0
AIDEO,12,Aveyron,aveyron,Oui,15000.0
AIDEO,12,Aveyron,aveyron,Ensemble,92800.0
AIDEO,13,Bouches-du-Rhône,bouchesdurhone,Non,424200.0
AIDEO,13,Bouches-du-Rhône,bouchesdurhone,Oui,105200.0
AIDEO,13,Bouches-du-Rhône,bouchesdurhone,Ensemble,529400.0
AIDEO,14,Calvados,calvados,Non,162400.0
AIDEO,14,Calvados,calvados,Oui,32200.0
AIDEO,14,Calvados,calvados,Ensemble,194600.0
AIDEO,15,Cantal,cantal,Non,40200.0
AIDEO,15,Cantal,cantal,Oui,9300.0
AIDEO,15,Cantal,cantal,Ensemble,49500.0
AIDEO,16,Charente,charente,Non,93900.0
AIDEO,16,Charente,charente,Oui,17400.0
AIDEO,16,Charente,charente,Ensemble,111300.0
AIDEO,17,Charente-Maritime,charentemaritime,Non,188400.0
AIDEO,17,Charente-Maritime,charentemaritime,Oui,39200.0
AIDEO,17,Charente-Maritime,charentemaritime,Ensemble,227600.0
AIDEO,18,Cher,cher,Non,80000.0
AIDEO,18,Cher,cher,Oui,15700.0
AIDEO,18,Cher,cher,Ensemble,95800.0
AIDEO,19,Corrèze,correze,Non,66800.0
AIDEO,19,Corrèze,correze,Oui,14800.0
AIDEO,19,Corrèze,correze,Ensemble,81500.0
AIDEO,21,Côte-d'Or,cotedor,Non,118200.0
AIDEO,21,Côte-d'Or,cotedor,Oui,23800.0
AIDEO,21,Côte-d'Or,cotedor,Ensemble,142100.0
AIDEO,22,Côtes d'Armor,cotesdarmor,Non,162600.0
AIDEO,22,Côtes d'Armor,cotesdarmor,Oui,33700.0
AIDEO,22,Côtes d'Armor,cotesdarmor,Ensemble,196200.0
AIDEO,23,Creuse,creuse,Non,34400.0
AIDEO,23,Creuse,creuse,Oui,9400.0
AIDEO,23,Creuse,creuse,Ensemble,43900.0
AIDEO,24,Dordogne,dordogne,Non,121800.0
AIDEO,24,Dordogne,dordogne,Oui,28100.0
AIDEO,24,Dordogne,dordogne,Ensemble,149900.0
AIDEO,25,Doubs,doubs,Non,112000.0
AIDEO,25,Doubs,doubs,Oui,24400.0
AIDEO,25,Doubs,doubs,Ensemble,136400.0
AIDEO,26,Drôme,drome,Non,119700.0
AIDEO,26,Drôme,drome,Oui,25100.0
AIDEO,26,Drôme,drome,Ensemble,144800.0
AIDEO,27,Eure,eure,Non,128600.0
AIDEO,27,Eure,eure,Oui,24500.0
AIDEO,27,Eure,eure,Ensemble,153200.0
AIDEO,28,Eure-et-Loire,eureetloire,Non,92500.0
AIDEO,28,Eure-et-Loire,eureetloire,Oui,22700.0
AIDEO,28,Eure-et-Loire,eureetloire,Ensemble,115200.0
AIDEO,29,Finistère,finistere,Non,223100.0
AIDEO,29,Finistère,finistere,Oui,55800.0
AIDEO,29,Finistère,finistere,Ensemble,278900.0
AIDEO,2A,Corse-du-Sud,corsedusud,Non,41400.0
AIDEO,2A,Corse-du-Sud,corsedusud,Oui,7400.0
AIDEO,2A,Corse-du-Sud,corsedusud,Ensemble,48800.0
AIDEO,2B,Haute-Corse,hautecorse,Non,43900.0
AIDEO,2B,Haute-Corse,hautecorse,Oui,9800.0
AIDEO,2B,Haute-Corse,hautecorse,Ensemble,53700.0
AIDEO,30,Gard,gard,Non,181300.0
AIDEO,30,Gard,gard,Oui,42700.0
AIDEO,30,Gard,gard,Ensemble,224000.0
AIDEO,31,Haute-Garonne,hautegaronne,Non,241900.0
AIDEO,31,Haute-Garonne,hautegaronne,Oui,61800.0
AIDEO,31,Haute-Garonne,hautegaronne,Ensemble,303700.0
AIDEO,32,Gers,gers,Non,53800.0
AIDEO,32,Gers,gers,Oui,12300.0
AIDEO,32,Gers,gers,Ensemble,66100.0
AIDEO,33,Gironde,gironde,Non,326000.0
AIDEO,33,Gironde,gironde,Oui,79600.0
AIDEO,33,Gironde,gironde,Ensemble,405600.0
AIDEO,34,Hérault,herault,Non,268000.0
AIDEO,34,Hérault,herault,Oui,56300.0
AIDEO,34,Hérault,herault,Ensemble,324300.0
AIDEO,35,Ille-et-Vilaine,illeetvilaine,Non,202900.0
AIDEO,35,Ille-et-Vilaine,illeetvilaine,Oui,47600.0
AIDEO,35,Ille-et-Vilaine,illeetvilaine,Ensemble,250500.0
AIDEO,36,Indre,indre,Non,62900.0
AIDEO,36,Indre,indre,Oui,12700.0
AIDEO,36,Indre,indre,Ensemble,75600.0
AIDEO,37,Indre-et-Loire,indreetloire,Non,137000.0
AIDEO,37,Indre-et-Loire,indreetloire,Oui,30400.0
AIDEO,37,Indre-et-Loire,indreetloire,Ensemble,167300.0
AIDEO,38,Isère,isere,Non,251200.0
AIDEO,38,Isère,isere,Oui,55300.0
AIDEO,38,Isère,isere,Ensemble,306600.0
AIDEO,39,Jura,jura,Non,64700.0
AIDEO,39,Jura,jura,Oui,13200.0
AIDEO,39,Jura,jura,Ensemble,77800.0
AIDEO,40,Landes,landes,Non,106400.0
AIDEO,40,Landes,landes,Oui,27700.0
AIDEO,40,Landes,landes,Ensemble,134100.0
AIDEO,41,Loir-et-Cher,loiretcher,Non,84800.0
AIDEO,41,Loir-et-Cher,loiretcher,Oui,17100.0
AIDEO,41,Loir-et-Cher,loiretcher,Ensemble,101900.0
AIDEO,42,Loire,loire,Non,172100.0
AIDEO,42,Loire,loire,Oui,37700.0
AIDEO,42,Loire,loire,Ensemble,209800.0
AIDEO,43,Haute-Loire,hauteloire,Non,56500.0
AIDEO,43,Haute-Loire,hauteloire,Oui,12800.0
AIDEO,43,Haute-Loire,hauteloire,Ensemble,69300.0
AIDEO,44,Loire-Atlantique,loireatlantique,Non,275800.0
AIDEO,44,Loire-Atlantique,loireatlantique,Oui,60200.0
AIDEO,44,Loire-Atlantique,loireatlantique,Ensemble,335900.0
AIDEO,45,Loiret,loiret,Non,144300.0
AIDEO,45,Loiret,loiret,Oui,30400.0
AIDEO,45,Loiret,loiret,Ensemble,174600.0
AIDEO,46,Lot,lot,Non,54400.0
AIDEO,46,Lot,lot,Oui,10800.0
AIDEO,46,Lot,lot,Ensemble,65200.0
AIDEO,47,Lot-et-Garonne,lotetgaronne,Non,87200.0
AIDEO,47,Lot-et-Garonne,lotetgaronne,Oui,20900.0
AIDEO,47,Lot-et-Garonne,lotetgaronne,Ensemble,108100.0
AIDEO,48,Lozère,lozere,Non,19300.0
AIDEO,48,Lozère,lozere,Oui,4200.0
AIDEO,48,Lozère,lozere,Ensemble,23600.0
AIDEO,49,Maine-et-Loire,maineetloire,Non,174400.0
AIDEO,49,Maine-et-Loire,maineetloire,Oui,37200.0
AIDEO,49,Maine-et-Loire,maineetloire,Ensemble,211600.0
AIDEO,50,Manche,manche,Non,126900.0
AIDEO,50,Manche,manche,Oui,29900.0
AIDEO,50,Manche,manche,Ensemble,156700.0
AIDEO,51,Marne,marne,Non,113200.0
AIDEO,51,Marne,marne,Oui,28900.0
AIDEO,51,Marne,marne,Ensemble,142100.0
AIDEO,52,Haute-Marne,hautemarne,Non,41800.0
AIDEO,52,Haute-Marne,hautemarne,Oui,12000.0
AIDEO,52,Haute-Marne,hautemarne,Ensemble,53800.0
AIDEO,53,Mayenne,mayenne,Non,65800.0
AIDEO,53,Mayenne,mayenne,Oui,19000.0
AIDEO,53,Mayenne,mayenne,Ensemble,84800.0
AIDEO,54,Meurthe-et-Moselle,meurtheetmoselle,Non,150200.0
AIDEO,54,Meurthe-et-Moselle,meurtheetmoselle,Oui,33500.0
AIDEO,54,Meurthe-et-Moselle,meurtheetmoselle,Ensemble,183600.0
AIDEO,55,Meuse,meuse,Non,40500.0
AIDEO,55,Meuse,meuse,Oui,13400.0
AIDEO,55,Meuse,meuse,Ensemble,53800.0
AIDEO,56,Morbihan,morbihan,Non,197600.0
AIDEO,56,Morbihan,morbihan,Oui,44100.0
AIDEO,56,Morbihan,morbihan,Ensemble,241700.0
AIDEO,57,Moselle,moselle,Non,220300.0
AIDEO,57,Moselle,moselle,Oui,54900.0
AIDEO,57,Moselle,moselle,Ensemble,275100.0
AIDEO,58,Nièvre,nievre,Non,56900.0
AIDEO,58,Nièvre,nievre,Oui,15800.0
AIDEO,58,Nièvre,nievre,Ensemble,72700.0
AIDEO,59,Nord,nord,Non,457000.0
AIDEO,59,Nord,nord,Oui,130800.0
AIDEO,59,Nord,nord,Ensemble,587800.0
AIDEO,60,Oise,oise,Non,155100.0
AIDEO,60,Oise,oise,Oui,34500.0
AIDEO,60,Oise,oise,Ensemble,189600.0
AIDEO,61,Orne,orne,Non,75400.0
AIDEO,61,Orne,orne,Oui,14400.0
AIDEO,61,Orne,orne,Ensemble,89800.0
AIDEO,62,Pas-de-Calais,pasdecalais,Non,284700.0
AIDEO,62,Pas-de-Calais,pasdecalais,Oui,83800.0
AIDEO,62,Pas-de-Calais,pasdecalais,Ensemble,368500.0
AIDEO,63,Puy-de-Dôme,puydedome,Non,145600.0
AIDEO,63,Puy-de-Dôme,puydedome,Oui,36500.0
AIDEO,63,Puy-de-Dôme,puydedome,Ensemble,182100.0
AIDEO,64,Pyrénées-Atlantiques,pyreneesatlantiques,Non,171100.0
AIDEO,64,Pyrénées-Atlantiques,pyreneesatlantiques,Oui,36900.0
AIDEO,64,Pyrénées-Atlantiques,pyreneesatlantiques,Ensemble,208000.0
AIDEO,65,Hautes-Pyrénées,hautespyrenees,Non,61500.0
AIDEO,65,Hautes-Pyrénées,hautespyrenees,Oui,15200.0
AIDEO,65,Hautes-Pyrénées,hautespyrenees,Ensemble,76700.0
AIDEO,66,Pyrénées-Orientales,pyreneesorientales,Non,124600.0
AIDEO,66,Pyrénées-Orientales,pyreneesorientales,Oui,32100.0
AIDEO,66,Pyrénées-Orientales,pyreneesorientales,Ensemble,156700.0
AIDEO,67,Bas-Rhin,basrhin,Non,231600.0
AIDEO,67,Bas-Rhin,basrhin,Oui,50200.0
AIDEO,67,Bas-Rhin,basrhin,Ensemble,281800.0
AIDEO,68,Haut-Rhin,hautrhin,Non,167500.0
AIDEO,68,Haut-Rhin,hautrhin,Oui,32900.0
AIDEO,68,Haut-Rhin,hautrhin,Ensemble,200500.0
AIDEO,69,Rhône,rhone,Non,327400.0
AIDEO,69,Rhône,rhone,Oui,73500.0
AIDEO,69,Rhône,rhone,Ensemble,400900.0
AIDEO,70,Haute-Saône,hautesaone,Non,55800.0
AIDEO,70,Haute-Saône,hautesaone,Oui,14700.0
AIDEO,70,Haute-Saône,hautesaone,Ensemble,70500.0
AIDEO,71,Saône-et-Loire,saoneetloire,Non,143600.0
AIDEO,71,Saône-et-Loire,saoneetloire,Oui,33400.0
AIDEO,71,Saône-et-Loire,saoneetloire,Ensemble,177000.0
AIDEO,72,Sarthe,sarthe,Non,127500.0
AIDEO,72,Sarthe,sarthe,Oui,31500.0
AIDEO,72,Sarthe,sarthe,Ensemble,159100.0
AIDEO,73,Savoie,savoie,Non,100500.0
AIDEO,73,Savoie,savoie,Oui,17000.0
AIDEO,73,Savoie,savoie,Ensemble,117400.0
AIDEO,74,Haute-Savoie,hautesavoie,Non,155800.0
AIDEO,74,Haute-Savoie,hautesavoie,Oui,28200.0
AIDEO,74,Haute-Savoie,hautesavoie,Ensemble,184100.0
AIDEO,75,Paris,paris,Non,399100.0
AIDEO,75,Paris,paris,Oui,73400.0
AIDEO,75,Paris,paris,Ensemble,472500.0
AIDEO,76,Seine-Maritime,seinemaritime,Non,269000.0
AIDEO,76,Seine-Maritime,seinemaritime,Oui,55600.0
AIDEO,76,Seine-Maritime,seinemaritime,Ensemble,324600.0
AIDEO,77,Seine-et-Marne,seineetmarne,Non,241000.0
AIDEO,77,Seine-et-Marne,seineetmarne,Oui,44800.0
AIDEO,77,Seine-et-Marne,seineetmarne,Ensemble,285800.0
AIDEO,78,Yvelines,yvelines,Non,269000.0
AIDEO,78,Yvelines,yvelines,Oui,44800.0
AIDEO,78,Yvelines,yvelines,Ensemble,313800.0
AIDEO,79,Deux-Sèvres,deuxsevres,Non,92800.0
AIDEO,79,Deux-Sèvres,deuxsevres,Oui,17800.0
AIDEO,79,Deux-Sèvres,deuxsevres,Ensemble,110600.0
AIDEO,80,Somme,somme,Non,114100.0
AIDEO,80,Somme,somme,Oui,33000.0
AIDEO,80,Somme,somme,Ensemble,147100.0
AIDEO,81,Tarn,tarn,Non,96700.0
AIDEO,81,Tarn,tarn,Oui,24600.0
AIDEO,81,Tarn,tarn,Ensemble,121400.0
AIDEO,82,Tarn-et-Garonne,tarnetgaronne,Non,62500.0
AIDEO,82,Tarn-et-Garonne,tarnetgaronne,Oui,10900.0
AIDEO,82,Tarn-et-Garonne,tarnetgaronne,Ensemble,73400.0
AIDEO,83,Var,var,Non,289200.0
AIDEO,83,Var,var,Oui,62300.0
AIDEO,83,Var,var,Ensemble,351600.0
AIDEO,84,Vaucluse,vaucluse,Non,130300.0
AIDEO,84,Vaucluse,vaucluse,Oui,29600.0
AIDEO,84,Vaucluse,vaucluse,Ensemble,159900.0
AIDEO,85,Vendée,vendee,Non,172200.0
AIDEO,85,Vendée,vendee,Oui,40800.0
AIDEO,85,Vendée,vendee,Ensemble,213000.0
AIDEO,86,Vienne,vienne,Non,101400.0
AIDEO,86,Vienne,vienne,Oui,20600.0
AIDEO,86,Vienne,vienne,Ensemble,122000.0
AIDEO,87,Haute-Vienne,hautevienne,Non,89200.0
AIDEO,87,Haute-Vienne,hautevienne,Oui,26300.0
AIDEO,87,Haute-Vienne,hautevienne,Ensemble,115500.0
AIDEO,88,Vosges,vosges,Non,93400.0
AIDEO,88,Vosges,vosges,Oui,18200.0
AIDEO,88,Vosges,vosges,Ensemble,111600.0
AIDEO,89,Yonne,yonne,Non,81500.0
AIDEO,89,Yonne,yonne,Oui,20500.0
AIDEO,89,Yonne,yonne,Ensemble,102000.0
AIDEO,90,Territoire de Belfort,territoiredebelfort,Non,29200.0
AIDEO,90,Territoire de Belfort,territoiredebelfort,Oui,7400.0
AIDEO,90,Territoire de Belfort,territoiredebelfort,Ensemble,36600.0
AIDEO,91,Essonne,essonne,Non,208800.0
AIDEO,91,Essonne,essonne,Oui,51600.0
AIDEO,91,Essonne,essonne,Ensemble,260500.0
AIDEO,92,Hauts-de-Seine,hautsdeseine,Non,266300.0
AIDEO,92,Hauts-de-Seine,hautsdeseine,Oui,53900.0
AIDEO,92,Hauts-de-Seine,hautsdeseine,Ensemble,320200.0
AIDEO,93,Seine-Saint-Denis,seinesaintdenis,Non,208100.0
AIDEO,93,Seine-Saint-Denis,seinesaintdenis,Oui,59100.0
AIDEO,93,Seine-Saint-Denis,seinesaintdenis,Ensemble,267200.0
AIDEO,94,Val-de-Marne,valdemarne,Non,223900.0
AIDEO,94,Val-de-Marne,valdemarne,Oui,53900.0
AIDEO,94,Val-de-Marne,valdemarne,Ensemble,277700.0
AIDEO,95,Val-d'Oise,valdoise,Non,196300.0
AIDEO,95,Val-d'Oise,valdoise,Oui,37500.0
AIDEO,95,Val-d'Oise,valdoise,Ensemble,233800.0
AIDEO,971,Guadeloupe,guadeloupe,Non,88400.0
AIDEO,971,Guadeloupe,guadeloupe,Oui,17800.0
AIDEO,971,Guadeloupe,guadeloupe,Ensemble,106200.0
AIDEO,972,Martinique,martinique,Non,86900.0
AIDEO,972,Martinique,martinique,Oui,22400.0
AIDEO,972,Martinique,martinique,Ensemble,109300.0
AIDEO,973,Guyane,guyane,Non,24200.0
AIDEO,973,Guyane,guyane,Oui,4300.0
AIDEO,973,Guyane,guyane,Ensemble,28500.0
AIDEO,974,La Réunion,lareunion,Non,127100.0
AIDEO,974,La Réunion,lareunion,Oui,35500.0
AIDEO,974,La Réunion,lareunion,Ensemble,162600.0
AIDEO,976,Mayotte,mayotte,Non,11600.0
AIDEO,976,Mayotte,mayotte,Oui,1500.0
AIDEO,976,Mayotte,mayotte,Ensemble,13100.0
"AIDEO,None,""Note > Les lunettes, lentilles, dentiers et prothèses auditives ne sont pas inclus."
Lecture > Dans l'Ain, 8 400 personnes de 25 à 59 ans déclarent utiliser une aide technique ou un aménagement de leur logement en raison d'un handicap, d'un problème de santé ou de leur avancée en âge. 
Champ > Personnes de 5 ans ou plus vivant en logement ordinaire en France.
"Sources > Enquête Vie Quotidienne et Santé 2021, DREES."",noteleslunetteslentillesdentiersetprothesesauditivesnesontpasincluslecturedanslain8400personnesde25a59ansdeclarentutiliseruneaidetechniqueouunamenagementdeleurlogementenraisondunhandicapdunproblemedesanteoudeleuravanceeenagechamppersonnesde5ansouplusvivantenlogementordinaireenfrancesourcesenqueteviequotidienneetsante2021drees,,"
RECONNAI,01,Ain,ain,Non,141600.0
RECONNAI,01,Ain,ain,Oui,12400.0
RECONNAI,01,Ain,ain,Ensemble,154000.0
RECONNAI,02,Aisne,aisne,Non,126800.0
RECONNAI,02,Aisne,aisne,Oui,15600.0
RECONNAI,02,Aisne,aisne,Ensemble,142400.0
RECONNAI,03,Allier,allier,Non,98900.0
RECONNAI,03,Allier,allier,Oui,14400.0
RECONNAI,03,Allier,allier,Ensemble,113400.0
RECONNAI,04,Alpes-de-Haute-Provence,alpesdehauteprovence,Non,48300.0
RECONNAI,04,Alpes-de-Haute-Provence,alpesdehauteprovence,Oui,7000.0
RECONNAI,04,Alpes-de-Haute-Provence,alpesdehauteprovence,Ensemble,55300.0
RECONNAI,05,Hautes-Alpes,hautesalpes,Non,39000.0
RECONNAI,05,Hautes-Alpes,hautesalpes,Oui,5400.0
RECONNAI,05,Hautes-Alpes,hautesalpes,Ensemble,44400.0
RECONNAI,06,Alpes-Maritimes,alpesmaritimes,Non,282300.0
RECONNAI,06,Alpes-Maritimes,alpesmaritimes,Oui,44200.0
RECONNAI,06,Alpes-Maritimes,alpesmaritimes,Ensemble,326500.0
RECONNAI,07,Ardèche,ardeche,Non,90800.0
RECONNAI,07,Ardèche,ardeche,Oui,11100.0
RECONNAI,07,Ardèche,ardeche,Ensemble,101800.0
RECONNAI,08,Ardennes,ardennes,Non,64200.0
RECONNAI,08,Ardennes,ardennes,Oui,12300.0
RECONNAI,08,Ardennes,ardennes,Ensemble,76500.0
RECONNAI,09,Ariège,ariege,Non,45200.0
RECONNAI,09,Ariège,ariege,Oui,5600.0
RECONNAI,09,Ariège,ariege,Ensemble,50900.0
RECONNAI,10,Aube,aube,Non,73800.0
RECONNAI,10,Aube,aube,Oui,10400.0
RECONNAI,10,Aube,aube,Ensemble,84200.0
RECONNAI,11,Aude,aude,Non,108700.0
RECONNAI,11,Aude,aude,Oui,15000.0
RECONNAI,11,Aude,aude,Ensemble,123700.0
RECONNAI,12,Aveyron,aveyron,Non,82800.0
RECONNAI,12,Aveyron,aveyron,Oui,10000.0
RECONNAI,12,Aveyron,aveyron,Ensemble,92800.0
RECONNAI,13,Bouches-du-Rhône,bouchesdurhone,Non,461400.0
RECONNAI,13,Bouches-du-Rhône,bouchesdurhone,Oui,68000.0
RECONNAI,13,Bouches-du-Rhône,bouchesdurhone,Ensemble,529400.0
RECONNAI,14,Calvados,calvados,Non,171200.0
RECONNAI,14,Calvados,calvados,Oui,23400.0
RECONNAI,14,Calvados,calvados,Ensemble,194600.0
RECONNAI,15,Cantal,cantal,Non,44800.0
RECONNAI,15,Cantal,cantal,Oui,4700.0
RECONNAI,15,Cantal,cantal,Ensemble,49500.0
RECONNAI,16,Charente,charente,Non,96400.0
RECONNAI,16,Charente,charente,Oui,14900.0
RECONNAI,16,Charente,charente,Ensemble,111300.0
RECONNAI,17,Charente-Maritime,charentemaritime,Non,201800.0
RECONNAI,17,Charente-Maritime,charentemaritime,Oui,25800.0
RECONNAI,17,Charente-Maritime,charentemaritime,Ensemble,227600.0
RECONNAI,18,Cher,cher,Non,85100.0
RECONNAI,18,Cher,cher,Oui,10700.0
RECONNAI,18,Cher,cher,Ensemble,95800.0
RECONNAI,19,Corrèze,correze,Non,70700.0
RECONNAI,19,Corrèze,correze,Oui,10800.0
RECONNAI,19,Corrèze,correze,Ensemble,81500.0
RECONNAI,21,Côte-d'Or,cotedor,Non,127100.0
RECONNAI,21,Côte-d'Or,cotedor,Oui,14900.0
RECONNAI,21,Côte-d'Or,cotedor,Ensemble,142100.0
RECONNAI,22,Côtes d'Armor,cotesdarmor,Non,173200.0
RECONNAI,22,Côtes d'Armor,cotesdarmor,Oui,23000.0
RECONNAI,22,Côtes d'Armor,cotesdarmor,Ensemble,196200.0
RECONNAI,23,Creuse,creuse,Non,37800.0
RECONNAI,23,Creuse,creuse,Oui,6100.0
RECONNAI,23,Creuse,creuse,Ensemble,43900.0
RECONNAI,24,Dordogne,dordogne,Non,134200.0
RECONNAI,24,Dordogne,dordogne,Oui,15600.0
RECONNAI,24,Dordogne,dordogne,Ensemble,149900.0
RECONNAI,25,Doubs,doubs,Non,118600.0
RECONNAI,25,Doubs,doubs,Oui,17800.0
RECONNAI,25,Doubs,doubs,Ensemble,136400.0
RECONNAI,26,Drôme,drome,Non,127600.0
RECONNAI,26,Drôme,drome,Oui,17100.0
RECONNAI,26,Drôme,drome,Ensemble,144800.0
RECONNAI,27,Eure,eure,Non,136300.0
RECONNAI,27,Eure,eure,Oui,16900.0
RECONNAI,27,Eure,eure,Ensemble,153200.0
RECONNAI,28,Eure-et-Loire,eureetloire,Non,100400.0
RECONNAI,28,Eure-et-Loire,eureetloire,Oui,14800.0
RECONNAI,28,Eure-et-Loire,eureetloire,Ensemble,115200.0
RECONNAI,29,Finistère,finistere,Non,247200.0
RECONNAI,29,Finistère,finistere,Oui,31700.0
RECONNAI,29,Finistère,finistere,Ensemble,278900.0
RECONNAI,2A,Corse-du-Sud,corsedusud,Non,40700.0
RECONNAI,2A,Corse-du-Sud,corsedusud,Oui,8100.0
RECONNAI,2A,Corse-du-Sud,corsedusud,Ensemble,48800.0
RECONNAI,2B,Haute-Corse,hautecorse,Non,46100.0
RECONNAI,2B,Haute-Corse,hautecorse,Oui,7600.0
RECONNAI,2B,Haute-Corse,hautecorse,Ensemble,53700.0
RECONNAI,30,Gard,gard,Non,194300.0
RECONNAI,30,Gard,gard,Oui,29700.0
RECONNAI,30,Gard,gard,Ensemble,224000.0
RECONNAI,31,Haute-Garonne,hautegaronne,Non,258400.0
RECONNAI,31,Haute-Garonne,hautegaronne,Oui,45400.0
RECONNAI,31,Haute-Garonne,hautegaronne,Ensemble,303700.0
RECONNAI,32,Gers,gers,Non,58100.0
RECONNAI,32,Gers,gers,Oui,8000.0
RECONNAI,32,Gers,gers,Ensemble,66100.0
RECONNAI,33,Gironde,gironde,Non,352700.0
RECONNAI,33,Gironde,gironde,Oui,52900.0
RECONNAI,33,Gironde,gironde,Ensemble,405600.0
RECONNAI,34,Hérault,herault,Non,277100.0
RECONNAI,34,Hérault,herault,Oui,47200.0
RECONNAI,34,Hérault,herault,Ensemble,324300.0
RECONNAI,35,Ille-et-Vilaine,illeetvilaine,Non,223100.0
RECONNAI,35,Ille-et-Vilaine,illeetvilaine,Oui,27400.0
RECONNAI,35,Ille-et-Vilaine,illeetvilaine,Ensemble,250500.0
RECONNAI,36,Indre,indre,Non,66900.0
RECONNAI,36,Indre,indre,Oui,8700.0
RECONNAI,36,Indre,indre,Ensemble,75600.0
RECONNAI,37,Indre-et-Loire,indreetloire,Non,148500.0
RECONNAI,37,Indre-et-Loire,indreetloire,Oui,18800.0
RECONNAI,37,Indre-et-Loire,indreetloire,Ensemble,167300.0
RECONNAI,38,Isère,isere,Non,269400.0
RECONNAI,38,Isère,isere,Oui,37200.0
RECONNAI,38,Isère,isere,Ensemble,306600.0
RECONNAI,39,Jura,jura,Non,71600.0
RECONNAI,39,Jura,jura,Oui,6300.0
RECONNAI,39,Jura,jura,Ensemble,77800.0
RECONNAI,40,Landes,landes,Non,119600.0
RECONNAI,40,Landes,landes,Oui,14500.0
RECONNAI,40,Landes,landes,Ensemble,134100.0
RECONNAI,41,Loir-et-Cher,loiretcher,Non,89600.0
RECONNAI,41,Loir-et-Cher,loiretcher,Oui,12300.0
RECONNAI,41,Loir-et-Cher,loiretcher,Ensemble,101900.0
RECONNAI,42,Loire,loire,Non,185200.0
RECONNAI,42,Loire,loire,Oui,24500.0
RECONNAI,42,Loire,loire,Ensemble,209800.0
RECONNAI,43,Haute-Loire,hauteloire,Non,56300.0
RECONNAI,43,Haute-Loire,hauteloire,Oui,13000.0
RECONNAI,43,Haute-Loire,hauteloire,Ensemble,69300.0
RECONNAI,44,Loire-Atlantique,loireatlantique,Non,294000.0
RECONNAI,44,Loire-Atlantique,loireatlantique,Oui,41900.0
RECONNAI,44,Loire-Atlantique,loireatlantique,Ensemble,335900.0
RECONNAI,45,Loiret,loiret,Non,156000.0
RECONNAI,45,Loiret,loiret,Oui,18600.0
RECONNAI,45,Loiret,loiret,Ensemble,174600.0
RECONNAI,46,Lot,lot,Non,58500.0
RECONNAI,46,Lot,lot,Oui,6700.0
RECONNAI,46,Lot,lot,Ensemble,65200.0
RECONNAI,47,Lot-et-Garonne,lotetgaronne,Non,97400.0
RECONNAI,47,Lot-et-Garonne,lotetgaronne,Oui,10700.0
RECONNAI,47,Lot-et-Garonne,lotetgaronne,Ensemble,108100.0
RECONNAI,48,Lozère,lozere,Non,20600.0
RECONNAI,48,Lozère,lozere,Oui,3000.0
RECONNAI,48,Lozère,lozere,Ensemble,23600.0
RECONNAI,49,Maine-et-Loire,maineetloire,Non,191400.0
RECONNAI,49,Maine-et-Loire,maineetloire,Oui,20200.0
RECONNAI,49,Maine-et-Loire,maineetloire,Ensemble,211600.0
RECONNAI,50,Manche,manche,Non,136600.0
RECONNAI,50,Manche,manche,Oui,20200.0
RECONNAI,50,Manche,manche,Ensemble,156700.0
RECONNAI,51,Marne,marne,Non,126400.0
RECONNAI,51,Marne,marne,Oui,15700.0
RECONNAI,51,Marne,marne,Ensemble,142100.0
RECONNAI,52,Haute-Marne,hautemarne,Non,46200.0
RECONNAI,52,Haute-Marne,hautemarne,Oui,7600.0
RECONNAI,52,Haute-Marne,hautemarne,Ensemble,53800.0
RECONNAI,53,Mayenne,mayenne,Non,75500.0
RECONNAI,53,Mayenne,mayenne,Oui,9300.0
RECONNAI,53,Mayenne,mayenne,Ensemble,84800.0
RECONNAI,54,Meurthe-et-Moselle,meurtheetmoselle,Non,161500.0
RECONNAI,54,Meurthe-et-Moselle,meurtheetmoselle,Oui,22100.0
RECONNAI,54,Meurthe-et-Moselle,meurtheetmoselle,Ensemble,183600.0
RECONNAI,55,Meuse,meuse,Non,48400.0
RECONNAI,55,Meuse,meuse,Oui,5400.0
RECONNAI,55,Meuse,meuse,Ensemble,53800.0
RECONNAI,56,Morbihan,morbihan,Non,213600.0
RECONNAI,56,Morbihan,morbihan,Oui,28100.0
RECONNAI,56,Morbihan,morbihan,Ensemble,241700.0
RECONNAI,57,Moselle,moselle,Non,237300.0
RECONNAI,57,Moselle,moselle,Oui,37800.0
RECONNAI,57,Moselle,moselle,Ensemble,275100.0
RECONNAI,58,Nièvre,nievre,Non,61700.0
RECONNAI,58,Nièvre,nievre,Oui,11000.0
RECONNAI,58,Nièvre,nievre,Ensemble,72700.0
RECONNAI,59,Nord,nord,Non,506500.0
RECONNAI,59,Nord,nord,Oui,81300.0
RECONNAI,59,Nord,nord,Ensemble,587800.0
RECONNAI,60,Oise,oise,Non,164200.0
RECONNAI,60,Oise,oise,Oui,25400.0
RECONNAI,60,Oise,oise,Ensemble,189600.0
RECONNAI,61,Orne,orne,Non,81500.0
RECONNAI,61,Orne,orne,Oui,8300.0
RECONNAI,61,Orne,orne,Ensemble,89800.0
RECONNAI,62,Pas-de-Calais,pasdecalais,Non,310600.0
RECONNAI,62,Pas-de-Calais,pasdecalais,Oui,58000.0
RECONNAI,62,Pas-de-Calais,pasdecalais,Ensemble,368500.0
RECONNAI,63,Puy-de-Dôme,puydedome,Non,163000.0
RECONNAI,63,Puy-de-Dôme,puydedome,Oui,19100.0
RECONNAI,63,Puy-de-Dôme,puydedome,Ensemble,182100.0
RECONNAI,64,Pyrénées-Atlantiques,pyreneesatlantiques,Non,182400.0
RECONNAI,64,Pyrénées-Atlantiques,pyreneesatlantiques,Oui,25600.0
RECONNAI,64,Pyrénées-Atlantiques,pyreneesatlantiques,Ensemble,208000.0
RECONNAI,65,Hautes-Pyrénées,hautespyrenees,Non,66100.0
RECONNAI,65,Hautes-Pyrénées,hautespyrenees,Oui,10600.0
RECONNAI,65,Hautes-Pyrénées,hautespyrenees,Ensemble,76700.0
RECONNAI,66,Pyrénées-Orientales,pyreneesorientales,Non,136400.0
RECONNAI,66,Pyrénées-Orientales,pyreneesorientales,Oui,20300.0
RECONNAI,66,Pyrénées-Orientales,pyreneesorientales,Ensemble,156700.0
RECONNAI,67,Bas-Rhin,basrhin,Non,252700.0
RECONNAI,67,Bas-Rhin,basrhin,Oui,29100.0
RECONNAI,67,Bas-Rhin,basrhin,Ensemble,281800.0
RECONNAI,68,Haut-Rhin,hautrhin,Non,176700.0
RECONNAI,68,Haut-Rhin,hautrhin,Oui,23700.0
RECONNAI,68,Haut-Rhin,hautrhin,Ensemble,200500.0
RECONNAI,69,Rhône,rhone,Non,346900.0
RECONNAI,69,Rhône,rhone,Oui,54000.0
RECONNAI,69,Rhône,rhone,Ensemble,400900.0
RECONNAI,70,Haute-Saône,hautesaone,Non,62300.0
RECONNAI,70,Haute-Saône,hautesaone,Oui,8200.0
RECONNAI,70,Haute-Saône,hautesaone,Ensemble,70500.0
RECONNAI,71,Saône-et-Loire,saoneetloire,Non,153700.0
RECONNAI,71,Saône-et-Loire,saoneetloire,Oui,23300.0
RECONNAI,71,Saône-et-Loire,saoneetloire,Ensemble,177000.0
RECONNAI,72,Sarthe,sarthe,Non,138200.0
RECONNAI,72,Sarthe,sarthe,Oui,20900.0
RECONNAI,72,Sarthe,sarthe,Ensemble,159100.0
RECONNAI,73,Savoie,savoie,Non,100000.0
RECONNAI,73,Savoie,savoie,Oui,17400.0
RECONNAI,73,Savoie,savoie,Ensemble,117400.0
RECONNAI,74,Haute-Savoie,hautesavoie,Non,164700.0
RECONNAI,74,Haute-Savoie,hautesavoie,Oui,19400.0
RECONNAI,74,Haute-Savoie,hautesavoie,Ensemble,184100.0
RECONNAI,75,Paris,paris,Non,413400.0
RECONNAI,75,Paris,paris,Oui,59100.0
RECONNAI,75,Paris,paris,Ensemble,472500.0
RECONNAI,76,Seine-Maritime,seinemaritime,Non,287200.0
RECONNAI,76,Seine-Maritime,seinemaritime,Oui,37400.0
RECONNAI,76,Seine-Maritime,seinemaritime,Ensemble,324600.0
RECONNAI,77,Seine-et-Marne,seineetmarne,Non,253600.0
RECONNAI,77,Seine-et-Marne,seineetmarne,Oui,32200.0
RECONNAI,77,Seine-et-Marne,seineetmarne,Ensemble,285800.0
RECONNAI,78,Yvelines,yvelines,Non,289600.0
RECONNAI,78,Yvelines,yvelines,Oui,24200.0
RECONNAI,78,Yvelines,yvelines,Ensemble,313800.0
RECONNAI,79,Deux-Sèvres,deuxsevres,Non,98100.0
RECONNAI,79,Deux-Sèvres,deuxsevres,Oui,12500.0
RECONNAI,79,Deux-Sèvres,deuxsevres,Ensemble,110600.0
RECONNAI,80,Somme,somme,Non,121100.0
RECONNAI,80,Somme,somme,Oui,26000.0
RECONNAI,80,Somme,somme,Ensemble,147100.0
RECONNAI,81,Tarn,tarn,Non,105200.0
RECONNAI,81,Tarn,tarn,Oui,16200.0
RECONNAI,81,Tarn,tarn,Ensemble,121400.0
RECONNAI,82,Tarn-et-Garonne,tarnetgaronne,Non,65000.0
RECONNAI,82,Tarn-et-Garonne,tarnetgaronne,Oui,8400.0
RECONNAI,82,Tarn-et-Garonne,tarnetgaronne,Ensemble,73400.0
RECONNAI,83,Var,var,Non,302500.0
RECONNAI,83,Var,var,Oui,49000.0
RECONNAI,83,Var,var,Ensemble,351600.0
RECONNAI,84,Vaucluse,vaucluse,Non,144000.0
RECONNAI,84,Vaucluse,vaucluse,Oui,15900.0
RECONNAI,84,Vaucluse,vaucluse,Ensemble,159900.0
RECONNAI,85,Vendée,vendee,Non,189700.0
RECONNAI,85,Vendée,vendee,Oui,23300.0
RECONNAI,85,Vendée,vendee,Ensemble,213000.0
RECONNAI,86,Vienne,vienne,Non,111200.0
RECONNAI,86,Vienne,vienne,Oui,10700.0
RECONNAI,86,Vienne,vienne,Ensemble,122000.0
RECONNAI,87,Haute-Vienne,hautevienne,Non,99400.0
RECONNAI,87,Haute-Vienne,hautevienne,Oui,16000.0
RECONNAI,87,Haute-Vienne,hautevienne,Ensemble,115500.0
RECONNAI,88,Vosges,vosges,Non,100000.0
RECONNAI,88,Vosges,vosges,Oui,11600.0
RECONNAI,88,Vosges,vosges,Ensemble,111600.0
RECONNAI,89,Yonne,yonne,Non,88700.0
RECONNAI,89,Yonne,yonne,Oui,13300.0
RECONNAI,89,Yonne,yonne,Ensemble,102000.0
RECONNAI,90,Territoire de Belfort,territoiredebelfort,Non,32000.0
RECONNAI,90,Territoire de Belfort,territoiredebelfort,Oui,4500.0
RECONNAI,90,Territoire de Belfort,territoiredebelfort,Ensemble,36600.0
RECONNAI,91,Essonne,essonne,Non,226400.0
RECONNAI,91,Essonne,essonne,Oui,34100.0
RECONNAI,91,Essonne,essonne,Ensemble,260500.0
RECONNAI,92,Hauts-de-Seine,hautsdeseine,Non,289800.0
RECONNAI,92,Hauts-de-Seine,hautsdeseine,Oui,30400.0
RECONNAI,92,Hauts-de-Seine,hautsdeseine,Ensemble,320200.0
RECONNAI,93,Seine-Saint-Denis,seinesaintdenis,Non,213700.0
RECONNAI,93,Seine-Saint-Denis,seinesaintdenis,Oui,53500.0
RECONNAI,93,Seine-Saint-Denis,seinesaintdenis,Ensemble,267200.0
RECONNAI,94,Val-de-Marne,valdemarne,Non,238900.0
RECONNAI,94,Val-de-Marne,valdemarne,Oui,38800.0
RECONNAI,94,Val-de-Marne,valdemarne,Ensemble,277700.0
RECONNAI,95,Val-d'Oise,valdoise,Non,200500.0
RECONNAI,95,Val-d'Oise,valdoise,Oui,33300.0
RECONNAI,95,Val-d'Oise,valdoise,Ensemble,233800.0
RECONNAI,971,Guadeloupe,guadeloupe,Non,96200.0
RECONNAI,971,Guadeloupe,guadeloupe,Oui,10000.0
RECONNAI,971,Guadeloupe,guadeloupe,Ensemble,106200.0
RECONNAI,972,Martinique,martinique,Non,97600.0
RECONNAI,972,Martinique,martinique,Oui,11700.0
RECONNAI,972,Martinique,martinique,Ensemble,109300.0
RECONNAI,973,Guyane,guyane,Non,25500.0
RECONNAI,973,Guyane,guyane,Oui,3000.0
RECONNAI,973,Guyane,guyane,Ensemble,28500.0
RECONNAI,974,La Réunion,lareunion,Non,144100.0
RECONNAI,974,La Réunion,lareunion,Oui,18500.0
RECONNAI,974,La Réunion,lareunion,Ensemble,162600.0
RECONNAI,976,Mayotte,mayotte,Non,12600.0
RECONNAI,976,Mayotte,mayotte,Oui,600.0
RECONNAI,976,Mayotte,mayotte,Ensemble,13100.0
"RECONNAI,None,""Lecture > Dans l'Ain, 22 200 personnes de 25 à 59 ans déclarent avoir une reconnaissance administrative d'un handicap ou d'une perte d'autonomie. "
Champ > Personnes de 5 ans ou plus vivant en logement ordinaire en France.
"Sources > Enquête Vie Quotidienne et Santé 2021, DREES."",lecturedanslain22200personnesde25a59ansdeclarentavoirunereconnaissanceadministrativedunhandicapoudunepertedautonomiechamppersonnesde5ansouplusvivantenlogementordinaireenfrancesourcesenqueteviequotidienneetsante2021drees,,"
HANDICAP,01,Ain,ain,Non,125600.0
HANDICAP,01,Ain,ain,Oui,28400.0
HANDICAP,01,Ain,ain,Ensemble,154000.0
HANDICAP,02,Aisne,aisne,Non,112300.0
HANDICAP,02,Aisne,aisne,Oui,30000.0
HANDICAP,02,Aisne,aisne,Ensemble,142400.0
HANDICAP,03,Allier,allier,Non,89600.0
HANDICAP,03,Allier,allier,Oui,23800.0
HANDICAP,03,Allier,allier,Ensemble,113400.0
HANDICAP,04,Alpes-de-Haute-Provence,alpesdehauteprovence,Non,42700.0
HANDICAP,04,Alpes-de-Haute-Provence,alpesdehauteprovence,Oui,12700.0
HANDICAP,04,Alpes-de-Haute-Provence,alpesdehauteprovence,Ensemble,55300.0
HANDICAP,05,Hautes-Alpes,hautesalpes,Non,35800.0
HANDICAP,05,Hautes-Alpes,hautesalpes,Oui,8600.0
HANDICAP,05,Hautes-Alpes,hautesalpes,Ensemble,44400.0
HANDICAP,06,Alpes-Maritimes,alpesmaritimes,Non,255200.0
HANDICAP,06,Alpes-Maritimes,alpesmaritimes,Oui,71300.0
HANDICAP,06,Alpes-Maritimes,alpesmaritimes,Ensemble,326500.0
HANDICAP,07,Ardèche,ardeche,Non,80600.0
HANDICAP,07,Ardèche,ardeche,Oui,21300.0
HANDICAP,07,Ardèche,ardeche,Ensemble,101800.0
HANDICAP,08,Ardennes,ardennes,Non,57600.0
HANDICAP,08,Ardennes,ardennes,Oui,18900.0
HANDICAP,08,Ardennes,ardennes,Ensemble,76500.0
HANDICAP,09,Ariège,ariege,Non,38800.0
HANDICAP,09,Ariège,ariege,Oui,12100.0
HANDICAP,09,Ariège,ariege,Ensemble,50900.0
HANDICAP,10,Aube,aube,Non,66700.0
HANDICAP,10,Aube,aube,Oui,17500.0
HANDICAP,10,Aube,aube,Ensemble,84200.0
HANDICAP,11,Aude,aude,Non,98100.0
HANDICAP,11,Aude,aude,Oui,25600.0
HANDICAP,11,Aude,aude,Ensemble,123700.0
HANDICAP,12,Aveyron,aveyron,Non,74500.0
HANDICAP,12,Aveyron,aveyron,Oui,18400.0
HANDICAP,12,Aveyron,aveyron,Ensemble,92800.0
HANDICAP,13,Bouches-du-Rhône,bouchesdurhone,Non,412100.0
HANDICAP,13,Bouches-du-Rhône,bouchesdurhone,Oui,117300.0
HANDICAP,13,Bouches-du-Rhône,bouchesdurhone,Ensemble,529400.0
HANDICAP,14,Calvados,calvados,Non,160400.0
HANDICAP,14,Calvados,calvados,Oui,34200.0
HANDICAP,14,Calvados,calvados,Ensemble,194600.0
HANDICAP,15,Cantal,cantal,Non,38700.0
HANDICAP,15,Cantal,cantal,Oui,10800.0
HANDICAP,15,Cantal,cantal,Ensemble,49500.0
HANDICAP,16,Charente,charente,Non,88800.0
HANDICAP,16,Charente,charente,Oui,22500.0
HANDICAP,16,Charente,charente,Ensemble,111300.0
HANDICAP,17,Charente-Maritime,charentemaritime,Non,181600.0
HANDICAP,17,Charente-Maritime,charentemaritime,Oui,46100.0
HANDICAP,17,Charente-Maritime,charentemaritime,Ensemble,227600.0
HANDICAP,18,Cher,cher,Non,76600.0
HANDICAP,18,Cher,cher,Oui,19200.0
HANDICAP,18,Cher,cher,Ensemble,95800.0
HANDICAP,19,Corrèze,correze,Non,63700.0
HANDICAP,19,Corrèze,correze,Oui,17800.0
HANDICAP,19,Corrèze,correze,Ensemble,81500.0
HANDICAP,21,Côte-d'Or,cotedor,Non,117800.0
HANDICAP,21,Côte-d'Or,cotedor,Oui,24200.0
HANDICAP,21,Côte-d'Or,cotedor,Ensemble,142100.0
HANDICAP,22,Côtes d'Armor,cotesdarmor,Non,159000.0
HANDICAP,22,Côtes d'Armor,cotesdarmor,Oui,37300.0
HANDICAP,22,Côtes d'Armor,cotesdarmor,Ensemble,196200.0
HANDICAP,23,Creuse,creuse,Non,33400.0
HANDICAP,23,Creuse,creuse,Oui,10500.0
HANDICAP,23,Creuse,creuse,Ensemble,43900.0
HANDICAP,24,Dordogne,dordogne,Non,122300.0
HANDICAP,24,Dordogne,dordogne,Oui,27600.0
HANDICAP,24,Dordogne,dordogne,Ensemble,149900.0
HANDICAP,25,Doubs,doubs,Non,109300.0
HANDICAP,25,Doubs,doubs,Oui,27100.0
HANDICAP,25,Doubs,doubs,Ensemble,136400.0
HANDICAP,26,Drôme,drome,Non,117800.0
HANDICAP,26,Drôme,drome,Oui,27000.0
HANDICAP,26,Drôme,drome,Ensemble,144800.0
HANDICAP,27,Eure,eure,Non,129000.0
HANDICAP,27,Eure,eure,Oui,24200.0
HANDICAP,27,Eure,eure,Ensemble,153200.0
HANDICAP,28,Eure-et-Loire,eureetloire,Non,90100.0
HANDICAP,28,Eure-et-Loire,eureetloire,Oui,25100.0
HANDICAP,28,Eure-et-Loire,eureetloire,Ensemble,115200.0
HANDICAP,29,Finistère,finistere,Non,224800.0
HANDICAP,29,Finistère,finistere,Oui,54100.0
HANDICAP,29,Finistère,finistere,Ensemble,278900.0
HANDICAP,2A,Corse-du-Sud,corsedusud,Non,35800.0
HANDICAP,2A,Corse-du-Sud,corsedusud,Oui,13000.0
HANDICAP,2A,Corse-du-Sud,corsedusud,Ensemble,48800.0
HANDICAP,2B,Haute-Corse,hautecorse,Non,41600.0
HANDICAP,2B,Haute-Corse,hautecorse,Oui,12100.0
HANDICAP,2B,Haute-Corse,hautecorse,Ensemble,53700.0
HANDICAP,30,Gard,gard,Non,172400.0
HANDICAP,30,Gard,gard,Oui,51700.0
HANDICAP,30,Gard,gard,Ensemble,224000.0
HANDICAP,31,Haute-Garonne,hautegaronne,Non,234000.0
HANDICAP,31,Haute-Garonne,hautegaronne,Oui,69700.0
HANDICAP,31,Haute-Garonne,hautegaronne,Ensemble,303700.0
HANDICAP,32,Gers,gers,Non,53400.0
HANDICAP,32,Gers,gers,Oui,12600.0
HANDICAP,32,Gers,gers,Ensemble,66100.0
HANDICAP,33,Gironde,gironde,Non,316200.0
HANDICAP,33,Gironde,gironde,Oui,89500.0
HANDICAP,33,Gironde,gironde,Ensemble,405600.0
HANDICAP,34,Hérault,herault,Non,255200.0
HANDICAP,34,Hérault,herault,Oui,69100.0
HANDICAP,34,Hérault,herault,Ensemble,324300.0
HANDICAP,35,Ille-et-Vilaine,illeetvilaine,Non,201200.0
HANDICAP,35,Ille-et-Vilaine,illeetvilaine,Oui,49200.0
HANDICAP,35,Ille-et-Vilaine,illeetvilaine,Ensemble,250500.0
HANDICAP,36,Indre,indre,Non,61400.0
HANDICAP,36,Indre,indre,Oui,14300.0
HANDICAP,36,Indre,indre,Ensemble,75600.0
HANDICAP,37,Indre-et-Loire,indreetloire,Non,140000.0
HANDICAP,37,Indre-et-Loire,indreetloire,Oui,27300.0
HANDICAP,37,Indre-et-Loire,indreetloire,Ensemble,167300.0
HANDICAP,38,Isère,isere,Non,244900.0
HANDICAP,38,Isère,isere,Oui,61600.0
HANDICAP,38,Isère,isere,Ensemble,306600.0
HANDICAP,39,Jura,jura,Non,65600.0
HANDICAP,39,Jura,jura,Oui,12200.0
HANDICAP,39,Jura,jura,Ensemble,77800.0
HANDICAP,40,Landes,landes,Non,105300.0
HANDICAP,40,Landes,landes,Oui,28800.0
HANDICAP,40,Landes,landes,Ensemble,134100.0
HANDICAP,41,Loir-et-Cher,loiretcher,Non,83700.0
HANDICAP,41,Loir-et-Cher,loiretcher,Oui,18200.0
HANDICAP,41,Loir-et-Cher,loiretcher,Ensemble,101900.0
HANDICAP,42,Loire,loire,Non,168100.0
HANDICAP,42,Loire,loire,Oui,41700.0
HANDICAP,42,Loire,loire,Ensemble,209800.0
HANDICAP,43,Haute-Loire,hauteloire,Non,53900.0
HANDICAP,43,Haute-Loire,hauteloire,Oui,15400.0
HANDICAP,43,Haute-Loire,hauteloire,Ensemble,69300.0
HANDICAP,44,Loire-Atlantique,loireatlantique,Non,275800.0
HANDICAP,44,Loire-Atlantique,loireatlantique,Oui,60200.0
HANDICAP,44,Loire-Atlantique,loireatlantique,Ensemble,335900.0
HANDICAP,45,Loiret,loiret,Non,137800.0
HANDICAP,45,Loiret,loiret,Oui,36800.0
HANDICAP,45,Loiret,loiret,Ensemble,174600.0
HANDICAP,46,Lot,lot,Non,52800.0
HANDICAP,46,Lot,lot,Oui,12400.0
HANDICAP,46,Lot,lot,Ensemble,65200.0
HANDICAP,47,Lot-et-Garonne,lotetgaronne,Non,87700.0
HANDICAP,47,Lot-et-Garonne,lotetgaronne,Oui,20400.0
HANDICAP,47,Lot-et-Garonne,lotetgaronne,Ensemble,108100.0
HANDICAP,48,Lozère,lozere,Non,19200.0
HANDICAP,48,Lozère,lozere,Oui,4300.0
HANDICAP,48,Lozère,lozere,Ensemble,23600.0
HANDICAP,49,Maine-et-Loire,maineetloire,Non,172200.0
HANDICAP,49,Maine-et-Loire,maineetloire,Oui,39400.0
HANDICAP,49,Maine-et-Loire,maineetloire,Ensemble,211600.0
HANDICAP,50,Manche,manche,Non,127700.0
HANDICAP,50,Manche,manche,Oui,29100.0
HANDICAP,50,Manche,manche,Ensemble,156700.0
HANDICAP,51,Marne,marne,Non,111800.0
HANDICAP,51,Marne,marne,Oui,30300.0
HANDICAP,51,Marne,marne,Ensemble,142100.0
HANDICAP,52,Haute-Marne,hautemarne,Non,42700.0
HANDICAP,52,Haute-Marne,hautemarne,Oui,11100.0
HANDICAP,52,Haute-Marne,hautemarne,Ensemble,53800.0
HANDICAP,53,Mayenne,mayenne,Non,68900.0
HANDICAP,53,Mayenne,mayenne,Oui,15900.0
HANDICAP,53,Mayenne,mayenne,Ensemble,84800.0
HANDICAP,54,Meurthe-et-Moselle,meurtheetmoselle,Non,149600.0
HANDICAP,54,Meurthe-et-Moselle,meurtheetmoselle,Oui,34000.0
HANDICAP,54,Meurthe-et-Moselle,meurtheetmoselle,Ensemble,183600.0
HANDICAP,55,Meuse,meuse,Non,42000.0
HANDICAP,55,Meuse,meuse,Oui,11800.0
HANDICAP,55,Meuse,meuse,Ensemble,53800.0
HANDICAP,56,Morbihan,morbihan,Non,198100.0
HANDICAP,56,Morbihan,morbihan,Oui,43600.0
HANDICAP,56,Morbihan,morbihan,Ensemble,241700.0
HANDICAP,57,Moselle,moselle,Non,206700.0
HANDICAP,57,Moselle,moselle,Oui,68400.0
HANDICAP,57,Moselle,moselle,Ensemble,275100.0
HANDICAP,58,Nièvre,nievre,Non,55800.0
HANDICAP,58,Nièvre,nievre,Oui,16900.0
HANDICAP,58,Nièvre,nievre,Ensemble,72700.0
HANDICAP,59,Nord,nord,Non,437500.0
HANDICAP,59,Nord,nord,Oui,150400.0
HANDICAP,59,Nord,nord,Ensemble,587800.0
HANDICAP,60,Oise,oise,Non,149500.0
HANDICAP,60,Oise,oise,Oui,40100.0
HANDICAP,60,Oise,oise,Ensemble,189600.0
HANDICAP,61,Orne,orne,Non,75500.0
HANDICAP,61,Orne,orne,Oui,14300.0
HANDICAP,61,Orne,orne,Ensemble,89800.0
HANDICAP,62,Pas-de-Calais,pasdecalais,Non,279300.0
HANDICAP,62,Pas-de-Calais,pasdecalais,Oui,89200.0
HANDICAP,62,Pas-de-Calais,pasdecalais,Ensemble,368500.0
HANDICAP,63,Puy-de-Dôme,puydedome,Non,145000.0
HANDICAP,63,Puy-de-Dôme,puydedome,Oui,37100.0
HANDICAP,63,Puy-de-Dôme,puydedome,Ensemble,182100.0
HANDICAP,64,Pyrénées-Atlantiques,pyreneesatlantiques,Non,165100.0
HANDICAP,64,Pyrénées-Atlantiques,pyreneesatlantiques,Oui,43000.0
HANDICAP,64,Pyrénées-Atlantiques,pyreneesatlantiques,Ensemble,208000.0
HANDICAP,65,Hautes-Pyrénées,hautespyrenees,Non,60600.0
HANDICAP,65,Hautes-Pyrénées,hautespyrenees,Oui,16100.0
HANDICAP,65,Hautes-Pyrénées,hautespyrenees,Ensemble,76700.0
HANDICAP,66,Pyrénées-Orientales,pyreneesorientales,Non,119500.0
HANDICAP,66,Pyrénées-Orientales,pyreneesorientales,Oui,37200.0
HANDICAP,66,Pyrénées-Orientales,pyreneesorientales,Ensemble,156700.0
HANDICAP,67,Bas-Rhin,basrhin,Non,225800.0
HANDICAP,67,Bas-Rhin,basrhin,Oui,56000.0
HANDICAP,67,Bas-Rhin,basrhin,Ensemble,281800.0
HANDICAP,68,Haut-Rhin,hautrhin,Non,157600.0
HANDICAP,68,Haut-Rhin,hautrhin,Oui,42900.0
HANDICAP,68,Haut-Rhin,hautrhin,Ensemble,200500.0
HANDICAP,69,Rhône,rhone,Non,322100.0
HANDICAP,69,Rhône,rhone,Oui,78700.0
HANDICAP,69,Rhône,rhone,Ensemble,400900.0
HANDICAP,70,Haute-Saône,hautesaone,Non,54600.0
HANDICAP,70,Haute-Saône,hautesaone,Oui,15900.0
HANDICAP,70,Haute-Saône,hautesaone,Ensemble,70500.0
HANDICAP,71,Saône-et-Loire,saoneetloire,Non,140400.0
HANDICAP,71,Saône-et-Loire,saoneetloire,Oui,36600.0
HANDICAP,71,Saône-et-Loire,saoneetloire,Ensemble,177000.0
HANDICAP,72,Sarthe,sarthe,Non,127900.0
HANDICAP,72,Sarthe,sarthe,Oui,31200.0
HANDICAP,72,Sarthe,sarthe,Ensemble,159100.0
HANDICAP,73,Savoie,savoie,Non,96000.0
HANDICAP,73,Savoie,savoie,Oui,21400.0
HANDICAP,73,Savoie,savoie,Ensemble,117400.0
HANDICAP,74,Haute-Savoie,hautesavoie,Non,156400.0
HANDICAP,74,Haute-Savoie,hautesavoie,Oui,27700.0
HANDICAP,74,Haute-Savoie,hautesavoie,Ensemble,184100.0
HANDICAP,75,Paris,paris,Non,379700.0
HANDICAP,75,Paris,paris,Oui,92800.0
HANDICAP,75,Paris,paris,Ensemble,472500.0
HANDICAP,76,Seine-Maritime,seinemaritime,Non,265500.0
HANDICAP,76,Seine-Maritime,seinemaritime,Oui,59200.0
HANDICAP,76,Seine-Maritime,seinemaritime,Ensemble,324600.0
HANDICAP,77,Seine-et-Marne,seineetmarne,Non,231800.0
HANDICAP,77,Seine-et-Marne,seineetmarne,Oui,54000.0
HANDICAP,77,Seine-et-Marne,seineetmarne,Ensemble,285800.0
HANDICAP,78,Yvelines,yvelines,Non,268800.0
HANDICAP,78,Yvelines,yvelines,Oui,45100.0
HANDICAP,78,Yvelines,yvelines,Ensemble,313800.0
HANDICAP,79,Deux-Sèvres,deuxsevres,Non,90700.0
HANDICAP,79,Deux-Sèvres,deuxsevres,Oui,19900.0
HANDICAP,79,Deux-Sèvres,deuxsevres,Ensemble,110600.0
HANDICAP,80,Somme,somme,Non,106200.0
HANDICAP,80,Somme,somme,Oui,40800.0
HANDICAP,80,Somme,somme,Ensemble,147100.0
HANDICAP,81,Tarn,tarn,Non,94400.0
HANDICAP,81,Tarn,tarn,Oui,26900.0
HANDICAP,81,Tarn,tarn,Ensemble,121400.0
HANDICAP,82,Tarn-et-Garonne,tarnetgaronne,Non,58900.0
HANDICAP,82,Tarn-et-Garonne,tarnetgaronne,Oui,14600.0
HANDICAP,82,Tarn-et-Garonne,tarnetgaronne,Ensemble,73400.0
HANDICAP,83,Var,var,Non,275400.0
HANDICAP,83,Var,var,Oui,76200.0
HANDICAP,83,Var,var,Ensemble,351600.0
HANDICAP,84,Vaucluse,vaucluse,Non,124600.0
HANDICAP,84,Vaucluse,vaucluse,Oui,35300.0
HANDICAP,84,Vaucluse,vaucluse,Ensemble,159900.0
HANDICAP,85,Vendée,vendee,Non,172200.0
HANDICAP,85,Vendée,vendee,Oui,40800.0
HANDICAP,85,Vendée,vendee,Ensemble,213000.0
HANDICAP,86,Vienne,vienne,Non,99900.0
HANDICAP,86,Vienne,vienne,Oui,22100.0
HANDICAP,86,Vienne,vienne,Ensemble,122000.0
HANDICAP,87,Haute-Vienne,hautevienne,Non,90100.0
HANDICAP,87,Haute-Vienne,hautevienne,Oui,25300.0
HANDICAP,87,Haute-Vienne,hautevienne,Ensemble,115500.0
HANDICAP,88,Vosges,vosges,Non,89600.0
HANDICAP,88,Vosges,vosges,Oui,22000.0
HANDICAP,88,Vosges,vosges,Ensemble,111600.0
HANDICAP,89,Yonne,yonne,Non,80300.0
HANDICAP,89,Yonne,yonne,Oui,21700.0
HANDICAP,89,Yonne,yonne,Ensemble,102000.0
HANDICAP,90,Territoire de Belfort,territoiredebelfort,Non,27500.0
HANDICAP,90,Territoire de Belfort,territoiredebelfort,Oui,9100.0
HANDICAP,90,Territoire de Belfort,territoiredebelfort,Ensemble,36600.0
HANDICAP,91,Essonne,essonne,Non,206500.0
HANDICAP,91,Essonne,essonne,Oui,54000.0
HANDICAP,91,Essonne,essonne,Ensemble,260500.0
HANDICAP,92,Hauts-de-Seine,hautsdeseine,Non,267300.0
HANDICAP,92,Hauts-de-Seine,hautsdeseine,Oui,52900.0
HANDICAP,92,Hauts-de-Seine,hautsdeseine,Ensemble,320200.0
HANDICAP,93,Seine-Saint-Denis,seinesaintdenis,Non,198700.0
HANDICAP,93,Seine-Saint-Denis,seinesaintdenis,Oui,68500.0
HANDICAP,93,Seine-Saint-Denis,seinesaintdenis,Ensemble,267200.0
HANDICAP,94,Val-de-Marne,valdemarne,Non,217100.0
HANDICAP,94,Val-de-Marne,valdemarne,Oui,60600.0
HANDICAP,94,Val-de-Marne,valdemarne,Ensemble,277700.0
HANDICAP,95,Val-d'Oise,valdoise,Non,186000.0
HANDICAP,95,Val-d'Oise,valdoise,Oui,47800.0
HANDICAP,95,Val-d'Oise,valdoise,Ensemble,233800.0
HANDICAP,971,Guadeloupe,guadeloupe,Non,85900.0
HANDICAP,971,Guadeloupe,guadeloupe,Oui,20300.0
HANDICAP,971,Guadeloupe,guadeloupe,Ensemble,106200.0
HANDICAP,972,Martinique,martinique,Non,84900.0
HANDICAP,972,Martinique,martinique,Oui,24400.0
HANDICAP,972,Martinique,martinique,Ensemble,109300.0
HANDICAP,973,Guyane,guyane,Non,22500.0
HANDICAP,973,Guyane,guyane,Oui,6000.0
HANDICAP,973,Guyane,guyane,Ensemble,28500.0
HANDICAP,974,La Réunion,lareunion,Non,129900.0
HANDICAP,974,La Réunion,lareunion,Oui,32700.0
HANDICAP,974,La Réunion,lareunion,Ensemble,162600.0
HANDICAP,976,Mayotte,mayotte,Non,11300.0
HANDICAP,976,Mayotte,mayotte,Oui,1900.0
HANDICAP,976,Mayotte,mayotte,Ensemble,13100.0
"HANDICAP,None,""Lecture > Dans l'Ain, 24 400 personnes de 25 à 59 ans considèrent avoir un handicap. "
Champ > Personnes de 5 ans ou plus vivant en logement ordinaire en France.
"Sources > Enquête Vie Quotidienne et Santé 2021, DREES."",lecturedanslain24400personnesde25a59ansconsiderentavoirunhandicapchamppersonnesde5ansouplusvivantenlogementordinaireenfrancesourcesenqueteviequotidienneetsante2021drees,,"
"APPRENT,01,Ain,ain,""1 - Oui, beaucoup"",500.0"
"APPRENT,01,Ain,ain,""2 - Oui, un peu"",3500.0"
"APPRENT,01,Ain,ain,""3 - Non, aucune"",35100.0"
APPRENT,01,Ain,ain,Ensemble,39100.0
"APPRENT,02,Aisne,aisne,""1 - Oui, beaucoup"",1000.0"
"APPRENT,02,Aisne,aisne,""2 - Oui, un peu"",2400.0"
"APPRENT,02,Aisne,aisne,""3 - Non, aucune"",25800.0"
APPRENT,02,Aisne,aisne,Ensemble,29300.0
"APPRENT,03,Allier,allier,""1 - Oui, beaucoup"",100.0"
"APPRENT,03,Allier,allier,""2 - Oui, un peu"",600.0"
"APPRENT,03,Allier,allier,""3 - Non, aucune"",12200.0"
APPRENT,03,Allier,allier,Ensemble,13000.0
"APPRENT,04,Alpes-de-Haute-Provence,alpesdehauteprovence,""1 - Oui, beaucoup"",200.0"
"APPRENT,04,Alpes-de-Haute-Provence,alpesdehauteprovence,""2 - Oui, un peu"",400.0"
"APPRENT,04,Alpes-de-Haute-Provence,alpesdehauteprovence,""3 - Non, aucune"",5000.0"
APPRENT,04,Alpes-de-Haute-Provence,alpesdehauteprovence,Ensemble,5700.0
"APPRENT,05,Hautes-Alpes,hautesalpes,""1 - Oui, beaucoup"",100.0"
"APPRENT,05,Hautes-Alpes,hautesalpes,""2 - Oui, un peu"",300.0"
"APPRENT,05,Hautes-Alpes,hautesalpes,""3 - Non, aucune"",5000.0"
APPRENT,05,Hautes-Alpes,hautesalpes,Ensemble,5400.0
"APPRENT,06,Alpes-Maritimes,alpesmaritimes,""1 - Oui, beaucoup"",700.0"
"APPRENT,06,Alpes-Maritimes,alpesmaritimes,""2 - Oui, un peu"",4400.0"
"APPRENT,06,Alpes-Maritimes,alpesmaritimes,""3 - Non, aucune"",41200.0"
APPRENT,06,Alpes-Maritimes,alpesmaritimes,Ensemble,46300.0
"APPRENT,07,Ardèche,ardeche,""1 - Oui, beaucoup"",400.0"
"APPRENT,07,Ardèche,ardeche,""2 - Oui, un peu"",900.0"
"APPRENT,07,Ardèche,ardeche,""3 - Non, aucune"",15100.0"
APPRENT,07,Ardèche,ardeche,Ensemble,16400.0
"APPRENT,08,Ardennes,ardennes,""1 - Oui, beaucoup"",100.0"
"APPRENT,08,Ardennes,ardennes,""2 - Oui, un peu"",900.0"
"APPRENT,08,Ardennes,ardennes,""3 - Non, aucune"",12600.0"
APPRENT,08,Ardennes,ardennes,Ensemble,13600.0
"APPRENT,09,Ariège,ariege,""1 - Oui, beaucoup"",100.0"
"APPRENT,09,Ariège,ariege,""2 - Oui, un peu"",300.0"
"APPRENT,09,Ariège,ariege,""3 - Non, aucune"",6300.0"
APPRENT,09,Ariège,ariege,Ensemble,6700.0
"APPRENT,10,Aube,aube,""1 - Oui, beaucoup"",100.0"
"APPRENT,10,Aube,aube,""2 - Oui, un peu"",1600.0"
"APPRENT,10,Aube,aube,""3 - Non, aucune"",14400.0"
APPRENT,10,Aube,aube,Ensemble,16000.0
"APPRENT,11,Aude,aude,""1 - Oui, beaucoup"",1200.0"
"APPRENT,11,Aude,aude,""2 - Oui, un peu"",1200.0"
"APPRENT,11,Aude,aude,""3 - Non, aucune"",14900.0"
APPRENT,11,Aude,aude,Ensemble,17300.0
"APPRENT,12,Aveyron,aveyron,""1 - Oui, beaucoup"","
"APPRENT,12,Aveyron,aveyron,""2 - Oui, un peu"","
"APPRENT,12,Aveyron,aveyron,""3 - Non, aucune"","
APPRENT,12,Aveyron,aveyron,Ensemble,
"APPRENT,13,Bouches-du-Rhône,bouchesdurhone,""1 - Oui, beaucoup"",3400.0"
"APPRENT,13,Bouches-du-Rhône,bouchesdurhone,""2 - Oui, un peu"",8600.0"
"APPRENT,13,Bouches-du-Rhône,bouchesdurhone,""3 - Non, aucune"",96700.0"
APPRENT,13,Bouches-du-Rhône,bouchesdurhone,Ensemble,108600.0
"APPRENT,14,Calvados,calvados,""1 - Oui, beaucoup"",1600.0"
"APPRENT,14,Calvados,calvados,""2 - Oui, un peu"",2400.0"
"APPRENT,14,Calvados,calvados,""3 - Non, aucune"",32900.0"
APPRENT,14,Calvados,calvados,Ensemble,36900.0
"APPRENT,15,Cantal,cantal,""1 - Oui, beaucoup"","
"APPRENT,15,Cantal,cantal,""2 - Oui, un peu"","
"APPRENT,15,Cantal,cantal,""3 - Non, aucune"","
APPRENT,15,Cantal,cantal,Ensemble,
"APPRENT,16,Charente,charente,""1 - Oui, beaucoup"",200.0"
"APPRENT,16,Charente,charente,""2 - Oui, un peu"",1000.0"
"APPRENT,16,Charente,charente,""3 - Non, aucune"",13800.0"
APPRENT,16,Charente,charente,Ensemble,15100.0
"APPRENT,17,Charente-Maritime,charentemaritime,""1 - Oui, beaucoup"",300.0"
"APPRENT,17,Charente-Maritime,charentemaritime,""2 - Oui, un peu"",2400.0"
"APPRENT,17,Charente-Maritime,charentemaritime,""3 - Non, aucune"",26600.0"
APPRENT,17,Charente-Maritime,charentemaritime,Ensemble,29300.0
"APPRENT,18,Cher,cher,""1 - Oui, beaucoup"","
"APPRENT,18,Cher,cher,""2 - Oui, un peu"","
"APPRENT,18,Cher,cher,""3 - Non, aucune"","
APPRENT,18,Cher,cher,Ensemble,
"APPRENT,19,Corrèze,correze,""1 - Oui, beaucoup"",200.0"
"APPRENT,19,Corrèze,correze,""2 - Oui, un peu"",1100.0"
"APPRENT,19,Corrèze,correze,""3 - Non, aucune"",10300.0"
APPRENT,19,Corrèze,correze,Ensemble,11700.0
"APPRENT,21,Côte-d'Or,cotedor,""1 - Oui, beaucoup"",1100.0"
"APPRENT,21,Côte-d'Or,cotedor,""2 - Oui, un peu"",900.0"
"APPRENT,21,Côte-d'Or,cotedor,""3 - Non, aucune"",23500.0"
APPRENT,21,Côte-d'Or,cotedor,Ensemble,25500.0
"APPRENT,22,Côtes d'Armor,cotesdarmor,""1 - Oui, beaucoup"",800.0"
"APPRENT,22,Côtes d'Armor,cotesdarmor,""2 - Oui, un peu"",2400.0"
"APPRENT,22,Côtes d'Armor,cotesdarmor,""3 - Non, aucune"",22400.0"
APPRENT,22,Côtes d'Armor,cotesdarmor,Ensemble,25600.0
"APPRENT,23,Creuse,creuse,""1 - Oui, beaucoup"","
"APPRENT,23,Creuse,creuse,""2 - Oui, un peu"","
"APPRENT,23,Creuse,creuse,""3 - Non, aucune"","
APPRENT,23,Creuse,creuse,Ensemble,
"APPRENT,24,Dordogne,dordogne,""1 - Oui, beaucoup"",100.0"
"APPRENT,24,Dordogne,dordogne,""2 - Oui, un peu"",900.0"
"APPRENT,24,Dordogne,dordogne,""3 - Non, aucune"",19100.0"
APPRENT,24,Dordogne,dordogne,Ensemble,20100.0
"APPRENT,25,Doubs,doubs,""1 - Oui, beaucoup"",600.0"
"APPRENT,25,Doubs,doubs,""2 - Oui, un peu"",1700.0"
"APPRENT,25,Doubs,doubs,""3 - Non, aucune"",27500.0"
APPRENT,25,Doubs,doubs,Ensemble,29800.0
"APPRENT,26,Drôme,drome,""1 - Oui, beaucoup"",1100.0"
"APPRENT,26,Drôme,drome,""2 - Oui, un peu"",3000.0"
"APPRENT,26,Drôme,drome,""3 - Non, aucune"",22700.0"
APPRENT,26,Drôme,drome,Ensemble,26900.0
"APPRENT,27,Eure,eure,""1 - Oui, beaucoup"",100.0"
"APPRENT,27,Eure,eure,""2 - Oui, un peu"",700.0"
"APPRENT,27,Eure,eure,""3 - Non, aucune"",26900.0"
APPRENT,27,Eure,eure,Ensemble,27700.0
"APPRENT,28,Eure-et-Loire,eureetloire,""1 - Oui, beaucoup"",700.0"
"APPRENT,28,Eure-et-Loire,eureetloire,""2 - Oui, un peu"",2000.0"
"APPRENT,28,Eure-et-Loire,eureetloire,""3 - Non, aucune"",18700.0"
APPRENT,28,Eure-et-Loire,eureetloire,Ensemble,21400.0
"APPRENT,29,Finistère,finistere,""1 - Oui, beaucoup"",1300.0"
"APPRENT,29,Finistère,finistere,""2 - Oui, un peu"",1500.0"
"APPRENT,29,Finistère,finistere,""3 - Non, aucune"",44800.0"
APPRENT,29,Finistère,finistere,Ensemble,47700.0
"APPRENT,2A,Corse-du-Sud,corsedusud,""1 - Oui, beaucoup"","
"APPRENT,2A,Corse-du-Sud,corsedusud,""2 - Oui, un peu"","
"APPRENT,2A,Corse-du-Sud,corsedusud,""3 - Non, aucune"","
APPRENT,2A,Corse-du-Sud,corsedusud,Ensemble,
"APPRENT,2B,Haute-Corse,hautecorse,""1 - Oui, beaucoup"","
"APPRENT,2B,Haute-Corse,hautecorse,""2 - Oui, un peu"","
"APPRENT,2B,Haute-Corse,hautecorse,""3 - Non, aucune"","
APPRENT,2B,Haute-Corse,hautecorse,Ensemble,
"APPRENT,30,Gard,gard,""1 - Oui, beaucoup"",1100.0"
"APPRENT,30,Gard,gard,""2 - Oui, un peu"",1400.0"
"APPRENT,30,Gard,gard,""3 - Non, aucune"",33100.0"
APPRENT,30,Gard,gard,Ensemble,35600.0
"APPRENT,31,Haute-Garonne,hautegaronne,""1 - Oui, beaucoup"",3100.0"
"APPRENT,31,Haute-Garonne,hautegaronne,""2 - Oui, un peu"",6700.0"
"APPRENT,31,Haute-Garonne,hautegaronne,""3 - Non, aucune"",67900.0"
APPRENT,31,Haute-Garonne,hautegaronne,Ensemble,77600.0
"APPRENT,32,Gers,gers,""1 - Oui, beaucoup"",500.0"
"APPRENT,32,Gers,gers,""2 - Oui, un peu"",900.0"
"APPRENT,32,Gers,gers,""3 - Non, aucune"",7300.0"
APPRENT,32,Gers,gers,Ensemble,8600.0
"APPRENT,33,Gironde,gironde,""1 - Oui, beaucoup"",1200.0"
"APPRENT,33,Gironde,gironde,""2 - Oui, un peu"",3400.0"
"APPRENT,33,Gironde,gironde,""3 - Non, aucune"",74200.0"
APPRENT,33,Gironde,gironde,Ensemble,78800.0
"APPRENT,34,Hérault,herault,""1 - Oui, beaucoup"",1700.0"
"APPRENT,34,Hérault,herault,""2 - Oui, un peu"",3100.0"
"APPRENT,34,Hérault,herault,""3 - Non, aucune"",48700.0"
APPRENT,34,Hérault,herault,Ensemble,53500.0
"APPRENT,35,Ille-et-Vilaine,illeetvilaine,""1 - Oui, beaucoup"",1300.0"
"APPRENT,35,Ille-et-Vilaine,illeetvilaine,""2 - Oui, un peu"",3100.0"
"APPRENT,35,Ille-et-Vilaine,illeetvilaine,""3 - Non, aucune"",62200.0"
APPRENT,35,Ille-et-Vilaine,illeetvilaine,Ensemble,66600.0
"APPRENT,36,Indre,indre,""1 - Oui, beaucoup"",100.0"
"APPRENT,36,Indre,indre,""2 - Oui, un peu"",600.0"
"APPRENT,36,Indre,indre,""3 - Non, aucune"",7900.0"
APPRENT,36,Indre,indre,Ensemble,8600.0
"APPRENT,37,Indre-et-Loire,indreetloire,""1 - Oui, beaucoup"",500.0"
"APPRENT,37,Indre-et-Loire,indreetloire,""2 - Oui, un peu"",1200.0"
"APPRENT,37,Indre-et-Loire,indreetloire,""3 - Non, aucune"",23100.0"
APPRENT,37,Indre-et-Loire,indreetloire,Ensemble,24800.0
"APPRENT,38,Isère,isere,""1 - Oui, beaucoup"",1100.0"
"APPRENT,38,Isère,isere,""2 - Oui, un peu"",5800.0"
"APPRENT,38,Isère,isere,""3 - Non, aucune"",58700.0"
APPRENT,38,Isère,isere,Ensemble,65600.0
"APPRENT,39,Jura,jura,""1 - Oui, beaucoup"",300.0"
"APPRENT,39,Jura,jura,""2 - Oui, un peu"",600.0"
"APPRENT,39,Jura,jura,""3 - Non, aucune"",10400.0"
APPRENT,39,Jura,jura,Ensemble,11400.0
"APPRENT,40,Landes,landes,""1 - Oui, beaucoup"",600.0"
"APPRENT,40,Landes,landes,""2 - Oui, un peu"",1400.0"
"APPRENT,40,Landes,landes,""3 - Non, aucune"",16000.0"
APPRENT,40,Landes,landes,Ensemble,18100.0
"APPRENT,41,Loir-et-Cher,loiretcher,""1 - Oui, beaucoup"",300.0"
"APPRENT,41,Loir-et-Cher,loiretcher,""2 - Oui, un peu"",600.0"
"APPRENT,41,Loir-et-Cher,loiretcher,""3 - Non, aucune"",18300.0"
APPRENT,41,Loir-et-Cher,loiretcher,Ensemble,19300.0
"APPRENT,42,Loire,loire,""1 - Oui, beaucoup"","
"APPRENT,42,Loire,loire,""2 - Oui, un peu"","
"APPRENT,42,Loire,loire,""3 - Non, aucune"","
APPRENT,42,Loire,loire,Ensemble,
"APPRENT,43,Haute-Loire,hauteloire,""1 - Oui, beaucoup"",200.0"
"APPRENT,43,Haute-Loire,hauteloire,""2 - Oui, un peu"",800.0"
"APPRENT,43,Haute-Loire,hauteloire,""3 - Non, aucune"",9200.0"
APPRENT,43,Haute-Loire,hauteloire,Ensemble,10200.0
"APPRENT,44,Loire-Atlantique,loireatlantique,""1 - Oui, beaucoup"",2900.0"
"APPRENT,44,Loire-Atlantique,loireatlantique,""2 - Oui, un peu"",2400.0"
"APPRENT,44,Loire-Atlantique,loireatlantique,""3 - Non, aucune"",68600.0"
APPRENT,44,Loire-Atlantique,loireatlantique,Ensemble,73900.0
"APPRENT,45,Loiret,loiret,""1 - Oui, beaucoup"",1400.0"
"APPRENT,45,Loiret,loiret,""2 - Oui, un peu"",2300.0"
"APPRENT,45,Loiret,loiret,""3 - Non, aucune"",34800.0"
APPRENT,45,Loiret,loiret,Ensemble,38600.0
"APPRENT,46,Lot,lot,""1 - Oui, beaucoup"",300.0"
"APPRENT,46,Lot,lot,""2 - Oui, un peu"",600.0"
"APPRENT,46,Lot,lot,""3 - Non, aucune"",5200.0"
APPRENT,46,Lot,lot,Ensemble,6000.0
"APPRENT,47,Lot-et-Garonne,lotetgaronne,""1 - Oui, beaucoup"",700.0"
"APPRENT,47,Lot-et-Garonne,lotetgaronne,""2 - Oui, un peu"",400.0"
"APPRENT,47,Lot-et-Garonne,lotetgaronne,""3 - Non, aucune"",16000.0"
APPRENT,47,Lot-et-Garonne,lotetgaronne,Ensemble,17100.0
"APPRENT,48,Lozère,lozere,""1 - Oui, beaucoup"","
"APPRENT,48,Lozère,lozere,""2 - Oui, un peu"","
"APPRENT,48,Lozère,lozere,""3 - Non, aucune"","
APPRENT,48,Lozère,lozere,Ensemble,
"APPRENT,49,Maine-et-Loire,maineetloire,""1 - Oui, beaucoup"",600.0"
"APPRENT,49,Maine-et-Loire,maineetloire,""2 - Oui, un peu"",4000.0"
"APPRENT,49,Maine-et-Loire,maineetloire,""3 - Non, aucune"",43100.0"
APPRENT,49,Maine-et-Loire,maineetloire,Ensemble,47800.0
"APPRENT,50,Manche,manche,""1 - Oui, beaucoup"",500.0"
"APPRENT,50,Manche,manche,""2 - Oui, un peu"",2200.0"
"APPRENT,50,Manche,manche,""3 - Non, aucune"",20500.0"
APPRENT,50,Manche,manche,Ensemble,23200.0
"APPRENT,51,Marne,marne,""1 - Oui, beaucoup"",700.0"
"APPRENT,51,Marne,marne,""2 - Oui, un peu"",1800.0"
"APPRENT,51,Marne,marne,""3 - Non, aucune"",24500.0"
APPRENT,51,Marne,marne,Ensemble,27100.0
"APPRENT,52,Haute-Marne,hautemarne,""1 - Oui, beaucoup"","
"APPRENT,52,Haute-Marne,hautemarne,""2 - Oui, un peu"","
"APPRENT,52,Haute-Marne,hautemarne,""3 - Non, aucune"","
APPRENT,52,Haute-Marne,hautemarne,Ensemble,
"APPRENT,53,Mayenne,mayenne,""1 - Oui, beaucoup"",100.0"
"APPRENT,53,Mayenne,mayenne,""2 - Oui, un peu"",1000.0"
"APPRENT,53,Mayenne,mayenne,""3 - Non, aucune"",13500.0"
APPRENT,53,Mayenne,mayenne,Ensemble,14600.0
"APPRENT,54,Meurthe-et-Moselle,meurtheetmoselle,""1 - Oui, beaucoup"",1500.0"
"APPRENT,54,Meurthe-et-Moselle,meurtheetmoselle,""2 - Oui, un peu"",3000.0"
"APPRENT,54,Meurthe-et-Moselle,meurtheetmoselle,""3 - Non, aucune"",29100.0"
APPRENT,54,Meurthe-et-Moselle,meurtheetmoselle,Ensemble,33500.0
"APPRENT,55,Meuse,meuse,""1 - Oui, beaucoup"",100.0"
"APPRENT,55,Meuse,meuse,""2 - Oui, un peu"",600.0"
"APPRENT,55,Meuse,meuse,""3 - Non, aucune"",7300.0"
APPRENT,55,Meuse,meuse,Ensemble,8000.0
"APPRENT,56,Morbihan,morbihan,""1 - Oui, beaucoup"",400.0"
"APPRENT,56,Morbihan,morbihan,""2 - Oui, un peu"",2900.0"
"APPRENT,56,Morbihan,morbihan,""3 - Non, aucune"",30500.0"
APPRENT,56,Morbihan,morbihan,Ensemble,33800.0
"APPRENT,57,Moselle,moselle,""1 - Oui, beaucoup"",100.0"
"APPRENT,57,Moselle,moselle,""2 - Oui, un peu"",2700.0"
"APPRENT,57,Moselle,moselle,""3 - Non, aucune"",47900.0"
APPRENT,57,Moselle,moselle,Ensemble,50700.0
"APPRENT,58,Nièvre,nievre,""1 - Oui, beaucoup"","
"APPRENT,58,Nièvre,nievre,""2 - Oui, un peu"","
"APPRENT,58,Nièvre,nievre,""3 - Non, aucune"","
APPRENT,58,Nièvre,nievre,Ensemble,
"APPRENT,59,Nord,nord,""1 - Oui, beaucoup"",4900.0"
"APPRENT,59,Nord,nord,""2 - Oui, un peu"",8800.0"
"APPRENT,59,Nord,nord,""3 - Non, aucune"",132100.0"
APPRENT,59,Nord,nord,Ensemble,145800.0
"APPRENT,60,Oise,oise,""1 - Oui, beaucoup"",1200.0"
"APPRENT,60,Oise,oise,""2 - Oui, un peu"",3100.0"
"APPRENT,60,Oise,oise,""3 - Non, aucune"",43500.0"
APPRENT,60,Oise,oise,Ensemble,47800.0
"APPRENT,61,Orne,orne,""1 - Oui, beaucoup"",500.0"
"APPRENT,61,Orne,orne,""2 - Oui, un peu"",500.0"
"APPRENT,61,Orne,orne,""3 - Non, aucune"",11200.0"
APPRENT,61,Orne,orne,Ensemble,12200.0
"APPRENT,62,Pas-de-Calais,pasdecalais,""1 - Oui, beaucoup"",2000.0"
"APPRENT,62,Pas-de-Calais,pasdecalais,""2 - Oui, un peu"",4400.0"
"APPRENT,62,Pas-de-Calais,pasdecalais,""3 - Non, aucune"",68200.0"
APPRENT,62,Pas-de-Calais,pasdecalais,Ensemble,74600.0
"APPRENT,63,Puy-de-Dôme,puydedome,""1 - Oui, beaucoup"",1000.0"
"APPRENT,63,Puy-de-Dôme,puydedome,""2 - Oui, un peu"",2600.0"
"APPRENT,63,Puy-de-Dôme,puydedome,""3 - Non, aucune"",31500.0"
APPRENT,63,Puy-de-Dôme,puydedome,Ensemble,35100.0
"APPRENT,64,Pyrénées-Atlantiques,pyreneesatlantiques,""1 - Oui, beaucoup"",500.0"
"APPRENT,64,Pyrénées-Atlantiques,pyreneesatlantiques,""2 - Oui, un peu"",2900.0"
"APPRENT,64,Pyrénées-Atlantiques,pyreneesatlantiques,""3 - Non, aucune"",29300.0"
APPRENT,64,Pyrénées-Atlantiques,pyreneesatlantiques,Ensemble,32600.0
"APPRENT,65,Hautes-Pyrénées,hautespyrenees,""1 - Oui, beaucoup"",200.0"
"APPRENT,65,Hautes-Pyrénées,hautespyrenees,""2 - Oui, un peu"",400.0"
"APPRENT,65,Hautes-Pyrénées,hautespyrenees,""3 - Non, aucune"",10300.0"
APPRENT,65,Hautes-Pyrénées,hautespyrenees,Ensemble,10900.0
"APPRENT,66,Pyrénées-Orientales,pyreneesorientales,""1 - Oui, beaucoup"",800.0"
"APPRENT,66,Pyrénées-Orientales,pyreneesorientales,""2 - Oui, un peu"",2000.0"
"APPRENT,66,Pyrénées-Orientales,pyreneesorientales,""3 - Non, aucune"",15600.0"
APPRENT,66,Pyrénées-Orientales,pyreneesorientales,Ensemble,18400.0
"APPRENT,67,Bas-Rhin,basrhin,""1 - Oui, beaucoup"",1400.0"
"APPRENT,67,Bas-Rhin,basrhin,""2 - Oui, un peu"",2600.0"
"APPRENT,67,Bas-Rhin,basrhin,""3 - Non, aucune"",54400.0"
APPRENT,67,Bas-Rhin,basrhin,Ensemble,58500.0
"APPRENT,68,Haut-Rhin,hautrhin,""1 - Oui, beaucoup"",100.0"
"APPRENT,68,Haut-Rhin,hautrhin,""2 - Oui, un peu"",700.0"
"APPRENT,68,Haut-Rhin,hautrhin,""3 - Non, aucune"",31600.0"
APPRENT,68,Haut-Rhin,hautrhin,Ensemble,32500.0
"APPRENT,69,Rhône,rhone,""1 - Oui, beaucoup"",1100.0"
"APPRENT,69,Rhône,rhone,""2 - Oui, un peu"",5200.0"
"APPRENT,69,Rhône,rhone,""3 - Non, aucune"",94200.0"
APPRENT,69,Rhône,rhone,Ensemble,100400.0
"APPRENT,70,Haute-Saône,hautesaone,""1 - Oui, beaucoup"","
"APPRENT,70,Haute-Saône,hautesaone,""2 - Oui, un peu"","
"APPRENT,70,Haute-Saône,hautesaone,""3 - Non, aucune"","
APPRENT,70,Haute-Saône,hautesaone,Ensemble,
"APPRENT,71,Saône-et-Loire,saoneetloire,""1 - Oui, beaucoup"",400.0"
"APPRENT,71,Saône-et-Loire,saoneetloire,""2 - Oui, un peu"",1400.0"
"APPRENT,71,Saône-et-Loire,saoneetloire,""3 - Non, aucune"",23800.0"
APPRENT,71,Saône-et-Loire,saoneetloire,Ensemble,25600.0
"APPRENT,72,Sarthe,sarthe,""1 - Oui, beaucoup"",600.0"
"APPRENT,72,Sarthe,sarthe,""2 - Oui, un peu"",900.0"
"APPRENT,72,Sarthe,sarthe,""3 - Non, aucune"",32600.0"
APPRENT,72,Sarthe,sarthe,Ensemble,34100.0
"APPRENT,73,Savoie,savoie,""1 - Oui, beaucoup"",100.0"
"APPRENT,73,Savoie,savoie,""2 - Oui, un peu"",1400.0"
"APPRENT,73,Savoie,savoie,""3 - Non, aucune"",19900.0"
APPRENT,73,Savoie,savoie,Ensemble,21500.0
"APPRENT,74,Haute-Savoie,hautesavoie,""1 - Oui, beaucoup"",800.0"
"APPRENT,74,Haute-Savoie,hautesavoie,""2 - Oui, un peu"",2600.0"
"APPRENT,74,Haute-Savoie,hautesavoie,""3 - Non, aucune"",34300.0"
APPRENT,74,Haute-Savoie,hautesavoie,Ensemble,37600.0
"APPRENT,75,Paris,paris,""1 - Oui, beaucoup"",1100.0"
"APPRENT,75,Paris,paris,""2 - Oui, un peu"",3800.0"
"APPRENT,75,Paris,paris,""3 - Non, aucune"",74300.0"
APPRENT,75,Paris,paris,Ensemble,79200.0
"APPRENT,76,Seine-Maritime,seinemaritime,""1 - Oui, beaucoup"",1800.0"
"APPRENT,76,Seine-Maritime,seinemaritime,""2 - Oui, un peu"",2500.0"
"APPRENT,76,Seine-Maritime,seinemaritime,""3 - Non, aucune"",63600.0"
APPRENT,76,Seine-Maritime,seinemaritime,Ensemble,67900.0
"APPRENT,77,Seine-et-Marne,seineetmarne,""1 - Oui, beaucoup"",1300.0"
"APPRENT,77,Seine-et-Marne,seineetmarne,""2 - Oui, un peu"",6500.0"
"APPRENT,77,Seine-et-Marne,seineetmarne,""3 - Non, aucune"",73500.0"
APPRENT,77,Seine-et-Marne,seineetmarne,Ensemble,81300.0
"APPRENT,78,Yvelines,yvelines,""1 - Oui, beaucoup"",1500.0"
"APPRENT,78,Yvelines,yvelines,""2 - Oui, un peu"",6800.0"
"APPRENT,78,Yvelines,yvelines,""3 - Non, aucune"",74700.0"
APPRENT,78,Yvelines,yvelines,Ensemble,82900.0
"APPRENT,79,Deux-Sèvres,deuxsevres,""1 - Oui, beaucoup"",500.0"
"APPRENT,79,Deux-Sèvres,deuxsevres,""2 - Oui, un peu"",1000.0"
"APPRENT,79,Deux-Sèvres,deuxsevres,""3 - Non, aucune"",15200.0"
APPRENT,79,Deux-Sèvres,deuxsevres,Ensemble,16800.0
"APPRENT,80,Somme,somme,""1 - Oui, beaucoup"",400.0"
"APPRENT,80,Somme,somme,""2 - Oui, un peu"",1700.0"
"APPRENT,80,Somme,somme,""3 - Non, aucune"",21200.0"
APPRENT,80,Somme,somme,Ensemble,23300.0
"APPRENT,81,Tarn,tarn,""1 - Oui, beaucoup"",400.0"
"APPRENT,81,Tarn,tarn,""2 - Oui, un peu"",2500.0"
"APPRENT,81,Tarn,tarn,""3 - Non, aucune"",16800.0"
APPRENT,81,Tarn,tarn,Ensemble,19600.0
"APPRENT,82,Tarn-et-Garonne,tarnetgaronne,""1 - Oui, beaucoup"",700.0"
"APPRENT,82,Tarn-et-Garonne,tarnetgaronne,""2 - Oui, un peu"",800.0"
"APPRENT,82,Tarn-et-Garonne,tarnetgaronne,""3 - Non, aucune"",11200.0"
APPRENT,82,Tarn-et-Garonne,tarnetgaronne,Ensemble,12800.0
"APPRENT,83,Var,var,""1 - Oui, beaucoup"",1100.0"
"APPRENT,83,Var,var,""2 - Oui, un peu"",3600.0"
"APPRENT,83,Var,var,""3 - Non, aucune"",42000.0"
APPRENT,83,Var,var,Ensemble,46700.0
"APPRENT,84,Vaucluse,vaucluse,""1 - Oui, beaucoup"",200.0"
"APPRENT,84,Vaucluse,vaucluse,""2 - Oui, un peu"",1500.0"
"APPRENT,84,Vaucluse,vaucluse,""3 - Non, aucune"",24500.0"
APPRENT,84,Vaucluse,vaucluse,Ensemble,26200.0
"APPRENT,85,Vendée,vendee,""1 - Oui, beaucoup"",600.0"
"APPRENT,85,Vendée,vendee,""2 - Oui, un peu"",1300.0"
"APPRENT,85,Vendée,vendee,""3 - Non, aucune"",29200.0"
APPRENT,85,Vendée,vendee,Ensemble,31100.0
"APPRENT,86,Vienne,vienne,""1 - Oui, beaucoup"",1600.0"
"APPRENT,86,Vienne,vienne,""2 - Oui, un peu"",1100.0"
"APPRENT,86,Vienne,vienne,""3 - Non, aucune"",20700.0"
APPRENT,86,Vienne,vienne,Ensemble,23400.0
"APPRENT,87,Haute-Vienne,hautevienne,""1 - Oui, beaucoup"",100.0"
"APPRENT,87,Haute-Vienne,hautevienne,""2 - Oui, un peu"",900.0"
"APPRENT,87,Haute-Vienne,hautevienne,""3 - Non, aucune"",15800.0"
APPRENT,87,Haute-Vienne,hautevienne,Ensemble,16800.0
"APPRENT,88,Vosges,vosges,""1 - Oui, beaucoup"",100.0"
"APPRENT,88,Vosges,vosges,""2 - Oui, un peu"",1700.0"
"APPRENT,88,Vosges,vosges,""3 - Non, aucune"",17200.0"
APPRENT,88,Vosges,vosges,Ensemble,19000.0
"APPRENT,89,Yonne,yonne,""1 - Oui, beaucoup"",600.0"
"APPRENT,89,Yonne,yonne,""2 - Oui, un peu"",900.0"
"APPRENT,89,Yonne,yonne,""3 - Non, aucune"",16300.0"
APPRENT,89,Yonne,yonne,Ensemble,17700.0
"APPRENT,90,Territoire de Belfort,territoiredebelfort,""1 - Oui, beaucoup"","
"APPRENT,90,Territoire de Belfort,territoiredebelfort,""2 - Oui, un peu"","
"APPRENT,90,Territoire de Belfort,territoiredebelfort,""3 - Non, aucune"","
APPRENT,90,Territoire de Belfort,territoiredebelfort,Ensemble,
"APPRENT,91,Essonne,essonne,""1 - Oui, beaucoup"",2100.0"
"APPRENT,91,Essonne,essonne,""2 - Oui, un peu"",3500.0"
"APPRENT,91,Essonne,essonne,""3 - Non, aucune"",65400.0"
APPRENT,91,Essonne,essonne,Ensemble,71100.0
"APPRENT,92,Hauts-de-Seine,hautsdeseine,""1 - Oui, beaucoup"",2100.0"
"APPRENT,92,Hauts-de-Seine,hautsdeseine,""2 - Oui, un peu"",4400.0"
"APPRENT,92,Hauts-de-Seine,hautsdeseine,""3 - Non, aucune"",73100.0"
APPRENT,92,Hauts-de-Seine,hautsdeseine,Ensemble,79600.0
"APPRENT,93,Seine-Saint-Denis,seinesaintdenis,""1 - Oui, beaucoup"",1900.0"
"APPRENT,93,Seine-Saint-Denis,seinesaintdenis,""2 - Oui, un peu"",3700.0"
"APPRENT,93,Seine-Saint-Denis,seinesaintdenis,""3 - Non, aucune"",86800.0"
APPRENT,93,Seine-Saint-Denis,seinesaintdenis,Ensemble,92400.0
"APPRENT,94,Val-de-Marne,valdemarne,""1 - Oui, beaucoup"",2900.0"
"APPRENT,94,Val-de-Marne,valdemarne,""2 - Oui, un peu"",2500.0"
"APPRENT,94,Val-de-Marne,valdemarne,""3 - Non, aucune"",64400.0"
APPRENT,94,Val-de-Marne,valdemarne,Ensemble,69800.0
"APPRENT,95,Val-d'Oise,valdoise,""1 - Oui, beaucoup"",1600.0"
"APPRENT,95,Val-d'Oise,valdoise,""2 - Oui, un peu"",5700.0"
"APPRENT,95,Val-d'Oise,valdoise,""3 - Non, aucune"",65100.0"
APPRENT,95,Val-d'Oise,valdoise,Ensemble,72400.0
"APPRENT,971,Guadeloupe,guadeloupe,""1 - Oui, beaucoup"",300.0"
"APPRENT,971,Guadeloupe,guadeloupe,""2 - Oui, un peu"",1900.0"
"APPRENT,971,Guadeloupe,guadeloupe,""3 - Non, aucune"",17500.0"
APPRENT,971,Guadeloupe,guadeloupe,Ensemble,19800.0
"APPRENT,972,Martinique,martinique,""1 - Oui, beaucoup"",500.0"
"APPRENT,972,Martinique,martinique,""2 - Oui, un peu"",2500.0"
"APPRENT,972,Martinique,martinique,""3 - Non, aucune"",13300.0"
APPRENT,972,Martinique,martinique,Ensemble,16400.0
"APPRENT,973,Guyane,guyane,""1 - Oui, beaucoup"",500.0"
"APPRENT,973,Guyane,guyane,""2 - Oui, un peu"",1600.0"
"APPRENT,973,Guyane,guyane,""3 - Non, aucune"",19800.0"
APPRENT,973,Guyane,guyane,Ensemble,21900.0
"APPRENT,974,La Réunion,lareunion,""1 - Oui, beaucoup"",1300.0"
"APPRENT,974,La Réunion,lareunion,""2 - Oui, un peu"",3200.0"
"APPRENT,974,La Réunion,lareunion,""3 - Non, aucune"",46200.0"
APPRENT,974,La Réunion,lareunion,Ensemble,50700.0
"APPRENT,976,Mayotte,mayotte,""1 - Oui, beaucoup"",900.0"
"APPRENT,976,Mayotte,mayotte,""2 - Oui, un peu"",2300.0"
"APPRENT,976,Mayotte,mayotte,""3 - Non, aucune"",22100.0"
APPRENT,976,Mayotte,mayotte,Ensemble,25300.0
"APPRENT,None,""Lecture > Dans l'Ain, 4 200 jeunes de 10 à 14 ans ans ont beaucoup de difficultés d'apprentissage ou pour réaliser des activités de la vie quotidienne en raison d'un problème de santé ou d'un handicap."
Champ > Personnes de moins de 19 ans vivant en logement ordinaire en France.
"Sources > Enquête Vie Quotidienne et Santé 2021, DREES."",lecturedanslain4200jeunesde10a14ansansontbeaucoupdedifficultesdapprentissageoupourrealiserdesactivitesdelaviequotidienneenraisondunproblemedesanteoudunhandicapchamppersonnesdemoinsde19ansvivantenlogementordinaireenfrancesourcesenqueteviequotidienneetsante2021drees,,"
AIDREG_A,01,Ain,ain,Non,132900.0
AIDREG_A,01,Ain,ain,Oui,21100.0
AIDREG_A,01,Ain,ain,Ensemble,154000.0
AIDREG_A,02,Aisne,aisne,Non,124100.0
AIDREG_A,02,Aisne,aisne,Oui,18300.0
AIDREG_A,02,Aisne,aisne,Ensemble,142400.0
AIDREG_A,03,Allier,allier,Non,99100.0
AIDREG_A,03,Allier,allier,Oui,14200.0
AIDREG_A,03,Allier,allier,Ensemble,113400.0
AIDREG_A,04,Alpes-de-Haute-Provence,alpesdehauteprovence,Non,49000.0
AIDREG_A,04,Alpes-de-Haute-Provence,alpesdehauteprovence,Oui,6400.0
AIDREG_A,04,Alpes-de-Haute-Provence,alpesdehauteprovence,Ensemble,55300.0
AIDREG_A,05,Hautes-Alpes,hautesalpes,Non,38300.0
AIDREG_A,05,Hautes-Alpes,hautesalpes,Oui,6100.0
AIDREG_A,05,Hautes-Alpes,hautesalpes,Ensemble,44400.0
AIDREG_A,06,Alpes-Maritimes,alpesmaritimes,Non,288000.0
AIDREG_A,06,Alpes-Maritimes,alpesmaritimes,Oui,38500.0
AIDREG_A,06,Alpes-Maritimes,alpesmaritimes,Ensemble,326500.0
AIDREG_A,07,Ardèche,ardeche,Non,89200.0
AIDREG_A,07,Ardèche,ardeche,Oui,12600.0
AIDREG_A,07,Ardèche,ardeche,Ensemble,101800.0
AIDREG_A,08,Ardennes,ardennes,Non,66900.0
AIDREG_A,08,Ardennes,ardennes,Oui,9600.0
AIDREG_A,08,Ardennes,ardennes,Ensemble,76500.0
AIDREG_A,09,Ariège,ariege,Non,44300.0
AIDREG_A,09,Ariège,ariege,Oui,6500.0
AIDREG_A,09,Ariège,ariege,Ensemble,50900.0
AIDREG_A,10,Aube,aube,Non,76400.0
AIDREG_A,10,Aube,aube,Oui,7700.0
AIDREG_A,10,Aube,aube,Ensemble,84200.0
AIDREG_A,11,Aude,aude,Non,108300.0
AIDREG_A,11,Aude,aude,Oui,15400.0
AIDREG_A,11,Aude,aude,Ensemble,123700.0
AIDREG_A,12,Aveyron,aveyron,Non,82800.0
AIDREG_A,12,Aveyron,aveyron,Oui,10100.0
AIDREG_A,12,Aveyron,aveyron,Ensemble,92800.0
AIDREG_A,13,Bouches-du-Rhône,bouchesdurhone,Non,466200.0
AIDREG_A,13,Bouches-du-Rhône,bouchesdurhone,Oui,63100.0
AIDREG_A,13,Bouches-du-Rhône,bouchesdurhone,Ensemble,529400.0
AIDREG_A,14,Calvados,calvados,Non,171500.0
AIDREG_A,14,Calvados,calvados,Oui,23000.0
AIDREG_A,14,Calvados,calvados,Ensemble,194600.0
AIDREG_A,15,Cantal,cantal,Non,44400.0
AIDREG_A,15,Cantal,cantal,Oui,5100.0
AIDREG_A,15,Cantal,cantal,Ensemble,49500.0
AIDREG_A,16,Charente,charente,Non,95700.0
AIDREG_A,16,Charente,charente,Oui,15600.0
AIDREG_A,16,Charente,charente,Ensemble,111300.0
AIDREG_A,17,Charente-Maritime,charentemaritime,Non,204000.0
AIDREG_A,17,Charente-Maritime,charentemaritime,Oui,23600.0
AIDREG_A,17,Charente-Maritime,charentemaritime,Ensemble,227600.0
AIDREG_A,18,Cher,cher,Non,84300.0
AIDREG_A,18,Cher,cher,Oui,11500.0
AIDREG_A,18,Cher,cher,Ensemble,95800.0
AIDREG_A,19,Corrèze,correze,Non,70600.0
AIDREG_A,19,Corrèze,correze,Oui,10900.0
AIDREG_A,19,Corrèze,correze,Ensemble,81500.0
AIDREG_A,21,Côte-d'Or,cotedor,Non,127900.0
AIDREG_A,21,Côte-d'Or,cotedor,Oui,14200.0
AIDREG_A,21,Côte-d'Or,cotedor,Ensemble,142100.0
AIDREG_A,22,Côtes d'Armor,cotesdarmor,Non,177600.0
AIDREG_A,22,Côtes d'Armor,cotesdarmor,Oui,18600.0
AIDREG_A,22,Côtes d'Armor,cotesdarmor,Ensemble,196200.0
AIDREG_A,23,Creuse,creuse,Non,39100.0
AIDREG_A,23,Creuse,creuse,Oui,4800.0
AIDREG_A,23,Creuse,creuse,Ensemble,43900.0
AIDREG_A,24,Dordogne,dordogne,Non,133200.0
AIDREG_A,24,Dordogne,dordogne,Oui,16600.0
AIDREG_A,24,Dordogne,dordogne,Ensemble,149900.0
AIDREG_A,25,Doubs,doubs,Non,120700.0
AIDREG_A,25,Doubs,doubs,Oui,15700.0
AIDREG_A,25,Doubs,doubs,Ensemble,136400.0
AIDREG_A,26,Drôme,drome,Non,126500.0
AIDREG_A,26,Drôme,drome,Oui,18300.0
AIDREG_A,26,Drôme,drome,Ensemble,144800.0
AIDREG_A,27,Eure,eure,Non,135700.0
AIDREG_A,27,Eure,eure,Oui,17500.0
AIDREG_A,27,Eure,eure,Ensemble,153200.0
AIDREG_A,28,Eure-et-Loire,eureetloire,Non,100900.0
AIDREG_A,28,Eure-et-Loire,eureetloire,Oui,14400.0
AIDREG_A,28,Eure-et-Loire,eureetloire,Ensemble,115200.0
AIDREG_A,29,Finistère,finistere,Non,244000.0
AIDREG_A,29,Finistère,finistere,Oui,34900.0
AIDREG_A,29,Finistère,finistere,Ensemble,278900.0
AIDREG_A,2A,Corse-du-Sud,corsedusud,Non,42700.0
AIDREG_A,2A,Corse-du-Sud,corsedusud,Oui,6100.0
AIDREG_A,2A,Corse-du-Sud,corsedusud,Ensemble,48800.0
AIDREG_A,2B,Haute-Corse,hautecorse,Non,45500.0
AIDREG_A,2B,Haute-Corse,hautecorse,Oui,8200.0
AIDREG_A,2B,Haute-Corse,hautecorse,Ensemble,53700.0
AIDREG_A,30,Gard,gard,Non,194600.0
AIDREG_A,30,Gard,gard,Oui,29500.0
AIDREG_A,30,Gard,gard,Ensemble,224000.0
AIDREG_A,31,Haute-Garonne,hautegaronne,Non,267700.0
AIDREG_A,31,Haute-Garonne,hautegaronne,Oui,36000.0
AIDREG_A,31,Haute-Garonne,hautegaronne,Ensemble,303700.0
AIDREG_A,32,Gers,gers,Non,59300.0
AIDREG_A,32,Gers,gers,Oui,6700.0
AIDREG_A,32,Gers,gers,Ensemble,66100.0
AIDREG_A,33,Gironde,gironde,Non,365400.0
AIDREG_A,33,Gironde,gironde,Oui,40300.0
AIDREG_A,33,Gironde,gironde,Ensemble,405600.0
AIDREG_A,34,Hérault,herault,Non,285100.0
AIDREG_A,34,Hérault,herault,Oui,39200.0
AIDREG_A,34,Hérault,herault,Ensemble,324300.0
AIDREG_A,35,Ille-et-Vilaine,illeetvilaine,Non,225500.0
AIDREG_A,35,Ille-et-Vilaine,illeetvilaine,Oui,25000.0
AIDREG_A,35,Ille-et-Vilaine,illeetvilaine,Ensemble,250500.0
AIDREG_A,36,Indre,indre,Non,67600.0
AIDREG_A,36,Indre,indre,Oui,8000.0
AIDREG_A,36,Indre,indre,Ensemble,75600.0
AIDREG_A,37,Indre-et-Loire,indreetloire,Non,149400.0
AIDREG_A,37,Indre-et-Loire,indreetloire,Oui,17900.0
AIDREG_A,37,Indre-et-Loire,indreetloire,Ensemble,167300.0
AIDREG_A,38,Isère,isere,Non,272500.0
AIDREG_A,38,Isère,isere,Oui,34000.0
AIDREG_A,38,Isère,isere,Ensemble,306600.0
AIDREG_A,39,Jura,jura,Non,67400.0
AIDREG_A,39,Jura,jura,Oui,10400.0
AIDREG_A,39,Jura,jura,Ensemble,77800.0
AIDREG_A,40,Landes,landes,Non,117900.0
AIDREG_A,40,Landes,landes,Oui,16200.0
AIDREG_A,40,Landes,landes,Ensemble,134100.0
AIDREG_A,41,Loir-et-Cher,loiretcher,Non,90600.0
AIDREG_A,41,Loir-et-Cher,loiretcher,Oui,11300.0
AIDREG_A,41,Loir-et-Cher,loiretcher,Ensemble,101900.0
AIDREG_A,42,Loire,loire,Non,189600.0
AIDREG_A,42,Loire,loire,Oui,20200.0
AIDREG_A,42,Loire,loire,Ensemble,209800.0
AIDREG_A,43,Haute-Loire,hauteloire,Non,62000.0
AIDREG_A,43,Haute-Loire,hauteloire,Oui,7200.0
AIDREG_A,43,Haute-Loire,hauteloire,Ensemble,69300.0
AIDREG_A,44,Loire-Atlantique,loireatlantique,Non,300400.0
AIDREG_A,44,Loire-Atlantique,loireatlantique,Oui,35500.0
AIDREG_A,44,Loire-Atlantique,loireatlantique,Ensemble,335900.0
AIDREG_A,45,Loiret,loiret,Non,155600.0
AIDREG_A,45,Loiret,loiret,Oui,19100.0
AIDREG_A,45,Loiret,loiret,Ensemble,174600.0
AIDREG_A,46,Lot,lot,Non,56300.0
AIDREG_A,46,Lot,lot,Oui,8900.0
AIDREG_A,46,Lot,lot,Ensemble,65200.0
AIDREG_A,47,Lot-et-Garonne,lotetgaronne,Non,93900.0
AIDREG_A,47,Lot-et-Garonne,lotetgaronne,Oui,14200.0
AIDREG_A,47,Lot-et-Garonne,lotetgaronne,Ensemble,108100.0
AIDREG_A,48,Lozère,lozere,Non,21300.0
AIDREG_A,48,Lozère,lozere,Oui,2200.0
AIDREG_A,48,Lozère,lozere,Ensemble,23600.0
AIDREG_A,49,Maine-et-Loire,maineetloire,Non,190700.0
AIDREG_A,49,Maine-et-Loire,maineetloire,Oui,20900.0
AIDREG_A,49,Maine-et-Loire,maineetloire,Ensemble,211600.0
AIDREG_A,50,Manche,manche,Non,138400.0
AIDREG_A,50,Manche,manche,Oui,18300.0
AIDREG_A,50,Manche,manche,Ensemble,156700.0
AIDREG_A,51,Marne,marne,Non,128200.0
AIDREG_A,51,Marne,marne,Oui,13900.0
AIDREG_A,51,Marne,marne,Ensemble,142100.0
AIDREG_A,52,Haute-Marne,hautemarne,Non,46600.0
AIDREG_A,52,Haute-Marne,hautemarne,Oui,7200.0
AIDREG_A,52,Haute-Marne,hautemarne,Ensemble,53800.0
AIDREG_A,53,Mayenne,mayenne,Non,76900.0
AIDREG_A,53,Mayenne,mayenne,Oui,7900.0
AIDREG_A,53,Mayenne,mayenne,Ensemble,84800.0
AIDREG_A,54,Meurthe-et-Moselle,meurtheetmoselle,Non,160600.0
AIDREG_A,54,Meurthe-et-Moselle,meurtheetmoselle,Oui,23100.0
AIDREG_A,54,Meurthe-et-Moselle,meurtheetmoselle,Ensemble,183600.0
AIDREG_A,55,Meuse,meuse,Non,47800.0
AIDREG_A,55,Meuse,meuse,Oui,6000.0
AIDREG_A,55,Meuse,meuse,Ensemble,53800.0
AIDREG_A,56,Morbihan,morbihan,Non,216800.0
AIDREG_A,56,Morbihan,morbihan,Oui,25000.0
AIDREG_A,56,Morbihan,morbihan,Ensemble,241700.0
AIDREG_A,57,Moselle,moselle,Non,237200.0
AIDREG_A,57,Moselle,moselle,Oui,37900.0
AIDREG_A,57,Moselle,moselle,Ensemble,275100.0
AIDREG_A,58,Nièvre,nievre,Non,62200.0
AIDREG_A,58,Nièvre,nievre,Oui,10500.0
AIDREG_A,58,Nièvre,nievre,Ensemble,72700.0
AIDREG_A,59,Nord,nord,Non,509600.0
AIDREG_A,59,Nord,nord,Oui,78300.0
AIDREG_A,59,Nord,nord,Ensemble,587800.0
AIDREG_A,60,Oise,oise,Non,170700.0
AIDREG_A,60,Oise,oise,Oui,18900.0
AIDREG_A,60,Oise,oise,Ensemble,189600.0
AIDREG_A,61,Orne,orne,Non,82400.0
AIDREG_A,61,Orne,orne,Oui,7400.0
AIDREG_A,61,Orne,orne,Ensemble,89800.0
AIDREG_A,62,Pas-de-Calais,pasdecalais,Non,321300.0
AIDREG_A,62,Pas-de-Calais,pasdecalais,Oui,47200.0
AIDREG_A,62,Pas-de-Calais,pasdecalais,Ensemble,368500.0
AIDREG_A,63,Puy-de-Dôme,puydedome,Non,159600.0
AIDREG_A,63,Puy-de-Dôme,puydedome,Oui,22500.0
AIDREG_A,63,Puy-de-Dôme,puydedome,Ensemble,182100.0
AIDREG_A,64,Pyrénées-Atlantiques,pyreneesatlantiques,Non,182800.0
AIDREG_A,64,Pyrénées-Atlantiques,pyreneesatlantiques,Oui,25200.0
AIDREG_A,64,Pyrénées-Atlantiques,pyreneesatlantiques,Ensemble,208000.0
AIDREG_A,65,Hautes-Pyrénées,hautespyrenees,Non,67300.0
AIDREG_A,65,Hautes-Pyrénées,hautespyrenees,Oui,9400.0
AIDREG_A,65,Hautes-Pyrénées,hautespyrenees,Ensemble,76700.0
AIDREG_A,66,Pyrénées-Orientales,pyreneesorientales,Non,136800.0
AIDREG_A,66,Pyrénées-Orientales,pyreneesorientales,Oui,19900.0
AIDREG_A,66,Pyrénées-Orientales,pyreneesorientales,Ensemble,156700.0
AIDREG_A,67,Bas-Rhin,basrhin,Non,244400.0
AIDREG_A,67,Bas-Rhin,basrhin,Oui,37300.0
AIDREG_A,67,Bas-Rhin,basrhin,Ensemble,281800.0
AIDREG_A,68,Haut-Rhin,hautrhin,Non,176600.0
AIDREG_A,68,Haut-Rhin,hautrhin,Oui,23800.0
AIDREG_A,68,Haut-Rhin,hautrhin,Ensemble,200500.0
AIDREG_A,69,Rhône,rhone,Non,356200.0
AIDREG_A,69,Rhône,rhone,Oui,44700.0
AIDREG_A,69,Rhône,rhone,Ensemble,400900.0
AIDREG_A,70,Haute-Saône,hautesaone,Non,61700.0
AIDREG_A,70,Haute-Saône,hautesaone,Oui,8800.0
AIDREG_A,70,Haute-Saône,hautesaone,Ensemble,70500.0
AIDREG_A,71,Saône-et-Loire,saoneetloire,Non,157300.0
AIDREG_A,71,Saône-et-Loire,saoneetloire,Oui,19700.0
AIDREG_A,71,Saône-et-Loire,saoneetloire,Ensemble,177000.0
AIDREG_A,72,Sarthe,sarthe,Non,141500.0
AIDREG_A,72,Sarthe,sarthe,Oui,17500.0
AIDREG_A,72,Sarthe,sarthe,Ensemble,159100.0
AIDREG_A,73,Savoie,savoie,Non,104300.0
AIDREG_A,73,Savoie,savoie,Oui,13100.0
AIDREG_A,73,Savoie,savoie,Ensemble,117400.0
AIDREG_A,74,Haute-Savoie,hautesavoie,Non,167000.0
AIDREG_A,74,Haute-Savoie,hautesavoie,Oui,17100.0
AIDREG_A,74,Haute-Savoie,hautesavoie,Ensemble,184100.0
AIDREG_A,75,Paris,paris,Non,421900.0
AIDREG_A,75,Paris,paris,Oui,50700.0
AIDREG_A,75,Paris,paris,Ensemble,472500.0
AIDREG_A,76,Seine-Maritime,seinemaritime,Non,286700.0
AIDREG_A,76,Seine-Maritime,seinemaritime,Oui,37900.0
AIDREG_A,76,Seine-Maritime,seinemaritime,Ensemble,324600.0
AIDREG_A,77,Seine-et-Marne,seineetmarne,Non,258900.0
AIDREG_A,77,Seine-et-Marne,seineetmarne,Oui,26900.0
AIDREG_A,77,Seine-et-Marne,seineetmarne,Ensemble,285800.0
AIDREG_A,78,Yvelines,yvelines,Non,287900.0
AIDREG_A,78,Yvelines,yvelines,Oui,25900.0
AIDREG_A,78,Yvelines,yvelines,Ensemble,313800.0
AIDREG_A,79,Deux-Sèvres,deuxsevres,Non,98300.0
AIDREG_A,79,Deux-Sèvres,deuxsevres,Oui,12300.0
AIDREG_A,79,Deux-Sèvres,deuxsevres,Ensemble,110600.0
AIDREG_A,80,Somme,somme,Non,127600.0
AIDREG_A,80,Somme,somme,Oui,19500.0
AIDREG_A,80,Somme,somme,Ensemble,147100.0
AIDREG_A,81,Tarn,tarn,Non,104900.0
AIDREG_A,81,Tarn,tarn,Oui,16500.0
AIDREG_A,81,Tarn,tarn,Ensemble,121400.0
AIDREG_A,82,Tarn-et-Garonne,tarnetgaronne,Non,61700.0
AIDREG_A,82,Tarn-et-Garonne,tarnetgaronne,Oui,11700.0
AIDREG_A,82,Tarn-et-Garonne,tarnetgaronne,Ensemble,73400.0
AIDREG_A,83,Var,var,Non,311800.0
AIDREG_A,83,Var,var,Oui,39700.0
AIDREG_A,83,Var,var,Ensemble,351600.0
AIDREG_A,84,Vaucluse,vaucluse,Non,145300.0
AIDREG_A,84,Vaucluse,vaucluse,Oui,14600.0
AIDREG_A,84,Vaucluse,vaucluse,Ensemble,159900.0
AIDREG_A,85,Vendée,vendee,Non,193000.0
AIDREG_A,85,Vendée,vendee,Oui,20000.0
AIDREG_A,85,Vendée,vendee,Ensemble,213000.0
AIDREG_A,86,Vienne,vienne,Non,109300.0
AIDREG_A,86,Vienne,vienne,Oui,12600.0
AIDREG_A,86,Vienne,vienne,Ensemble,122000.0
AIDREG_A,87,Haute-Vienne,hautevienne,Non,100900.0
AIDREG_A,87,Haute-Vienne,hautevienne,Oui,14600.0
AIDREG_A,87,Haute-Vienne,hautevienne,Ensemble,115500.0
AIDREG_A,88,Vosges,vosges,Non,100200.0
AIDREG_A,88,Vosges,vosges,Oui,11400.0
AIDREG_A,88,Vosges,vosges,Ensemble,111600.0
AIDREG_A,89,Yonne,yonne,Non,91100.0
AIDREG_A,89,Yonne,yonne,Oui,10900.0
AIDREG_A,89,Yonne,yonne,Ensemble,102000.0
AIDREG_A,90,Territoire de Belfort,territoiredebelfort,Non,31400.0
AIDREG_A,90,Territoire de Belfort,territoiredebelfort,Oui,5100.0
AIDREG_A,90,Territoire de Belfort,territoiredebelfort,Ensemble,36600.0
AIDREG_A,91,Essonne,essonne,Non,231200.0
AIDREG_A,91,Essonne,essonne,Oui,29300.0
AIDREG_A,91,Essonne,essonne,Ensemble,260500.0
AIDREG_A,92,Hauts-de-Seine,hautsdeseine,Non,287200.0
AIDREG_A,92,Hauts-de-Seine,hautsdeseine,Oui,33000.0
AIDREG_A,92,Hauts-de-Seine,hautsdeseine,Ensemble,320200.0
AIDREG_A,93,Seine-Saint-Denis,seinesaintdenis,Non,233800.0
AIDREG_A,93,Seine-Saint-Denis,seinesaintdenis,Oui,33400.0
AIDREG_A,93,Seine-Saint-Denis,seinesaintdenis,Ensemble,267200.0
AIDREG_A,94,Val-de-Marne,valdemarne,Non,248800.0
AIDREG_A,94,Val-de-Marne,valdemarne,Oui,29000.0
AIDREG_A,94,Val-de-Marne,valdemarne,Ensemble,277700.0
AIDREG_A,95,Val-d'Oise,valdoise,Non,207800.0
AIDREG_A,95,Val-d'Oise,valdoise,Oui,26000.0
AIDREG_A,95,Val-d'Oise,valdoise,Ensemble,233800.0
AIDREG_A,971,Guadeloupe,guadeloupe,Non,91300.0
AIDREG_A,971,Guadeloupe,guadeloupe,Oui,15000.0
AIDREG_A,971,Guadeloupe,guadeloupe,Ensemble,106200.0
AIDREG_A,972,Martinique,martinique,Non,91200.0
AIDREG_A,972,Martinique,martinique,Oui,18100.0
AIDREG_A,972,Martinique,martinique,Ensemble,109300.0
AIDREG_A,973,Guyane,guyane,Non,25600.0
AIDREG_A,973,Guyane,guyane,Oui,3000.0
AIDREG_A,973,Guyane,guyane,Ensemble,28500.0
AIDREG_A,974,La Réunion,lareunion,Non,144200.0
AIDREG_A,974,La Réunion,lareunion,Oui,18500.0
AIDREG_A,974,La Réunion,lareunion,Ensemble,162600.0
AIDREG_A,976,Mayotte,mayotte,Non,11900.0
AIDREG_A,976,Mayotte,mayotte,Oui,1300.0
AIDREG_A,976,Mayotte,mayotte,Ensemble,13100.0
"AIDREG_A,None,""Lecture > Dans l'Ain, 32 100 personnes de 25 à 59 ans déclarent apporter une aide à la vie quotidienne à un proche en raison d'un handicap ou de l'avancée en âge de ce proche. "
Champ > Personnes de 5 ans ou plus vivant en logement ordinaire en France.
"Sources > Enquête Vie Quotidienne et Santé 2021, DREES."",lecturedanslain32100personnesde25a59ansdeclarentapporteruneaidealaviequotidienneaunprocheenraisondunhandicapoudelavanceeenagedeceprochechamppersonnesde5ansouplusvivantenlogementordinaireenfrancesourcesenqueteviequotidienneetsante2021drees,,"
AIDREG_B,01,Ain,ain,Non,136800.0
AIDREG_B,01,Ain,ain,Oui,17200.0
AIDREG_B,01,Ain,ain,Ensemble,154000.0
AIDREG_B,02,Aisne,aisne,Non,125900.0
AIDREG_B,02,Aisne,aisne,Oui,16500.0
AIDREG_B,02,Aisne,aisne,Ensemble,142400.0
AIDREG_B,03,Allier,allier,Non,100500.0
AIDREG_B,03,Allier,allier,Oui,12900.0
AIDREG_B,03,Allier,allier,Ensemble,113400.0
AIDREG_B,04,Alpes-de-Haute-Provence,alpesdehauteprovence,Non,47800.0
AIDREG_B,04,Alpes-de-Haute-Provence,alpesdehauteprovence,Oui,7600.0
AIDREG_B,04,Alpes-de-Haute-Provence,alpesdehauteprovence,Ensemble,55300.0
AIDREG_B,05,Hautes-Alpes,hautesalpes,Non,37400.0
AIDREG_B,05,Hautes-Alpes,hautesalpes,Oui,7000.0
AIDREG_B,05,Hautes-Alpes,hautesalpes,Ensemble,44400.0
AIDREG_B,06,Alpes-Maritimes,alpesmaritimes,Non,287800.0
AIDREG_B,06,Alpes-Maritimes,alpesmaritimes,Oui,38700.0
AIDREG_B,06,Alpes-Maritimes,alpesmaritimes,Ensemble,326500.0
AIDREG_B,07,Ardèche,ardeche,Non,91600.0
AIDREG_B,07,Ardèche,ardeche,Oui,10200.0
AIDREG_B,07,Ardèche,ardeche,Ensemble,101800.0
AIDREG_B,08,Ardennes,ardennes,Non,69900.0
AIDREG_B,08,Ardennes,ardennes,Oui,6600.0
AIDREG_B,08,Ardennes,ardennes,Ensemble,76500.0
AIDREG_B,09,Ariège,ariege,Non,44700.0
AIDREG_B,09,Ariège,ariege,Oui,6200.0
AIDREG_B,09,Ariège,ariege,Ensemble,50900.0
AIDREG_B,10,Aube,aube,Non,76600.0
AIDREG_B,10,Aube,aube,Oui,7600.0
AIDREG_B,10,Aube,aube,Ensemble,84200.0
AIDREG_B,11,Aude,aude,Non,110000.0
AIDREG_B,11,Aude,aude,Oui,13700.0
AIDREG_B,11,Aude,aude,Ensemble,123700.0
AIDREG_B,12,Aveyron,aveyron,Non,82200.0
AIDREG_B,12,Aveyron,aveyron,Oui,10700.0
AIDREG_B,12,Aveyron,aveyron,Ensemble,92800.0
AIDREG_B,13,Bouches-du-Rhône,bouchesdurhone,Non,456200.0
AIDREG_B,13,Bouches-du-Rhône,bouchesdurhone,Oui,73200.0
AIDREG_B,13,Bouches-du-Rhône,bouchesdurhone,Ensemble,529400.0
AIDREG_B,14,Calvados,calvados,Non,170900.0
AIDREG_B,14,Calvados,calvados,Oui,23600.0
AIDREG_B,14,Calvados,calvados,Ensemble,194600.0
AIDREG_B,15,Cantal,cantal,Non,44900.0
AIDREG_B,15,Cantal,cantal,Oui,4600.0
AIDREG_B,15,Cantal,cantal,Ensemble,49500.0
AIDREG_B,16,Charente,charente,Non,97600.0
AIDREG_B,16,Charente,charente,Oui,13700.0
AIDREG_B,16,Charente,charente,Ensemble,111300.0
AIDREG_B,17,Charente-Maritime,charentemaritime,Non,200300.0
AIDREG_B,17,Charente-Maritime,charentemaritime,Oui,27300.0
AIDREG_B,17,Charente-Maritime,charentemaritime,Ensemble,227600.0
AIDREG_B,18,Cher,cher,Non,87100.0
AIDREG_B,18,Cher,cher,Oui,8600.0
AIDREG_B,18,Cher,cher,Ensemble,95800.0
AIDREG_B,19,Corrèze,correze,Non,71400.0
AIDREG_B,19,Corrèze,correze,Oui,10100.0
AIDREG_B,19,Corrèze,correze,Ensemble,81500.0
AIDREG_B,21,Côte-d'Or,cotedor,Non,127000.0
AIDREG_B,21,Côte-d'Or,cotedor,Oui,15100.0
AIDREG_B,21,Côte-d'Or,cotedor,Ensemble,142100.0
AIDREG_B,22,Côtes d'Armor,cotesdarmor,Non,176300.0
AIDREG_B,22,Côtes d'Armor,cotesdarmor,Oui,19900.0
AIDREG_B,22,Côtes d'Armor,cotesdarmor,Ensemble,196200.0
AIDREG_B,23,Creuse,creuse,Non,38800.0
AIDREG_B,23,Creuse,creuse,Oui,5100.0
AIDREG_B,23,Creuse,creuse,Ensemble,43900.0
AIDREG_B,24,Dordogne,dordogne,Non,129600.0
AIDREG_B,24,Dordogne,dordogne,Oui,20300.0
AIDREG_B,24,Dordogne,dordogne,Ensemble,149900.0
AIDREG_B,25,Doubs,doubs,Non,120000.0
AIDREG_B,25,Doubs,doubs,Oui,16400.0
AIDREG_B,25,Doubs,doubs,Ensemble,136400.0
AIDREG_B,26,Drôme,drome,Non,127200.0
AIDREG_B,26,Drôme,drome,Oui,17500.0
AIDREG_B,26,Drôme,drome,Ensemble,144800.0
AIDREG_B,27,Eure,eure,Non,137500.0
AIDREG_B,27,Eure,eure,Oui,15600.0
AIDREG_B,27,Eure,eure,Ensemble,153200.0
AIDREG_B,28,Eure-et-Loire,eureetloire,Non,101700.0
AIDREG_B,28,Eure-et-Loire,eureetloire,Oui,13600.0
AIDREG_B,28,Eure-et-Loire,eureetloire,Ensemble,115200.0
AIDREG_B,29,Finistère,finistere,Non,246600.0
AIDREG_B,29,Finistère,finistere,Oui,32300.0
AIDREG_B,29,Finistère,finistere,Ensemble,278900.0
AIDREG_B,2A,Corse-du-Sud,corsedusud,Non,42300.0
AIDREG_B,2A,Corse-du-Sud,corsedusud,Oui,6500.0
AIDREG_B,2A,Corse-du-Sud,corsedusud,Ensemble,48800.0
AIDREG_B,2B,Haute-Corse,hautecorse,Non,47300.0
AIDREG_B,2B,Haute-Corse,hautecorse,Oui,6400.0
AIDREG_B,2B,Haute-Corse,hautecorse,Ensemble,53700.0
AIDREG_B,30,Gard,gard,Non,194800.0
AIDREG_B,30,Gard,gard,Oui,29200.0
AIDREG_B,30,Gard,gard,Ensemble,224000.0
AIDREG_B,31,Haute-Garonne,hautegaronne,Non,263400.0
AIDREG_B,31,Haute-Garonne,hautegaronne,Oui,40300.0
AIDREG_B,31,Haute-Garonne,hautegaronne,Ensemble,303700.0
AIDREG_B,32,Gers,gers,Non,59800.0
AIDREG_B,32,Gers,gers,Oui,6300.0
AIDREG_B,32,Gers,gers,Ensemble,66100.0
AIDREG_B,33,Gironde,gironde,Non,361500.0
AIDREG_B,33,Gironde,gironde,Oui,44100.0
AIDREG_B,33,Gironde,gironde,Ensemble,405600.0
AIDREG_B,34,Hérault,herault,Non,282900.0
AIDREG_B,34,Hérault,herault,Oui,41400.0
AIDREG_B,34,Hérault,herault,Ensemble,324300.0
AIDREG_B,35,Ille-et-Vilaine,illeetvilaine,Non,220300.0
AIDREG_B,35,Ille-et-Vilaine,illeetvilaine,Oui,30200.0
AIDREG_B,35,Ille-et-Vilaine,illeetvilaine,Ensemble,250500.0
AIDREG_B,36,Indre,indre,Non,67100.0
AIDREG_B,36,Indre,indre,Oui,8500.0
AIDREG_B,36,Indre,indre,Ensemble,75600.0
AIDREG_B,37,Indre-et-Loire,indreetloire,Non,151900.0
AIDREG_B,37,Indre-et-Loire,indreetloire,Oui,15400.0
AIDREG_B,37,Indre-et-Loire,indreetloire,Ensemble,167300.0
AIDREG_B,38,Isère,isere,Non,272800.0
AIDREG_B,38,Isère,isere,Oui,33700.0
AIDREG_B,38,Isère,isere,Ensemble,306600.0
AIDREG_B,39,Jura,jura,Non,69500.0
AIDREG_B,39,Jura,jura,Oui,8300.0
AIDREG_B,39,Jura,jura,Ensemble,77800.0
AIDREG_B,40,Landes,landes,Non,117600.0
AIDREG_B,40,Landes,landes,Oui,16400.0
AIDREG_B,40,Landes,landes,Ensemble,134100.0
AIDREG_B,41,Loir-et-Cher,loiretcher,Non,92300.0
AIDREG_B,41,Loir-et-Cher,loiretcher,Oui,9600.0
AIDREG_B,41,Loir-et-Cher,loiretcher,Ensemble,101900.0
AIDREG_B,42,Loire,loire,Non,187600.0
AIDREG_B,42,Loire,loire,Oui,22200.0
AIDREG_B,42,Loire,loire,Ensemble,209800.0
AIDREG_B,43,Haute-Loire,hauteloire,Non,61100.0
AIDREG_B,43,Haute-Loire,hauteloire,Oui,8200.0
AIDREG_B,43,Haute-Loire,hauteloire,Ensemble,69300.0
AIDREG_B,44,Loire-Atlantique,loireatlantique,Non,295600.0
AIDREG_B,44,Loire-Atlantique,loireatlantique,Oui,40400.0
AIDREG_B,44,Loire-Atlantique,loireatlantique,Ensemble,335900.0
AIDREG_B,45,Loiret,loiret,Non,149700.0
AIDREG_B,45,Loiret,loiret,Oui,25000.0
AIDREG_B,45,Loiret,loiret,Ensemble,174600.0
AIDREG_B,46,Lot,lot,Non,59000.0
AIDREG_B,46,Lot,lot,Oui,6100.0
AIDREG_B,46,Lot,lot,Ensemble,65200.0
AIDREG_B,47,Lot-et-Garonne,lotetgaronne,Non,93800.0
AIDREG_B,47,Lot-et-Garonne,lotetgaronne,Oui,14300.0
AIDREG_B,47,Lot-et-Garonne,lotetgaronne,Ensemble,108100.0
AIDREG_B,48,Lozère,lozere,Non,21600.0
AIDREG_B,48,Lozère,lozere,Oui,2000.0
AIDREG_B,48,Lozère,lozere,Ensemble,23600.0
AIDREG_B,49,Maine-et-Loire,maineetloire,Non,190900.0
AIDREG_B,49,Maine-et-Loire,maineetloire,Oui,20700.0
AIDREG_B,49,Maine-et-Loire,maineetloire,Ensemble,211600.0
AIDREG_B,50,Manche,manche,Non,143400.0
AIDREG_B,50,Manche,manche,Oui,13400.0
AIDREG_B,50,Manche,manche,Ensemble,156700.0
AIDREG_B,51,Marne,marne,Non,129200.0
AIDREG_B,51,Marne,marne,Oui,12900.0
AIDREG_B,51,Marne,marne,Ensemble,142100.0
AIDREG_B,52,Haute-Marne,hautemarne,Non,48100.0
AIDREG_B,52,Haute-Marne,hautemarne,Oui,5700.0
AIDREG_B,52,Haute-Marne,hautemarne,Ensemble,53800.0
AIDREG_B,53,Mayenne,mayenne,Non,75200.0
AIDREG_B,53,Mayenne,mayenne,Oui,9700.0
AIDREG_B,53,Mayenne,mayenne,Ensemble,84800.0
AIDREG_B,54,Meurthe-et-Moselle,meurtheetmoselle,Non,164600.0
AIDREG_B,54,Meurthe-et-Moselle,meurtheetmoselle,Oui,19000.0
AIDREG_B,54,Meurthe-et-Moselle,meurtheetmoselle,Ensemble,183600.0
AIDREG_B,55,Meuse,meuse,Non,47600.0
AIDREG_B,55,Meuse,meuse,Oui,6200.0
AIDREG_B,55,Meuse,meuse,Ensemble,53800.0
AIDREG_B,56,Morbihan,morbihan,Non,217200.0
AIDREG_B,56,Morbihan,morbihan,Oui,24500.0
AIDREG_B,56,Morbihan,morbihan,Ensemble,241700.0
AIDREG_B,57,Moselle,moselle,Non,244400.0
AIDREG_B,57,Moselle,moselle,Oui,30700.0
AIDREG_B,57,Moselle,moselle,Ensemble,275100.0
AIDREG_B,58,Nièvre,nievre,Non,65600.0
AIDREG_B,58,Nièvre,nievre,Oui,7000.0
AIDREG_B,58,Nièvre,nievre,Ensemble,72700.0
AIDREG_B,59,Nord,nord,Non,511900.0
AIDREG_B,59,Nord,nord,Oui,75900.0
AIDREG_B,59,Nord,nord,Ensemble,587800.0
AIDREG_B,60,Oise,oise,Non,165800.0
AIDREG_B,60,Oise,oise,Oui,23800.0
AIDREG_B,60,Oise,oise,Ensemble,189600.0
AIDREG_B,61,Orne,orne,Non,79300.0
AIDREG_B,61,Orne,orne,Oui,10500.0
AIDREG_B,61,Orne,orne,Ensemble,89800.0
AIDREG_B,62,Pas-de-Calais,pasdecalais,Non,331700.0
AIDREG_B,62,Pas-de-Calais,pasdecalais,Oui,36800.0
AIDREG_B,62,Pas-de-Calais,pasdecalais,Ensemble,368500.0
AIDREG_B,63,Puy-de-Dôme,puydedome,Non,163700.0
AIDREG_B,63,Puy-de-Dôme,puydedome,Oui,18500.0
AIDREG_B,63,Puy-de-Dôme,puydedome,Ensemble,182100.0
AIDREG_B,64,Pyrénées-Atlantiques,pyreneesatlantiques,Non,184900.0
AIDREG_B,64,Pyrénées-Atlantiques,pyreneesatlantiques,Oui,23200.0
AIDREG_B,64,Pyrénées-Atlantiques,pyreneesatlantiques,Ensemble,208000.0
AIDREG_B,65,Hautes-Pyrénées,hautespyrenees,Non,68700.0
AIDREG_B,65,Hautes-Pyrénées,hautespyrenees,Oui,8000.0
AIDREG_B,65,Hautes-Pyrénées,hautespyrenees,Ensemble,76700.0
AIDREG_B,66,Pyrénées-Orientales,pyreneesorientales,Non,136200.0
AIDREG_B,66,Pyrénées-Orientales,pyreneesorientales,Oui,20500.0
AIDREG_B,66,Pyrénées-Orientales,pyreneesorientales,Ensemble,156700.0
AIDREG_B,67,Bas-Rhin,basrhin,Non,252900.0
AIDREG_B,67,Bas-Rhin,basrhin,Oui,28900.0
AIDREG_B,67,Bas-Rhin,basrhin,Ensemble,281800.0
AIDREG_B,68,Haut-Rhin,hautrhin,Non,172300.0
AIDREG_B,68,Haut-Rhin,hautrhin,Oui,28200.0
AIDREG_B,68,Haut-Rhin,hautrhin,Ensemble,200500.0
AIDREG_B,69,Rhône,rhone,Non,349400.0
AIDREG_B,69,Rhône,rhone,Oui,51500.0
AIDREG_B,69,Rhône,rhone,Ensemble,400900.0
AIDREG_B,70,Haute-Saône,hautesaone,Non,63300.0
AIDREG_B,70,Haute-Saône,hautesaone,Oui,7200.0
AIDREG_B,70,Haute-Saône,hautesaone,Ensemble,70500.0
AIDREG_B,71,Saône-et-Loire,saoneetloire,Non,158500.0
AIDREG_B,71,Saône-et-Loire,saoneetloire,Oui,18500.0
AIDREG_B,71,Saône-et-Loire,saoneetloire,Ensemble,177000.0
AIDREG_B,72,Sarthe,sarthe,Non,141500.0
AIDREG_B,72,Sarthe,sarthe,Oui,17600.0
AIDREG_B,72,Sarthe,sarthe,Ensemble,159100.0
AIDREG_B,73,Savoie,savoie,Non,104300.0
AIDREG_B,73,Savoie,savoie,Oui,13100.0
AIDREG_B,73,Savoie,savoie,Ensemble,117400.0
AIDREG_B,74,Haute-Savoie,hautesavoie,Non,164000.0
AIDREG_B,74,Haute-Savoie,hautesavoie,Oui,20000.0
AIDREG_B,74,Haute-Savoie,hautesavoie,Ensemble,184100.0
AIDREG_B,75,Paris,paris,Non,406900.0
AIDREG_B,75,Paris,paris,Oui,65600.0
AIDREG_B,75,Paris,paris,Ensemble,472500.0
AIDREG_B,76,Seine-Maritime,seinemaritime,Non,286300.0
AIDREG_B,76,Seine-Maritime,seinemaritime,Oui,38300.0
AIDREG_B,76,Seine-Maritime,seinemaritime,Ensemble,324600.0
AIDREG_B,77,Seine-et-Marne,seineetmarne,Non,256400.0
AIDREG_B,77,Seine-et-Marne,seineetmarne,Oui,29400.0
AIDREG_B,77,Seine-et-Marne,seineetmarne,Ensemble,285800.0
AIDREG_B,78,Yvelines,yvelines,Non,281400.0
AIDREG_B,78,Yvelines,yvelines,Oui,32500.0
AIDREG_B,78,Yvelines,yvelines,Ensemble,313800.0
AIDREG_B,79,Deux-Sèvres,deuxsevres,Non,94700.0
AIDREG_B,79,Deux-Sèvres,deuxsevres,Oui,15900.0
AIDREG_B,79,Deux-Sèvres,deuxsevres,Ensemble,110600.0
AIDREG_B,80,Somme,somme,Non,125800.0
AIDREG_B,80,Somme,somme,Oui,21200.0
AIDREG_B,80,Somme,somme,Ensemble,147100.0
AIDREG_B,81,Tarn,tarn,Non,106800.0
AIDREG_B,81,Tarn,tarn,Oui,14600.0
AIDREG_B,81,Tarn,tarn,Ensemble,121400.0
AIDREG_B,82,Tarn-et-Garonne,tarnetgaronne,Non,64800.0
AIDREG_B,82,Tarn-et-Garonne,tarnetgaronne,Oui,8600.0
AIDREG_B,82,Tarn-et-Garonne,tarnetgaronne,Ensemble,73400.0
AIDREG_B,83,Var,var,Non,307500.0
AIDREG_B,83,Var,var,Oui,44100.0
AIDREG_B,83,Var,var,Ensemble,351600.0
AIDREG_B,84,Vaucluse,vaucluse,Non,140900.0
AIDREG_B,84,Vaucluse,vaucluse,Oui,19000.0
AIDREG_B,84,Vaucluse,vaucluse,Ensemble,159900.0
AIDREG_B,85,Vendée,vendee,Non,192200.0
AIDREG_B,85,Vendée,vendee,Oui,20800.0
AIDREG_B,85,Vendée,vendee,Ensemble,213000.0
AIDREG_B,86,Vienne,vienne,Non,106400.0
AIDREG_B,86,Vienne,vienne,Oui,15500.0
AIDREG_B,86,Vienne,vienne,Ensemble,122000.0
AIDREG_B,87,Haute-Vienne,hautevienne,Non,97900.0
AIDREG_B,87,Haute-Vienne,hautevienne,Oui,17600.0
AIDREG_B,87,Haute-Vienne,hautevienne,Ensemble,115500.0
AIDREG_B,88,Vosges,vosges,Non,100300.0
AIDREG_B,88,Vosges,vosges,Oui,11300.0
AIDREG_B,88,Vosges,vosges,Ensemble,111600.0
AIDREG_B,89,Yonne,yonne,Non,92500.0
AIDREG_B,89,Yonne,yonne,Oui,9500.0
AIDREG_B,89,Yonne,yonne,Ensemble,102000.0
AIDREG_B,90,Territoire de Belfort,territoiredebelfort,Non,32300.0
AIDREG_B,90,Territoire de Belfort,territoiredebelfort,Oui,4300.0
AIDREG_B,90,Territoire de Belfort,territoiredebelfort,Ensemble,36600.0
AIDREG_B,91,Essonne,essonne,Non,225600.0
AIDREG_B,91,Essonne,essonne,Oui,34900.0
AIDREG_B,91,Essonne,essonne,Ensemble,260500.0
AIDREG_B,92,Hauts-de-Seine,hautsdeseine,Non,278200.0
AIDREG_B,92,Hauts-de-Seine,hautsdeseine,Oui,42000.0
AIDREG_B,92,Hauts-de-Seine,hautsdeseine,Ensemble,320200.0
AIDREG_B,93,Seine-Saint-Denis,seinesaintdenis,Non,230200.0
AIDREG_B,93,Seine-Saint-Denis,seinesaintdenis,Oui,37100.0
AIDREG_B,93,Seine-Saint-Denis,seinesaintdenis,Ensemble,267200.0
AIDREG_B,94,Val-de-Marne,valdemarne,Non,245900.0
AIDREG_B,94,Val-de-Marne,valdemarne,Oui,31800.0
AIDREG_B,94,Val-de-Marne,valdemarne,Ensemble,277700.0
AIDREG_B,95,Val-d'Oise,valdoise,Non,205900.0
AIDREG_B,95,Val-d'Oise,valdoise,Oui,27900.0
AIDREG_B,95,Val-d'Oise,valdoise,Ensemble,233800.0
AIDREG_B,971,Guadeloupe,guadeloupe,Non,90400.0
AIDREG_B,971,Guadeloupe,guadeloupe,Oui,15800.0
AIDREG_B,971,Guadeloupe,guadeloupe,Ensemble,106200.0
AIDREG_B,972,Martinique,martinique,Non,88800.0
AIDREG_B,972,Martinique,martinique,Oui,20500.0
AIDREG_B,972,Martinique,martinique,Ensemble,109300.0
AIDREG_B,973,Guyane,guyane,Non,25000.0
AIDREG_B,973,Guyane,guyane,Oui,3500.0
AIDREG_B,973,Guyane,guyane,Ensemble,28500.0
AIDREG_B,974,La Réunion,lareunion,Non,139900.0
AIDREG_B,974,La Réunion,lareunion,Oui,22700.0
AIDREG_B,974,La Réunion,lareunion,Ensemble,162600.0
AIDREG_B,976,Mayotte,mayotte,Non,11300.0
AIDREG_B,976,Mayotte,mayotte,Oui,1900.0
AIDREG_B,976,Mayotte,mayotte,Ensemble,13100.0
"AIDREG_B,None,""Lecture > Dans l'Ain, 34 100 personnes de 25 à 59 ans déclarent apporter un soutien moral à un proche en raison d'un handicap ou de l'avancée en âge de ce proche. "
Champ > Personnes de 5 ans ou plus vivant en logement ordinaire en France.
"Sources > Enquête Vie Quotidienne et Santé 2021, DREES."",lecturedanslain34100personnesde25a59ansdeclarentapporterunsoutienmoralaunprocheenraisondunhandicapoudelavanceeenagedeceprochechamppersonnesde5ansouplusvivantenlogementordinaireenfrancesourcesenqueteviequotidienneetsante2021drees,,"
AIDREG_C,01,Ain,ain,Non,148200.0
AIDREG_C,01,Ain,ain,Oui,5800.0
AIDREG_C,01,Ain,ain,Ensemble,154000.0
AIDREG_C,02,Aisne,aisne,Non,139500.0
AIDREG_C,02,Aisne,aisne,Oui,2800.0
AIDREG_C,02,Aisne,aisne,Ensemble,142400.0
AIDREG_C,03,Allier,allier,Non,110800.0
AIDREG_C,03,Allier,allier,Oui,2600.0
AIDREG_C,03,Allier,allier,Ensemble,113400.0
AIDREG_C,04,Alpes-de-Haute-Provence,alpesdehauteprovence,Non,53600.0
AIDREG_C,04,Alpes-de-Haute-Provence,alpesdehauteprovence,Oui,1800.0
AIDREG_C,04,Alpes-de-Haute-Provence,alpesdehauteprovence,Ensemble,55300.0
AIDREG_C,05,Hautes-Alpes,hautesalpes,Non,43800.0
AIDREG_C,05,Hautes-Alpes,hautesalpes,Oui,600.0
AIDREG_C,05,Hautes-Alpes,hautesalpes,Ensemble,44400.0
AIDREG_C,06,Alpes-Maritimes,alpesmaritimes,Non,316600.0
AIDREG_C,06,Alpes-Maritimes,alpesmaritimes,Oui,9900.0
AIDREG_C,06,Alpes-Maritimes,alpesmaritimes,Ensemble,326500.0
AIDREG_C,07,Ardèche,ardeche,Non,98400.0
AIDREG_C,07,Ardèche,ardeche,Oui,3400.0
AIDREG_C,07,Ardèche,ardeche,Ensemble,101800.0
AIDREG_C,08,Ardennes,ardennes,Non,74600.0
AIDREG_C,08,Ardennes,ardennes,Oui,1900.0
AIDREG_C,08,Ardennes,ardennes,Ensemble,76500.0
AIDREG_C,09,Ariège,ariege,Non,49200.0
AIDREG_C,09,Ariège,ariege,Oui,1600.0
AIDREG_C,09,Ariège,ariege,Ensemble,50900.0
AIDREG_C,10,Aube,aube,Non,81800.0
AIDREG_C,10,Aube,aube,Oui,2300.0
AIDREG_C,10,Aube,aube,Ensemble,84200.0
AIDREG_C,11,Aude,aude,Non,120500.0
AIDREG_C,11,Aude,aude,Oui,3200.0
AIDREG_C,11,Aude,aude,Ensemble,123700.0
AIDREG_C,12,Aveyron,aveyron,Non,91000.0
AIDREG_C,12,Aveyron,aveyron,Oui,1900.0
AIDREG_C,12,Aveyron,aveyron,Ensemble,92800.0
AIDREG_C,13,Bouches-du-Rhône,bouchesdurhone,Non,508900.0
AIDREG_C,13,Bouches-du-Rhône,bouchesdurhone,Oui,20400.0
AIDREG_C,13,Bouches-du-Rhône,bouchesdurhone,Ensemble,529400.0
AIDREG_C,14,Calvados,calvados,Non,189600.0
AIDREG_C,14,Calvados,calvados,Oui,5000.0
AIDREG_C,14,Calvados,calvados,Ensemble,194600.0
AIDREG_C,15,Cantal,cantal,Non,48300.0
AIDREG_C,15,Cantal,cantal,Oui,1200.0
AIDREG_C,15,Cantal,cantal,Ensemble,49500.0
AIDREG_C,16,Charente,charente,Non,108200.0
AIDREG_C,16,Charente,charente,Oui,3000.0
AIDREG_C,16,Charente,charente,Ensemble,111300.0
AIDREG_C,17,Charente-Maritime,charentemaritime,Non,221400.0
AIDREG_C,17,Charente-Maritime,charentemaritime,Oui,6200.0
AIDREG_C,17,Charente-Maritime,charentemaritime,Ensemble,227600.0
AIDREG_C,18,Cher,cher,Non,93700.0
AIDREG_C,18,Cher,cher,Oui,2000.0
AIDREG_C,18,Cher,cher,Ensemble,95800.0
AIDREG_C,19,Corrèze,correze,Non,80000.0
AIDREG_C,19,Corrèze,correze,Oui,1500.0
AIDREG_C,19,Corrèze,correze,Ensemble,81500.0
AIDREG_C,21,Côte-d'Or,cotedor,Non,138800.0
AIDREG_C,21,Côte-d'Or,cotedor,Oui,3300.0
AIDREG_C,21,Côte-d'Or,cotedor,Ensemble,142100.0
AIDREG_C,22,Côtes d'Armor,cotesdarmor,Non,193300.0
AIDREG_C,22,Côtes d'Armor,cotesdarmor,Oui,2900.0
AIDREG_C,22,Côtes d'Armor,cotesdarmor,Ensemble,196200.0
AIDREG_C,23,Creuse,creuse,Non,42600.0
AIDREG_C,23,Creuse,creuse,Oui,1300.0
AIDREG_C,23,Creuse,creuse,Ensemble,43900.0
AIDREG_C,24,Dordogne,dordogne,Non,146600.0
AIDREG_C,24,Dordogne,dordogne,Oui,3300.0
AIDREG_C,24,Dordogne,dordogne,Ensemble,149900.0
AIDREG_C,25,Doubs,doubs,Non,132800.0
AIDREG_C,25,Doubs,doubs,Oui,3600.0
AIDREG_C,25,Doubs,doubs,Ensemble,136400.0
AIDREG_C,26,Drôme,drome,Non,141100.0
AIDREG_C,26,Drôme,drome,Oui,3600.0
AIDREG_C,26,Drôme,drome,Ensemble,144800.0
AIDREG_C,27,Eure,eure,Non,149500.0
AIDREG_C,27,Eure,eure,Oui,3600.0
AIDREG_C,27,Eure,eure,Ensemble,153200.0
AIDREG_C,28,Eure-et-Loire,eureetloire,Non,112700.0
AIDREG_C,28,Eure-et-Loire,eureetloire,Oui,2600.0
AIDREG_C,28,Eure-et-Loire,eureetloire,Ensemble,115200.0
AIDREG_C,29,Finistère,finistere,Non,273800.0
AIDREG_C,29,Finistère,finistere,Oui,5100.0
AIDREG_C,29,Finistère,finistere,Ensemble,278900.0
AIDREG_C,2A,Corse-du-Sud,corsedusud,Non,47900.0
AIDREG_C,2A,Corse-du-Sud,corsedusud,Oui,900.0
AIDREG_C,2A,Corse-du-Sud,corsedusud,Ensemble,48800.0
AIDREG_C,2B,Haute-Corse,hautecorse,Non,52900.0
AIDREG_C,2B,Haute-Corse,hautecorse,Oui,800.0
AIDREG_C,2B,Haute-Corse,hautecorse,Ensemble,53700.0
AIDREG_C,30,Gard,gard,Non,217000.0
AIDREG_C,30,Gard,gard,Oui,7100.0
AIDREG_C,30,Gard,gard,Ensemble,224000.0
AIDREG_C,31,Haute-Garonne,hautegaronne,Non,295900.0
AIDREG_C,31,Haute-Garonne,hautegaronne,Oui,7800.0
AIDREG_C,31,Haute-Garonne,hautegaronne,Ensemble,303700.0
AIDREG_C,32,Gers,gers,Non,64200.0
AIDREG_C,32,Gers,gers,Oui,1800.0
AIDREG_C,32,Gers,gers,Ensemble,66100.0
AIDREG_C,33,Gironde,gironde,Non,395200.0
AIDREG_C,33,Gironde,gironde,Oui,10400.0
AIDREG_C,33,Gironde,gironde,Ensemble,405600.0
AIDREG_C,34,Hérault,herault,Non,315400.0
AIDREG_C,34,Hérault,herault,Oui,9000.0
AIDREG_C,34,Hérault,herault,Ensemble,324300.0
AIDREG_C,35,Ille-et-Vilaine,illeetvilaine,Non,247600.0
AIDREG_C,35,Ille-et-Vilaine,illeetvilaine,Oui,2900.0
AIDREG_C,35,Ille-et-Vilaine,illeetvilaine,Ensemble,250500.0
AIDREG_C,36,Indre,indre,Non,74700.0
AIDREG_C,36,Indre,indre,Oui,900.0
AIDREG_C,36,Indre,indre,Ensemble,75600.0
AIDREG_C,37,Indre-et-Loire,indreetloire,Non,164200.0
AIDREG_C,37,Indre-et-Loire,indreetloire,Oui,3000.0
AIDREG_C,37,Indre-et-Loire,indreetloire,Ensemble,167300.0
AIDREG_C,38,Isère,isere,Non,301400.0
AIDREG_C,38,Isère,isere,Oui,5200.0
AIDREG_C,38,Isère,isere,Ensemble,306600.0
AIDREG_C,39,Jura,jura,Non,74600.0
AIDREG_C,39,Jura,jura,Oui,3300.0
AIDREG_C,39,Jura,jura,Ensemble,77800.0
AIDREG_C,40,Landes,landes,Non,128300.0
AIDREG_C,40,Landes,landes,Oui,5800.0
AIDREG_C,40,Landes,landes,Ensemble,134100.0
AIDREG_C,41,Loir-et-Cher,loiretcher,Non,100000.0
AIDREG_C,41,Loir-et-Cher,loiretcher,Oui,1900.0
AIDREG_C,41,Loir-et-Cher,loiretcher,Ensemble,101900.0
AIDREG_C,42,Loire,loire,Non,204800.0
AIDREG_C,42,Loire,loire,Oui,5000.0
AIDREG_C,42,Loire,loire,Ensemble,209800.0
AIDREG_C,43,Haute-Loire,hauteloire,Non,67200.0
AIDREG_C,43,Haute-Loire,hauteloire,Oui,2100.0
AIDREG_C,43,Haute-Loire,hauteloire,Ensemble,69300.0
AIDREG_C,44,Loire-Atlantique,loireatlantique,Non,329400.0
AIDREG_C,44,Loire-Atlantique,loireatlantique,Oui,6500.0
AIDREG_C,44,Loire-Atlantique,loireatlantique,Ensemble,335900.0
AIDREG_C,45,Loiret,loiret,Non,168500.0
AIDREG_C,45,Loiret,loiret,Oui,6100.0
AIDREG_C,45,Loiret,loiret,Ensemble,174600.0
AIDREG_C,46,Lot,lot,Non,64100.0
AIDREG_C,46,Lot,lot,Oui,1000.0
AIDREG_C,46,Lot,lot,Ensemble,65200.0
AIDREG_C,47,Lot-et-Garonne,lotetgaronne,Non,105600.0
AIDREG_C,47,Lot-et-Garonne,lotetgaronne,Oui,2500.0
AIDREG_C,47,Lot-et-Garonne,lotetgaronne,Ensemble,108100.0
AIDREG_C,48,Lozère,lozere,Non,22900.0
AIDREG_C,48,Lozère,lozere,Oui,700.0
AIDREG_C,48,Lozère,lozere,Ensemble,23600.0
AIDREG_C,49,Maine-et-Loire,maineetloire,Non,207400.0
AIDREG_C,49,Maine-et-Loire,maineetloire,Oui,4200.0
AIDREG_C,49,Maine-et-Loire,maineetloire,Ensemble,211600.0
AIDREG_C,50,Manche,manche,Non,154600.0
AIDREG_C,50,Manche,manche,Oui,2200.0
AIDREG_C,50,Manche,manche,Ensemble,156700.0
AIDREG_C,51,Marne,marne,Non,139200.0
AIDREG_C,51,Marne,marne,Oui,2900.0
AIDREG_C,51,Marne,marne,Ensemble,142100.0
AIDREG_C,52,Haute-Marne,hautemarne,Non,53000.0
AIDREG_C,52,Haute-Marne,hautemarne,Oui,800.0
AIDREG_C,52,Haute-Marne,hautemarne,Ensemble,53800.0
AIDREG_C,53,Mayenne,mayenne,Non,83300.0
AIDREG_C,53,Mayenne,mayenne,Oui,1500.0
AIDREG_C,53,Mayenne,mayenne,Ensemble,84800.0
AIDREG_C,54,Meurthe-et-Moselle,meurtheetmoselle,Non,180100.0
AIDREG_C,54,Meurthe-et-Moselle,meurtheetmoselle,Oui,3500.0
AIDREG_C,54,Meurthe-et-Moselle,meurtheetmoselle,Ensemble,183600.0
AIDREG_C,55,Meuse,meuse,Non,53100.0
AIDREG_C,55,Meuse,meuse,Oui,800.0
AIDREG_C,55,Meuse,meuse,Ensemble,53800.0
AIDREG_C,56,Morbihan,morbihan,Non,235700.0
AIDREG_C,56,Morbihan,morbihan,Oui,6000.0
AIDREG_C,56,Morbihan,morbihan,Ensemble,241700.0
AIDREG_C,57,Moselle,moselle,Non,268000.0
AIDREG_C,57,Moselle,moselle,Oui,7200.0
AIDREG_C,57,Moselle,moselle,Ensemble,275100.0
AIDREG_C,58,Nièvre,nievre,Non,71300.0
AIDREG_C,58,Nièvre,nievre,Oui,1400.0
AIDREG_C,58,Nièvre,nievre,Ensemble,72700.0
AIDREG_C,59,Nord,nord,Non,578100.0
AIDREG_C,59,Nord,nord,Oui,9700.0
AIDREG_C,59,Nord,nord,Ensemble,587800.0
AIDREG_C,60,Oise,oise,Non,186200.0
AIDREG_C,60,Oise,oise,Oui,3400.0
AIDREG_C,60,Oise,oise,Ensemble,189600.0
AIDREG_C,61,Orne,orne,Non,89100.0
AIDREG_C,61,Orne,orne,Oui,700.0
AIDREG_C,61,Orne,orne,Ensemble,89800.0
AIDREG_C,62,Pas-de-Calais,pasdecalais,Non,363200.0
AIDREG_C,62,Pas-de-Calais,pasdecalais,Oui,5400.0
AIDREG_C,62,Pas-de-Calais,pasdecalais,Ensemble,368500.0
AIDREG_C,63,Puy-de-Dôme,puydedome,Non,178200.0
AIDREG_C,63,Puy-de-Dôme,puydedome,Oui,3900.0
AIDREG_C,63,Puy-de-Dôme,puydedome,Ensemble,182100.0
AIDREG_C,64,Pyrénées-Atlantiques,pyreneesatlantiques,Non,201800.0
AIDREG_C,64,Pyrénées-Atlantiques,pyreneesatlantiques,Oui,6200.0
AIDREG_C,64,Pyrénées-Atlantiques,pyreneesatlantiques,Ensemble,208000.0
AIDREG_C,65,Hautes-Pyrénées,hautespyrenees,Non,73200.0
AIDREG_C,65,Hautes-Pyrénées,hautespyrenees,Oui,3500.0
AIDREG_C,65,Hautes-Pyrénées,hautespyrenees,Ensemble,76700.0
AIDREG_C,66,Pyrénées-Orientales,pyreneesorientales,Non,153300.0
AIDREG_C,66,Pyrénées-Orientales,pyreneesorientales,Oui,3300.0
AIDREG_C,66,Pyrénées-Orientales,pyreneesorientales,Ensemble,156700.0
AIDREG_C,67,Bas-Rhin,basrhin,Non,274900.0
AIDREG_C,67,Bas-Rhin,basrhin,Oui,6900.0
AIDREG_C,67,Bas-Rhin,basrhin,Ensemble,281800.0
AIDREG_C,68,Haut-Rhin,hautrhin,Non,193100.0
AIDREG_C,68,Haut-Rhin,hautrhin,Oui,7300.0
AIDREG_C,68,Haut-Rhin,hautrhin,Ensemble,200500.0
AIDREG_C,69,Rhône,rhone,Non,391600.0
AIDREG_C,69,Rhône,rhone,Oui,9200.0
AIDREG_C,69,Rhône,rhone,Ensemble,400900.0
AIDREG_C,70,Haute-Saône,hautesaone,Non,68600.0
AIDREG_C,70,Haute-Saône,hautesaone,Oui,1800.0
AIDREG_C,70,Haute-Saône,hautesaone,Ensemble,70500.0
AIDREG_C,71,Saône-et-Loire,saoneetloire,Non,173300.0
AIDREG_C,71,Saône-et-Loire,saoneetloire,Oui,3700.0
AIDREG_C,71,Saône-et-Loire,saoneetloire,Ensemble,177000.0
AIDREG_C,72,Sarthe,sarthe,Non,156800.0
AIDREG_C,72,Sarthe,sarthe,Oui,2300.0
AIDREG_C,72,Sarthe,sarthe,Ensemble,159100.0
AIDREG_C,73,Savoie,savoie,Non,114800.0
AIDREG_C,73,Savoie,savoie,Oui,2700.0
AIDREG_C,73,Savoie,savoie,Ensemble,117400.0
AIDREG_C,74,Haute-Savoie,hautesavoie,Non,179700.0
AIDREG_C,74,Haute-Savoie,hautesavoie,Oui,4400.0
AIDREG_C,74,Haute-Savoie,hautesavoie,Ensemble,184100.0
AIDREG_C,75,Paris,paris,Non,458200.0
AIDREG_C,75,Paris,paris,Oui,14300.0
AIDREG_C,75,Paris,paris,Ensemble,472500.0
AIDREG_C,76,Seine-Maritime,seinemaritime,Non,318400.0
AIDREG_C,76,Seine-Maritime,seinemaritime,Oui,6300.0
AIDREG_C,76,Seine-Maritime,seinemaritime,Ensemble,324600.0
AIDREG_C,77,Seine-et-Marne,seineetmarne,Non,275500.0
AIDREG_C,77,Seine-et-Marne,seineetmarne,Oui,10300.0
AIDREG_C,77,Seine-et-Marne,seineetmarne,Ensemble,285800.0
AIDREG_C,78,Yvelines,yvelines,Non,307600.0
AIDREG_C,78,Yvelines,yvelines,Oui,6300.0
AIDREG_C,78,Yvelines,yvelines,Ensemble,313800.0
AIDREG_C,79,Deux-Sèvres,deuxsevres,Non,108200.0
AIDREG_C,79,Deux-Sèvres,deuxsevres,Oui,2400.0
AIDREG_C,79,Deux-Sèvres,deuxsevres,Ensemble,110600.0
AIDREG_C,80,Somme,somme,Non,143000.0
AIDREG_C,80,Somme,somme,Oui,4100.0
AIDREG_C,80,Somme,somme,Ensemble,147100.0
AIDREG_C,81,Tarn,tarn,Non,118300.0
AIDREG_C,81,Tarn,tarn,Oui,3100.0
AIDREG_C,81,Tarn,tarn,Ensemble,121400.0
AIDREG_C,82,Tarn-et-Garonne,tarnetgaronne,Non,71700.0
AIDREG_C,82,Tarn-et-Garonne,tarnetgaronne,Oui,1700.0
AIDREG_C,82,Tarn-et-Garonne,tarnetgaronne,Ensemble,73400.0
AIDREG_C,83,Var,var,Non,341300.0
AIDREG_C,83,Var,var,Oui,10300.0
AIDREG_C,83,Var,var,Ensemble,351600.0
AIDREG_C,84,Vaucluse,vaucluse,Non,155100.0
AIDREG_C,84,Vaucluse,vaucluse,Oui,4800.0
AIDREG_C,84,Vaucluse,vaucluse,Ensemble,159900.0
AIDREG_C,85,Vendée,vendee,Non,211000.0
AIDREG_C,85,Vendée,vendee,Oui,2000.0
AIDREG_C,85,Vendée,vendee,Ensemble,213000.0
AIDREG_C,86,Vienne,vienne,Non,118600.0
AIDREG_C,86,Vienne,vienne,Oui,3300.0
AIDREG_C,86,Vienne,vienne,Ensemble,122000.0
AIDREG_C,87,Haute-Vienne,hautevienne,Non,112300.0
AIDREG_C,87,Haute-Vienne,hautevienne,Oui,3200.0
AIDREG_C,87,Haute-Vienne,hautevienne,Ensemble,115500.0
AIDREG_C,88,Vosges,vosges,Non,109400.0
AIDREG_C,88,Vosges,vosges,Oui,2200.0
AIDREG_C,88,Vosges,vosges,Ensemble,111600.0
AIDREG_C,89,Yonne,yonne,Non,100500.0
AIDREG_C,89,Yonne,yonne,Oui,1500.0
AIDREG_C,89,Yonne,yonne,Ensemble,102000.0
AIDREG_C,90,Territoire de Belfort,territoiredebelfort,Non,35600.0
AIDREG_C,90,Territoire de Belfort,territoiredebelfort,Oui,1000.0
AIDREG_C,90,Territoire de Belfort,territoiredebelfort,Ensemble,36600.0
AIDREG_C,91,Essonne,essonne,Non,252200.0
AIDREG_C,91,Essonne,essonne,Oui,8300.0
AIDREG_C,91,Essonne,essonne,Ensemble,260500.0
AIDREG_C,92,Hauts-de-Seine,hautsdeseine,Non,309600.0
AIDREG_C,92,Hauts-de-Seine,hautsdeseine,Oui,10600.0
AIDREG_C,92,Hauts-de-Seine,hautsdeseine,Ensemble,320200.0
AIDREG_C,93,Seine-Saint-Denis,seinesaintdenis,Non,259100.0
AIDREG_C,93,Seine-Saint-Denis,seinesaintdenis,Oui,8200.0
AIDREG_C,93,Seine-Saint-Denis,seinesaintdenis,Ensemble,267200.0
AIDREG_C,94,Val-de-Marne,valdemarne,Non,268600.0
AIDREG_C,94,Val-de-Marne,valdemarne,Oui,9200.0
AIDREG_C,94,Val-de-Marne,valdemarne,Ensemble,277700.0
AIDREG_C,95,Val-d'Oise,valdoise,Non,225600.0
AIDREG_C,95,Val-d'Oise,valdoise,Oui,8200.0
AIDREG_C,95,Val-d'Oise,valdoise,Ensemble,233800.0
AIDREG_C,971,Guadeloupe,guadeloupe,Non,101300.0
AIDREG_C,971,Guadeloupe,guadeloupe,Oui,4900.0
AIDREG_C,971,Guadeloupe,guadeloupe,Ensemble,106200.0
AIDREG_C,972,Martinique,martinique,Non,104900.0
AIDREG_C,972,Martinique,martinique,Oui,4500.0
AIDREG_C,972,Martinique,martinique,Ensemble,109300.0
AIDREG_C,973,Guyane,guyane,Non,27500.0
AIDREG_C,973,Guyane,guyane,Oui,1000.0
AIDREG_C,973,Guyane,guyane,Ensemble,28500.0
AIDREG_C,974,La Réunion,lareunion,Non,157400.0
AIDREG_C,974,La Réunion,lareunion,Oui,5200.0
AIDREG_C,974,La Réunion,lareunion,Ensemble,162600.0
AIDREG_C,976,Mayotte,mayotte,Non,11700.0
AIDREG_C,976,Mayotte,mayotte,Oui,1400.0
AIDREG_C,976,Mayotte,mayotte,Ensemble,13100.0
"AIDREG_C,None,""Lecture > Dans l'Ain, 5 800 personnes de 25 à 59 ans déclarent apporter un soutien financier à un proche en raison d'un handicap ou de l'avancée en âge de ce proche. "
Champ > Personnes de 5 ans ou plus vivant en logement ordinaire en France.
"Sources > Enquête Vie Quotidienne et Santé 2021, DREES."",lecturedanslain5800personnesde25a59ansdeclarentapporterunsoutienfinancieraunprocheenraisondunhandicapoudelavanceeenagedeceprochechamppersonnesde5ansouplusvivantenlogementordinaireenfrancesourcesenqueteviequotidienneetsante2021drees,,"
AIDREG_D,01,Ain,ain,Non,33200.0
AIDREG_D,01,Ain,ain,Oui,120800.0
AIDREG_D,01,Ain,ain,Ensemble,154000.0
AIDREG_D,02,Aisne,aisne,Non,27500.0
AIDREG_D,02,Aisne,aisne,Oui,114800.0
AIDREG_D,02,Aisne,aisne,Ensemble,142400.0
AIDREG_D,03,Allier,allier,Non,21000.0
AIDREG_D,03,Allier,allier,Oui,92400.0
AIDREG_D,03,Allier,allier,Ensemble,113400.0
AIDREG_D,04,Alpes-de-Haute-Provence,alpesdehauteprovence,Non,10900.0
AIDREG_D,04,Alpes-de-Haute-Provence,alpesdehauteprovence,Oui,44400.0
AIDREG_D,04,Alpes-de-Haute-Provence,alpesdehauteprovence,Ensemble,55300.0
AIDREG_D,05,Hautes-Alpes,hautesalpes,Non,9900.0
AIDREG_D,05,Hautes-Alpes,hautesalpes,Oui,34500.0
AIDREG_D,05,Hautes-Alpes,hautesalpes,Ensemble,44400.0
AIDREG_D,06,Alpes-Maritimes,alpesmaritimes,Non,62700.0
AIDREG_D,06,Alpes-Maritimes,alpesmaritimes,Oui,263900.0
AIDREG_D,06,Alpes-Maritimes,alpesmaritimes,Ensemble,326500.0
AIDREG_D,07,Ardèche,ardeche,Non,18500.0
AIDREG_D,07,Ardèche,ardeche,Oui,83300.0
AIDREG_D,07,Ardèche,ardeche,Ensemble,101800.0
AIDREG_D,08,Ardennes,ardennes,Non,13200.0
AIDREG_D,08,Ardennes,ardennes,Oui,63300.0
AIDREG_D,08,Ardennes,ardennes,Ensemble,76500.0
AIDREG_D,09,Ariège,ariege,Non,10400.0
AIDREG_D,09,Ariège,ariege,Oui,40400.0
AIDREG_D,09,Ariège,ariege,Ensemble,50900.0
AIDREG_D,10,Aube,aube,Non,13300.0
AIDREG_D,10,Aube,aube,Oui,70800.0
AIDREG_D,10,Aube,aube,Ensemble,84200.0
AIDREG_D,11,Aude,aude,Non,24400.0
AIDREG_D,11,Aude,aude,Oui,99300.0
AIDREG_D,11,Aude,aude,Ensemble,123700.0
AIDREG_D,12,Aveyron,aveyron,Non,16700.0
AIDREG_D,12,Aveyron,aveyron,Oui,76100.0
AIDREG_D,12,Aveyron,aveyron,Ensemble,92800.0
AIDREG_D,13,Bouches-du-Rhône,bouchesdurhone,Non,113700.0
AIDREG_D,13,Bouches-du-Rhône,bouchesdurhone,Oui,415700.0
AIDREG_D,13,Bouches-du-Rhône,bouchesdurhone,Ensemble,529400.0
AIDREG_D,14,Calvados,calvados,Non,37000.0
AIDREG_D,14,Calvados,calvados,Oui,157600.0
AIDREG_D,14,Calvados,calvados,Ensemble,194600.0
AIDREG_D,15,Cantal,cantal,Non,8000.0
AIDREG_D,15,Cantal,cantal,Oui,41400.0
AIDREG_D,15,Cantal,cantal,Ensemble,49500.0
AIDREG_D,16,Charente,charente,Non,23200.0
AIDREG_D,16,Charente,charente,Oui,88100.0
AIDREG_D,16,Charente,charente,Ensemble,111300.0
AIDREG_D,17,Charente-Maritime,charentemaritime,Non,40600.0
AIDREG_D,17,Charente-Maritime,charentemaritime,Oui,187000.0
AIDREG_D,17,Charente-Maritime,charentemaritime,Ensemble,227600.0
AIDREG_D,18,Cher,cher,Non,18600.0
AIDREG_D,18,Cher,cher,Oui,77100.0
AIDREG_D,18,Cher,cher,Ensemble,95800.0
AIDREG_D,19,Corrèze,correze,Non,16100.0
AIDREG_D,19,Corrèze,correze,Oui,65500.0
AIDREG_D,19,Corrèze,correze,Ensemble,81500.0
AIDREG_D,21,Côte-d'Or,cotedor,Non,23900.0
AIDREG_D,21,Côte-d'Or,cotedor,Oui,118100.0
AIDREG_D,21,Côte-d'Or,cotedor,Ensemble,142100.0
AIDREG_D,22,Côtes d'Armor,cotesdarmor,Non,31600.0
AIDREG_D,22,Côtes d'Armor,cotesdarmor,Oui,164700.0
AIDREG_D,22,Côtes d'Armor,cotesdarmor,Ensemble,196200.0
AIDREG_D,23,Creuse,creuse,Non,7400.0
AIDREG_D,23,Creuse,creuse,Oui,36400.0
AIDREG_D,23,Creuse,creuse,Ensemble,43900.0
AIDREG_D,24,Dordogne,dordogne,Non,30200.0
AIDREG_D,24,Dordogne,dordogne,Oui,119700.0
AIDREG_D,24,Dordogne,dordogne,Ensemble,149900.0
AIDREG_D,25,Doubs,doubs,Non,25600.0
AIDREG_D,25,Doubs,doubs,Oui,110800.0
AIDREG_D,25,Doubs,doubs,Ensemble,136400.0
AIDREG_D,26,Drôme,drome,Non,29200.0
AIDREG_D,26,Drôme,drome,Oui,115600.0
AIDREG_D,26,Drôme,drome,Ensemble,144800.0
AIDREG_D,27,Eure,eure,Non,27500.0
AIDREG_D,27,Eure,eure,Oui,125700.0
AIDREG_D,27,Eure,eure,Ensemble,153200.0
AIDREG_D,28,Eure-et-Loire,eureetloire,Non,22000.0
AIDREG_D,28,Eure-et-Loire,eureetloire,Oui,93200.0
AIDREG_D,28,Eure-et-Loire,eureetloire,Ensemble,115200.0
AIDREG_D,29,Finistère,finistere,Non,54200.0
AIDREG_D,29,Finistère,finistere,Oui,224800.0
AIDREG_D,29,Finistère,finistere,Ensemble,278900.0
AIDREG_D,2A,Corse-du-Sud,corsedusud,Non,9900.0
AIDREG_D,2A,Corse-du-Sud,corsedusud,Oui,38900.0
AIDREG_D,2A,Corse-du-Sud,corsedusud,Ensemble,48800.0
AIDREG_D,2B,Haute-Corse,hautecorse,Non,12700.0
AIDREG_D,2B,Haute-Corse,hautecorse,Oui,41000.0
AIDREG_D,2B,Haute-Corse,hautecorse,Ensemble,53700.0
AIDREG_D,30,Gard,gard,Non,47700.0
AIDREG_D,30,Gard,gard,Oui,176300.0
AIDREG_D,30,Gard,gard,Ensemble,224000.0
AIDREG_D,31,Haute-Garonne,hautegaronne,Non,59400.0
AIDREG_D,31,Haute-Garonne,hautegaronne,Oui,244400.0
AIDREG_D,31,Haute-Garonne,hautegaronne,Ensemble,303700.0
AIDREG_D,32,Gers,gers,Non,11400.0
AIDREG_D,32,Gers,gers,Oui,54700.0
AIDREG_D,32,Gers,gers,Ensemble,66100.0
AIDREG_D,33,Gironde,gironde,Non,69600.0
AIDREG_D,33,Gironde,gironde,Oui,336100.0
AIDREG_D,33,Gironde,gironde,Ensemble,405600.0
AIDREG_D,34,Hérault,herault,Non,64900.0
AIDREG_D,34,Hérault,herault,Oui,259400.0
AIDREG_D,34,Hérault,herault,Ensemble,324300.0
AIDREG_D,35,Ille-et-Vilaine,illeetvilaine,Non,46800.0
AIDREG_D,35,Ille-et-Vilaine,illeetvilaine,Oui,203700.0
AIDREG_D,35,Ille-et-Vilaine,illeetvilaine,Ensemble,250500.0
AIDREG_D,36,Indre,indre,Non,12900.0
AIDREG_D,36,Indre,indre,Oui,62700.0
AIDREG_D,36,Indre,indre,Ensemble,75600.0
AIDREG_D,37,Indre-et-Loire,indreetloire,Non,28600.0
AIDREG_D,37,Indre-et-Loire,indreetloire,Oui,138700.0
AIDREG_D,37,Indre-et-Loire,indreetloire,Ensemble,167300.0
AIDREG_D,38,Isère,isere,Non,54200.0
AIDREG_D,38,Isère,isere,Oui,252300.0
AIDREG_D,38,Isère,isere,Ensemble,306600.0
AIDREG_D,39,Jura,jura,Non,16300.0
AIDREG_D,39,Jura,jura,Oui,61600.0
AIDREG_D,39,Jura,jura,Ensemble,77800.0
AIDREG_D,40,Landes,landes,Non,26100.0
AIDREG_D,40,Landes,landes,Oui,108000.0
AIDREG_D,40,Landes,landes,Ensemble,134100.0
AIDREG_D,41,Loir-et-Cher,loiretcher,Non,17200.0
AIDREG_D,41,Loir-et-Cher,loiretcher,Oui,84700.0
AIDREG_D,41,Loir-et-Cher,loiretcher,Ensemble,101900.0
AIDREG_D,42,Loire,loire,Non,37600.0
AIDREG_D,42,Loire,loire,Oui,172200.0
AIDREG_D,42,Loire,loire,Ensemble,209800.0
AIDREG_D,43,Haute-Loire,hauteloire,Non,12400.0
AIDREG_D,43,Haute-Loire,hauteloire,Oui,56900.0
AIDREG_D,43,Haute-Loire,hauteloire,Ensemble,69300.0
AIDREG_D,44,Loire-Atlantique,loireatlantique,Non,62000.0
AIDREG_D,44,Loire-Atlantique,loireatlantique,Oui,273900.0
AIDREG_D,44,Loire-Atlantique,loireatlantique,Ensemble,335900.0
AIDREG_D,45,Loiret,loiret,Non,35600.0
AIDREG_D,45,Loiret,loiret,Oui,139000.0
AIDREG_D,45,Loiret,loiret,Ensemble,174600.0
AIDREG_D,46,Lot,lot,Non,13600.0
AIDREG_D,46,Lot,lot,Oui,51500.0
AIDREG_D,46,Lot,lot,Ensemble,65200.0
AIDREG_D,47,Lot-et-Garonne,lotetgaronne,Non,22400.0
AIDREG_D,47,Lot-et-Garonne,lotetgaronne,Oui,85700.0
AIDREG_D,47,Lot-et-Garonne,lotetgaronne,Ensemble,108100.0
AIDREG_D,48,Lozère,lozere,Non,3600.0
AIDREG_D,48,Lozère,lozere,Oui,20000.0
AIDREG_D,48,Lozère,lozere,Ensemble,23600.0
AIDREG_D,49,Maine-et-Loire,maineetloire,Non,33900.0
AIDREG_D,49,Maine-et-Loire,maineetloire,Oui,177700.0
AIDREG_D,49,Maine-et-Loire,maineetloire,Ensemble,211600.0
AIDREG_D,50,Manche,manche,Non,26600.0
AIDREG_D,50,Manche,manche,Oui,130100.0
AIDREG_D,50,Manche,manche,Ensemble,156700.0
AIDREG_D,51,Marne,marne,Non,23200.0
AIDREG_D,51,Marne,marne,Oui,118900.0
AIDREG_D,51,Marne,marne,Ensemble,142100.0
AIDREG_D,52,Haute-Marne,hautemarne,Non,10100.0
AIDREG_D,52,Haute-Marne,hautemarne,Oui,43700.0
AIDREG_D,52,Haute-Marne,hautemarne,Ensemble,53800.0
AIDREG_D,53,Mayenne,mayenne,Non,15200.0
AIDREG_D,53,Mayenne,mayenne,Oui,69700.0
AIDREG_D,53,Mayenne,mayenne,Ensemble,84800.0
AIDREG_D,54,Meurthe-et-Moselle,meurtheetmoselle,Non,32900.0
AIDREG_D,54,Meurthe-et-Moselle,meurtheetmoselle,Oui,150700.0
AIDREG_D,54,Meurthe-et-Moselle,meurtheetmoselle,Ensemble,183600.0
AIDREG_D,55,Meuse,meuse,Non,9900.0
AIDREG_D,55,Meuse,meuse,Oui,44000.0
AIDREG_D,55,Meuse,meuse,Ensemble,53800.0
AIDREG_D,56,Morbihan,morbihan,Non,40300.0
AIDREG_D,56,Morbihan,morbihan,Oui,201400.0
AIDREG_D,56,Morbihan,morbihan,Ensemble,241700.0
AIDREG_D,57,Moselle,moselle,Non,55600.0
AIDREG_D,57,Moselle,moselle,Oui,219600.0
AIDREG_D,57,Moselle,moselle,Ensemble,275100.0
AIDREG_D,58,Nièvre,nievre,Non,13000.0
AIDREG_D,58,Nièvre,nievre,Oui,59700.0
AIDREG_D,58,Nièvre,nievre,Ensemble,72700.0
AIDREG_D,59,Nord,nord,Non,122100.0
AIDREG_D,59,Nord,nord,Oui,465800.0
AIDREG_D,59,Nord,nord,Ensemble,587800.0
AIDREG_D,60,Oise,oise,Non,33900.0
AIDREG_D,60,Oise,oise,Oui,155700.0
AIDREG_D,60,Oise,oise,Ensemble,189600.0
AIDREG_D,61,Orne,orne,Non,14000.0
AIDREG_D,61,Orne,orne,Oui,75800.0
AIDREG_D,61,Orne,orne,Ensemble,89800.0
AIDREG_D,62,Pas-de-Calais,pasdecalais,Non,68100.0
AIDREG_D,62,Pas-de-Calais,pasdecalais,Oui,300400.0
AIDREG_D,62,Pas-de-Calais,pasdecalais,Ensemble,368500.0
AIDREG_D,63,Puy-de-Dôme,puydedome,Non,35300.0
AIDREG_D,63,Puy-de-Dôme,puydedome,Oui,146800.0
AIDREG_D,63,Puy-de-Dôme,puydedome,Ensemble,182100.0
AIDREG_D,64,Pyrénées-Atlantiques,pyreneesatlantiques,Non,41200.0
AIDREG_D,64,Pyrénées-Atlantiques,pyreneesatlantiques,Oui,166800.0
AIDREG_D,64,Pyrénées-Atlantiques,pyreneesatlantiques,Ensemble,208000.0
AIDREG_D,65,Hautes-Pyrénées,hautespyrenees,Non,14100.0
AIDREG_D,65,Hautes-Pyrénées,hautespyrenees,Oui,62600.0
AIDREG_D,65,Hautes-Pyrénées,hautespyrenees,Ensemble,76700.0
AIDREG_D,66,Pyrénées-Orientales,pyreneesorientales,Non,30300.0
AIDREG_D,66,Pyrénées-Orientales,pyreneesorientales,Oui,126400.0
AIDREG_D,66,Pyrénées-Orientales,pyreneesorientales,Ensemble,156700.0
AIDREG_D,67,Bas-Rhin,basrhin,Non,55100.0
AIDREG_D,67,Bas-Rhin,basrhin,Oui,226700.0
AIDREG_D,67,Bas-Rhin,basrhin,Ensemble,281800.0
AIDREG_D,68,Haut-Rhin,hautrhin,Non,42600.0
AIDREG_D,68,Haut-Rhin,hautrhin,Oui,157900.0
AIDREG_D,68,Haut-Rhin,hautrhin,Ensemble,200500.0
AIDREG_D,69,Rhône,rhone,Non,78800.0
AIDREG_D,69,Rhône,rhone,Oui,322100.0
AIDREG_D,69,Rhône,rhone,Ensemble,400900.0
AIDREG_D,70,Haute-Saône,hautesaone,Non,12300.0
AIDREG_D,70,Haute-Saône,hautesaone,Oui,58100.0
AIDREG_D,70,Haute-Saône,hautesaone,Ensemble,70500.0
AIDREG_D,71,Saône-et-Loire,saoneetloire,Non,30500.0
AIDREG_D,71,Saône-et-Loire,saoneetloire,Oui,146500.0
AIDREG_D,71,Saône-et-Loire,saoneetloire,Ensemble,177000.0
AIDREG_D,72,Sarthe,sarthe,Non,28100.0
AIDREG_D,72,Sarthe,sarthe,Oui,131000.0
AIDREG_D,72,Sarthe,sarthe,Ensemble,159100.0
AIDREG_D,73,Savoie,savoie,Non,22000.0
AIDREG_D,73,Savoie,savoie,Oui,95500.0
AIDREG_D,73,Savoie,savoie,Ensemble,117400.0
AIDREG_D,74,Haute-Savoie,hautesavoie,Non,30600.0
AIDREG_D,74,Haute-Savoie,hautesavoie,Oui,153400.0
AIDREG_D,74,Haute-Savoie,hautesavoie,Ensemble,184100.0
AIDREG_D,75,Paris,paris,Non,95200.0
AIDREG_D,75,Paris,paris,Oui,377400.0
AIDREG_D,75,Paris,paris,Ensemble,472500.0
AIDREG_D,76,Seine-Maritime,seinemaritime,Non,62800.0
AIDREG_D,76,Seine-Maritime,seinemaritime,Oui,261800.0
AIDREG_D,76,Seine-Maritime,seinemaritime,Ensemble,324600.0
AIDREG_D,77,Seine-et-Marne,seineetmarne,Non,46800.0
AIDREG_D,77,Seine-et-Marne,seineetmarne,Oui,239000.0
AIDREG_D,77,Seine-et-Marne,seineetmarne,Ensemble,285800.0
AIDREG_D,78,Yvelines,yvelines,Non,50400.0
AIDREG_D,78,Yvelines,yvelines,Oui,263500.0
AIDREG_D,78,Yvelines,yvelines,Ensemble,313800.0
AIDREG_D,79,Deux-Sèvres,deuxsevres,Non,22300.0
AIDREG_D,79,Deux-Sèvres,deuxsevres,Oui,88300.0
AIDREG_D,79,Deux-Sèvres,deuxsevres,Ensemble,110600.0
AIDREG_D,80,Somme,somme,Non,35400.0
AIDREG_D,80,Somme,somme,Oui,111600.0
AIDREG_D,80,Somme,somme,Ensemble,147100.0
AIDREG_D,81,Tarn,tarn,Non,26400.0
AIDREG_D,81,Tarn,tarn,Oui,95000.0
AIDREG_D,81,Tarn,tarn,Ensemble,121400.0
AIDREG_D,82,Tarn-et-Garonne,tarnetgaronne,Non,16300.0
AIDREG_D,82,Tarn-et-Garonne,tarnetgaronne,Oui,57100.0
AIDREG_D,82,Tarn-et-Garonne,tarnetgaronne,Ensemble,73400.0
AIDREG_D,83,Var,var,Non,70100.0
AIDREG_D,83,Var,var,Oui,281500.0
AIDREG_D,83,Var,var,Ensemble,351600.0
AIDREG_D,84,Vaucluse,vaucluse,Non,28000.0
AIDREG_D,84,Vaucluse,vaucluse,Oui,131900.0
AIDREG_D,84,Vaucluse,vaucluse,Ensemble,159900.0
AIDREG_D,85,Vendée,vendee,Non,33100.0
AIDREG_D,85,Vendée,vendee,Oui,179900.0
AIDREG_D,85,Vendée,vendee,Ensemble,213000.0
AIDREG_D,86,Vienne,vienne,Non,24600.0
AIDREG_D,86,Vienne,vienne,Oui,97300.0
AIDREG_D,86,Vienne,vienne,Ensemble,122000.0
AIDREG_D,87,Haute-Vienne,hautevienne,Non,25700.0
AIDREG_D,87,Haute-Vienne,hautevienne,Oui,89800.0
AIDREG_D,87,Haute-Vienne,hautevienne,Ensemble,115500.0
AIDREG_D,88,Vosges,vosges,Non,19000.0
AIDREG_D,88,Vosges,vosges,Oui,92600.0
AIDREG_D,88,Vosges,vosges,Ensemble,111600.0
AIDREG_D,89,Yonne,yonne,Non,16300.0
AIDREG_D,89,Yonne,yonne,Oui,85700.0
AIDREG_D,89,Yonne,yonne,Ensemble,102000.0
AIDREG_D,90,Territoire de Belfort,territoiredebelfort,Non,8300.0
AIDREG_D,90,Territoire de Belfort,territoiredebelfort,Oui,28300.0
AIDREG_D,90,Territoire de Belfort,territoiredebelfort,Ensemble,36600.0
AIDREG_D,91,Essonne,essonne,Non,53700.0
AIDREG_D,91,Essonne,essonne,Oui,206800.0
AIDREG_D,91,Essonne,essonne,Ensemble,260500.0
AIDREG_D,92,Hauts-de-Seine,hautsdeseine,Non,62000.0
AIDREG_D,92,Hauts-de-Seine,hautsdeseine,Oui,258200.0
AIDREG_D,92,Hauts-de-Seine,hautsdeseine,Ensemble,320200.0
AIDREG_D,93,Seine-Saint-Denis,seinesaintdenis,Non,56800.0
AIDREG_D,93,Seine-Saint-Denis,seinesaintdenis,Oui,210500.0
AIDREG_D,93,Seine-Saint-Denis,seinesaintdenis,Ensemble,267200.0
AIDREG_D,94,Val-de-Marne,valdemarne,Non,50400.0
AIDREG_D,94,Val-de-Marne,valdemarne,Oui,227300.0
AIDREG_D,94,Val-de-Marne,valdemarne,Ensemble,277700.0
AIDREG_D,95,Val-d'Oise,valdoise,Non,44300.0
AIDREG_D,95,Val-d'Oise,valdoise,Oui,189500.0
AIDREG_D,95,Val-d'Oise,valdoise,Ensemble,233800.0
AIDREG_D,971,Guadeloupe,guadeloupe,Non,24000.0
AIDREG_D,971,Guadeloupe,guadeloupe,Oui,82200.0
AIDREG_D,971,Guadeloupe,guadeloupe,Ensemble,106200.0
AIDREG_D,972,Martinique,martinique,Non,29100.0
AIDREG_D,972,Martinique,martinique,Oui,80200.0
AIDREG_D,972,Martinique,martinique,Ensemble,109300.0
AIDREG_D,973,Guyane,guyane,Non,4900.0
AIDREG_D,973,Guyane,guyane,Oui,23600.0
AIDREG_D,973,Guyane,guyane,Ensemble,28500.0
AIDREG_D,974,La Réunion,lareunion,Non,32200.0
AIDREG_D,974,La Réunion,lareunion,Oui,130400.0
AIDREG_D,974,La Réunion,lareunion,Ensemble,162600.0
AIDREG_D,976,Mayotte,mayotte,Non,2200.0
AIDREG_D,976,Mayotte,mayotte,Oui,11000.0
AIDREG_D,976,Mayotte,mayotte,Ensemble,13100.0
"AIDREG_D,None,""Lecture > Dans l'Ain, 247 200 personnes de 25 à 59 ans déclarent n'apporter aucune aide à un proche en raison d'un handicap ou de l'avancée en âge de ce proche. "
Champ > Personnes de 5 ans ou plus vivant en logement ordinaire en France.
"Sources > Enquête Vie Quotidienne et Santé 2021, DREES."",lecturedanslain247200personnesde25a59ansdeclarentnapporteraucuneaideaunprocheenraisondunhandicapoudelavanceeenagedeceprochechamppersonnesde5ansouplusvivantenlogementordinaireenfrancesourcesenqueteviequotidienneetsante2021drees,,"
