code_departement,departement,Taux de pauvrete pour plus de 75 ans,Niveau de vie médian des ménages (en euros),Code département,Département,Population,Part des femmes (en %),Part des 60 ans ou plus (en %),dont part des 75 ans ou plus (en %),Femmes_60_74_ans,Femmes_75_ans_et_plus,Hommes_60_74_ans,Hommes_75_ans_et_plus,revenu_median_60_74,hopital_court_sejour,services_urgence,dispensaire,soins_domicile_personnes_agees,aide_menagere_personnes_agees,foyer_restaurant_personnes_agees,repas_domicile_personnes_agees,revenu_median_75_plus,access_med_generalistes,60_74_appart_ascenseur,60_74_appart_sans_ascenseur,60_74_menage_2ans,60_74_autre_logement,60_74_menage_30ans_plus,60_74_en_maison,60_74_isoles,60_74_menage_peu_diplome,60_74_menage_immigre,60_74_proprietaires,femmes_60_74_isolees,60_74_sans_voiture,femmes_75_plus_isolees,75_plus_appart_ascenseur,75_plus_autre_logement,75_plus_menage_30ans_plus,75_plus_en_maison,75_plus_menage_peu_diplome,75_plus_menage_immigre,75_plus_proprietaires,75_plus_sans_voiture,APA_60_plus,APA_75_plus,Taux_EHPAD_75_plus,Taux_non_EHPAD_75_plus,Taux_Centre_jour_75_plus,Taux_SSIAD_75_plus,EHPAD_nb_etab,EHPAD_nb_lits,ResAut_nb_etab,ResAut_nb_lits,USLD_nb,USLD_nb_lits,CentreJour_nb_etab,CentreJour_nb_lits,Autres_nb_etab,Autres_nb_lits,SSIAD_nb_service,SSIAD_nb_lits,esp,AIDEH_Ensemble,AIDEH_Non,AIDEH_Oui,AIDENT_Ensemble,AIDENT_Non,AIDENT_Oui,AIDEO_Ensemble,AIDEO_Non,AIDEO_Oui,AIDPRO_Ensemble,AIDPRO_Non,AIDPRO_Oui,AIDREG_A_Ensemble,AIDREG_A_Non,AIDREG_A_Oui,AIDREG_B_Ensemble,AIDREG_B_Non,AIDREG_B_Oui,AIDREG_C_Ensemble,AIDREG_C_Non,AIDREG_C_Oui,AIDREG_D_Ensemble,AIDREG_D_Non,AIDREG_D_Oui,AIDTECH_Ensemble,AIDTECH_Non,AIDTECH_Oui,AMENALOG_Ensemble,AMENALOG_Non,AMENALOG_Oui,APPRENT_Ensemble,AUDITIF_1 - Beaucoup de difficultés ou ne peut pas du tout,AUDITIF_2 - Quelques difficultés,AUDITIF_3 - Aucune,AUDITIF_Ensemble,BRAS_1 - Beaucoup de difficultés ou ne peut pas du tout,BRAS_2 - Quelques difficultés,BRAS_3 - Aucune,BRAS_Ensemble,COMPRENDRE_1 - Beaucoup de difficultés ou ne peut pas du tout,COMPRENDRE_2 - Quelques difficultés,COMPRENDRE_3 - Aucune,COMPRENDRE_Ensemble,CONCENTRA_1 - Beaucoup de difficultés ou ne peut pas du tout,CONCENTRA_2 - Quelques difficultés,CONCENTRA_3 - Aucune,CONCENTRA_Ensemble,DECISION_1 - Beaucoup de difficultés ou ne peut pas du tout,DECISION_2 - Quelques difficultés,DECISION_3 - Aucune,DECISION_Ensemble,ETAT_SANT_1 - Très bon,ETAT_SANT_2 - Bon,ETAT_SANT_3 - Assez bon,ETAT_SANT_4 - Mauvais ou très mauvais,ETAT_SANT_Ensemble,HANDICAP_Ensemble,HANDICAP_Non,HANDICAP_Oui,HPSY_Ensemble,HPSY_Non,HPSY_Oui,LFCOGNITIVES_Ensemble,LFCOGNITIVES_Non,LFCOGNITIVES_Oui,LFPHYSIQUES_Ensemble,LFPHYSIQUES_Non,LFPHYSIQUES_Oui,LFSENSORIELLES_Ensemble,LFSENSORIELLES_Non,LFSENSORIELLES_Oui,LIMFONCGALI_Ensemble,LIMFONCGALI_Non,LIMFONCGALI_Oui,LIMFONC_Ensemble,LIMFONC_Non,LIMFONC_Oui,LIMITAT_Ensemble,MAIN_1 - Beaucoup de difficultés ou ne peut pas du tout,MAIN_2 - Quelques difficultés,MAIN_3 - Aucune,MAIN_Ensemble,MAL_CHRO_Ensemble,MAL_CHRO_Non,MAL_CHRO_Oui,MARCHE_1 - Beaucoup de difficultés ou ne peut pas du tout,MARCHE_2 - Quelques difficultés,MARCHE_3 - Aucune,MARCHE_Ensemble,PSY_Ensemble,RECONNAI_Ensemble,RECONNAI_Non,RECONNAI_Oui,SORTIES_1 - Beaucoup de difficultés ou ne peut pas du tout,SORTIES_2 - Quelques difficultés,SORTIES_3 - Aucune,SORTIES_Ensemble,VUE_1 - Beaucoup de difficultés ou ne peut pas du tout,VUE_2 - Quelques difficultés,VUE_3 - Aucune,VUE_Ensemble,Femmes - Accident vasculaire cérébral aigu,Femmes - Artériopathie oblitérante du membre inférieur,Femmes - Autres affections cardiovasculaires,Femmes - Autres affections de longue durée (dont 31 et 32),Femmes - Autres affections neurologiques,Femmes - Autres cancers actifs,Femmes - Autres cancers sous surveillance,Femmes - Autres maladies inflammatoires chroniques,Femmes - Autres troubles psychiatriques,Femmes - Cancer colorectal actif,Femmes - Cancer colorectal sous surveillance,Femmes - Cancer du poumon actif,Femmes - Cancer du poumon sous surveillance,Femmes - Cancer du sein de la femme actif,Femmes - Cancer du sein de la femme sous surveillance,Femmes - Diabète,Femmes - Dialyse chronique,Femmes - Déficience mentale,Femmes - Démences (dont maladie d'Alzheimer),Femmes - Embolie pulmonaire aiguë,Femmes - Hémophilie ou troubles de l'hémostase graves,Femmes - Insuffisance cardiaque aiguë,Femmes - Insuffisance cardiaque chronique,Femmes - Maladie coronaire chronique,Femmes - Maladie de Parkinson,Femmes - Maladie valvulaire,Femmes - Maladies du foie ou du pancréas (hors mucoviscidose),Femmes - Maladies inflammatoires chroniques intestinales,Femmes - Maladies métaboliques héréditaires ou amylose,Femmes - Maladies respiratoires chroniques (hors mucoviscidose),Femmes - Maternité (avec ou sans pathologies),Femmes - Mucoviscidose,Femmes - Myopathie ou myasthénie,Femmes - Paraplégie,Femmes - Polyarthrite rhumatoïde et maladies apparentées,Femmes - Sclérose en plaques,Femmes - Spondylarthrite ankylosante et maladies apparentées,Femmes - Suivi de transplantation rénale,Femmes - Syndrome coronaire aigu,Femmes - Séjours hospitaliers pour Covid-19,Femmes - Séquelle d'accident vasculaire cérébral,Femmes - Total,Femmes - Traitements antidépresseurs ou régulateurs de l'humeur (avec ou sans pathologies),Femmes - Traitements antidépresseurs ou régulateurs de l'humeur (hors pathologies),Femmes - Traitements antihypertenseurs (avec ou sans pathologies),Femmes - Traitements antihypertenseurs (hors pathologies),Femmes - Traitements anxiolytiques (avec ou sans pathologies),Femmes - Traitements anxiolytiques (hors pathologies),Femmes - Traitements hypnotiques (avec ou sans pathologies),Femmes - Traitements hypnotiques (hors pathologies),Femmes - Traitements hypolipémiants (avec ou sans pathologies),Femmes - Traitements hypolipémiants (hors pathologies),Femmes - Traitements neuroleptiques (avec ou sans pathologies),Femmes - Traitements neuroleptiques (hors pathologies),Femmes - Transplantation rénale,Femmes - Troubles addictifs,Femmes - Troubles du rythme ou de la conduction cardiaque,Femmes - Troubles névrotiques et de l’humeur,Femmes - Troubles psychiatriques ayant débuté dans l'enfance,Femmes - Troubles psychotiques,Femmes - VIH ou SIDA,Femmes - Épilepsie,Hommes - Accident vasculaire cérébral aigu,Hommes - Artériopathie oblitérante du membre inférieur,Hommes - Autres affections cardiovasculaires,Hommes - Autres affections de longue durée (dont 31 et 32),Hommes - Autres affections neurologiques,Hommes - Autres cancers actifs,Hommes - Autres cancers sous surveillance,Hommes - Autres maladies inflammatoires chroniques,Hommes - Autres troubles psychiatriques,Hommes - Cancer colorectal actif,Hommes - Cancer colorectal sous surveillance,Hommes - Cancer de la prostate actif,Hommes - Cancer de la prostate sous surveillance,Hommes - Cancer du poumon actif,Hommes - Cancer du poumon sous surveillance,Hommes - Diabète,Hommes - Dialyse chronique,Hommes - Déficience mentale,Hommes - Démences (dont maladie d'Alzheimer),Hommes - Embolie pulmonaire aiguë,Hommes - Hémophilie ou troubles de l'hémostase graves,Hommes - Insuffisance cardiaque aiguë,Hommes - Insuffisance cardiaque chronique,Hommes - Maladie coronaire chronique,Hommes - Maladie de Parkinson,Hommes - Maladie valvulaire,Hommes - Maladies du foie ou du pancréas (hors mucoviscidose),Hommes - Maladies inflammatoires chroniques intestinales,Hommes - Maladies métaboliques héréditaires ou amylose,Hommes - Maladies respiratoires chroniques (hors mucoviscidose),Hommes - Mucoviscidose,Hommes - Myopathie ou myasthénie,Hommes - Paraplégie,Hommes - Polyarthrite rhumatoïde et maladies apparentées,Hommes - Sclérose en plaques,Hommes - Spondylarthrite ankylosante et maladies apparentées,Hommes - Suivi de transplantation rénale,Hommes - Syndrome coronaire aigu,Hommes - Séjours hospitaliers pour Covid-19,Hommes - Séquelle d'accident vasculaire cérébral,Hommes - Total,Hommes - Traitements antidépresseurs ou régulateurs de l'humeur (avec ou sans pathologies),Hommes - Traitements antidépresseurs ou régulateurs de l'humeur (hors pathologies),Hommes - Traitements antihypertenseurs (avec ou sans pathologies),Hommes - Traitements antihypertenseurs (hors pathologies),Hommes - Traitements anxiolytiques (avec ou sans pathologies),Hommes - Traitements anxiolytiques (hors pathologies),Hommes - Traitements hypnotiques (avec ou sans pathologies),Hommes - Traitements hypnotiques (hors pathologies),Hommes - Traitements hypolipémiants (avec ou sans pathologies),Hommes - Traitements hypolipémiants (hors pathologies),Hommes - Traitements neuroleptiques (avec ou sans pathologies),Hommes - Traitements neuroleptiques (hors pathologies),Hommes - Transplantation rénale,Hommes - Troubles addictifs,Hommes - Troubles du rythme ou de la conduction cardiaque,Hommes - Troubles névrotiques et de l’humeur,Hommes - Troubles psychiatriques ayant débuté dans l'enfance,Hommes - Troubles psychotiques,Hommes - VIH ou SIDA,Hommes - Épilepsie,≥ 65 ans - Accident vasculaire cérébral aigu,≥ 65 ans - Artériopathie oblitérante du membre inférieur,≥ 65 ans - Autres affections cardiovasculaires,≥ 65 ans - Autres affections de longue durée (dont 31 et 32),≥ 65 ans - Autres affections neurologiques,≥ 65 ans - Autres cancers actifs,≥ 65 ans - Autres cancers sous surveillance,≥ 65 ans - Autres maladies inflammatoires chroniques,≥ 65 ans - Autres troubles psychiatriques,≥ 65 ans - Cancer colorectal actif,≥ 65 ans - Cancer colorectal sous surveillance,≥ 65 ans - Cancer de la prostate actif,≥ 65 ans - Cancer de la prostate sous surveillance,≥ 65 ans - Cancer du poumon actif,≥ 65 ans - Cancer du poumon sous surveillance,≥ 65 ans - Cancer du sein de la femme actif,≥ 65 ans - Cancer du sein de la femme sous surveillance,≥ 65 ans - Diabète,≥ 65 ans - Dialyse chronique,≥ 65 ans - Déficience mentale,≥ 65 ans - Démences (dont maladie d'Alzheimer),≥ 65 ans - Embolie pulmonaire aiguë,≥ 65 ans - Hémophilie ou troubles de l'hémostase graves,≥ 65 ans - Insuffisance cardiaque aiguë,≥ 65 ans - Insuffisance cardiaque chronique,≥ 65 ans - Maladie coronaire chronique,≥ 65 ans - Maladie de Parkinson,≥ 65 ans - Maladie valvulaire,≥ 65 ans - Maladies du foie ou du pancréas (hors mucoviscidose),≥ 65 ans - Maladies inflammatoires chroniques intestinales,≥ 65 ans - Maladies métaboliques héréditaires ou amylose,≥ 65 ans - Maladies respiratoires chroniques (hors mucoviscidose),≥ 65 ans - Mucoviscidose,≥ 65 ans - Myopathie ou myasthénie,≥ 65 ans - Paraplégie,≥ 65 ans - Polyarthrite rhumatoïde et maladies apparentées,≥ 65 ans - Sclérose en plaques,≥ 65 ans - Spondylarthrite ankylosante et maladies apparentées,≥ 65 ans - Suivi de transplantation rénale,≥ 65 ans - Syndrome coronaire aigu,≥ 65 ans - Séjours hospitaliers pour Covid-19,≥ 65 ans - Séquelle d'accident vasculaire cérébral,≥ 65 ans - Total,≥ 65 ans - Traitements antidépresseurs ou régulateurs de l'humeur (avec ou sans pathologies),≥ 65 ans - Traitements antidépresseurs ou régulateurs de l'humeur (hors pathologies),≥ 65 ans - Traitements antihypertenseurs (avec ou sans pathologies),≥ 65 ans - Traitements antihypertenseurs (hors pathologies),≥ 65 ans - Traitements anxiolytiques (avec ou sans pathologies),≥ 65 ans - Traitements anxiolytiques (hors pathologies),≥ 65 ans - Traitements hypnotiques (avec ou sans pathologies),≥ 65 ans - Traitements hypnotiques (hors pathologies),≥ 65 ans - Traitements hypolipémiants (avec ou sans pathologies),≥ 65 ans - Traitements hypolipémiants (hors pathologies),≥ 65 ans - Traitements neuroleptiques (avec ou sans pathologies),≥ 65 ans - Traitements neuroleptiques (hors pathologies),≥ 65 ans - Transplantation rénale,≥ 65 ans - Troubles addictifs,≥ 65 ans - Troubles du rythme ou de la conduction cardiaque,≥ 65 ans - Troubles névrotiques et de l’humeur,≥ 65 ans - Troubles psychiatriques ayant débuté dans l'enfance,≥ 65 ans - Troubles psychotiques,≥ 65 ans - VIH ou SIDA,≥ 65 ans - Épilepsie
01,Ain,15.0,24810,01,Ain,688626,50.7,25.5,9.3,57839.0,36743.0,53872.0,26977.0,1882710.0,13.0,5.0,11.0,23.0,37.0,0.0,5.0,1249850.0,1105.905887917,7979.0,12217.0,6406.0,419.0,37925.0,73307.0,20744.0,34629.0,12187.0,74438.0,12959.0,5166.0,14253.0,5696.0,586.0,24485.0,32297.0,28423.0,3995.0,34541.0,11129.0,6.1,17.1,,,,,,,,,,,,,,,,,79.0,154000.0,129900.0,24100.0,154000.0,133900.0,20100.0,154000.0,128500.0,25500.0,154000.0,139900.0,14000.0,154000.0,132900.0,21100.0,154000.0,136800.0,17200.0,154000.0,148200.0,5800.0,154000.0,33200.0,120800.0,154000.0,130000.0,23900.0,154000.0,144800.0,9200.0,39100.0,7600.0,44700.0,101800.0,154000.0,8400.0,25200.0,120500.0,154000.0,4700.0,16600.0,132700.0,154000.0,7200.0,16200.0,130600.0,154000.0,8900.0,12600.0,132500.0,154000.0,22400.0,64800.0,46400.0,20400.0,154000.0,154000.0,125600.0,28400.0,154000.0,146800.0,7200.0,154000.0,141900.0,12100.0,154000.0,129900.0,24100.0,154000.0,143100.0,10900.0,154000.0,118700.0,35300.0,154000.0,120000.0,34000.0,154000.0,4000.0,20900.0,129100.0,154000.0,154000.0,74500.0,79400.0,20900.0,25300.0,107800.0,154000.0,154000.0,154000.0,141600.0,12400.0,7200.0,12400.0,134400.0,154000.0,5600.0,35600.0,112800.0,154000.0,350.0,1520.0,1140.0,6700.0,570.0,2770.0,3540.0,1050.0,1270.0,400.0,770.0,260.0,140.0,1460.0,3120.0,12230.0,120.0,510.0,2820.0,200.0,200.0,640.0,2040.0,4870.0,900.0,1250.0,1360.0,760.0,280.0,10190.0,4160.0,30.0,130.0,180.0,1430.0,570.0,600.0,70.0,180.0,450.0,2580.0,171280.0,1070.0,14120.0,13440.0,28590.0,3330.0,20010.0,4980.0,18000.0,24660.0,43670.0,3410.0,13390.0,,1720.0,5670.0,6440.0,370.0,1130.0,150.0,1560.0,370.0,3200.0,1640.0,5050.0,560.0,3500.0,3200.0,420.0,890.0,550.0,690.0,2000.0,2250.0,440.0,200.0,15420.0,220.0,610.0,1370.0,160.0,220.0,680.0,2300.0,10680.0,960.0,1590.0,1790.0,660.0,360.0,9410.0,20.0,180.0,250.0,580.0,180.0,710.0,130.0,450.0,410.0,2700.0,155430.0,930.0,6300.0,9740.0,19060.0,3170.0,9620.0,2850.0,10010.0,27840.0,39630.0,1970.0,7080.0,10.0,2780.0,7380.0,3380.0,790.0,1470.0,360.0,1840.0,600.0,3670.0,1910.0,6920.0,520.0,4530.0,4950.0,990.0,790.0,740.0,1250.0,1760.0,2060.0,480.0,250.0,880.0,2270.0,19070.0,260.0,260.0,4090.0,260.0,180.0,1190.0,3790.0,12040.0,1680.0,2410.0,1690.0,470.0,310.0,8930.0,,120.0,170.0,1340.0,220.0,490.0,70.0,430.0,710.0,4010.0,97230.0,1080.0,10670.0,16340.0,31290.0,2410.0,14690.0,4860.0,15750.0,38240.0,58950.0,3750.0,12580.0,,1110.0,11190.0,4170.0,10.0,750.0,110.0,1440.0
02,Aisne,30.4,20920,02,Aisne,518817,51.1,29.4,10.6,51246.0,32945.0,46312.0,21914.0,629890.0,12.0,7.0,13.0,30.0,76.0,5.0,14.0,530480.0,2500.651504151,3178.0,8571.0,5021.0,300.0,41661.0,75811.0,20529.0,41550.0,4496.0,68282.0,13108.0,9454.0,16038.0,2413.0,172.0,27527.0,37857.0,31593.0,1984.0,35764.0,15035.0,8.5,24.3,,,,,,,,,,,,,,,,,81.0,142400.0,110800.0,31500.0,142400.0,114700.0,27600.0,142400.0,115700.0,26600.0,142400.0,127900.0,14400.0,142400.0,124100.0,18300.0,142400.0,125900.0,16500.0,142400.0,139500.0,2800.0,142400.0,27500.0,114800.0,142400.0,120500.0,21900.0,142400.0,131000.0,11300.0,29300.0,9300.0,32900.0,100100.0,142400.0,9200.0,24700.0,108500.0,142400.0,3600.0,13200.0,125500.0,142400.0,4400.0,17200.0,120800.0,142400.0,5200.0,16600.0,120600.0,142400.0,14700.0,58000.0,53000.0,16700.0,142400.0,142400.0,112300.0,30000.0,142400.0,138200.0,4200.0,142400.0,135100.0,7200.0,142400.0,115100.0,27300.0,142400.0,126400.0,15900.0,142400.0,102900.0,39400.0,142400.0,105900.0,36400.0,142400.0,6600.0,16200.0,119600.0,142400.0,142400.0,69700.0,72700.0,21900.0,32900.0,87600.0,142400.0,142400.0,142400.0,126800.0,15600.0,6000.0,14300.0,122000.0,142400.0,10200.0,38500.0,93600.0,142400.0,1010.0,4740.0,3030.0,17730.0,1780.0,10620.0,11350.0,3210.0,3450.0,1340.0,2050.0,1080.0,560.0,4820.0,8570.0,31670.0,350.0,950.0,10610.0,400.0,690.0,1460.0,5640.0,12290.0,2440.0,3610.0,4680.0,3070.0,740.0,34740.0,16940.0,90.0,560.0,680.0,4700.0,1460.0,3380.0,260.0,550.0,980.0,7040.0,612980.0,4210.0,43570.0,34210.0,70870.0,12140.0,59450.0,22730.0,47700.0,60730.0,107790.0,16000.0,35250.0,10.0,4980.0,16140.0,17500.0,1110.0,4740.0,1410.0,4280.0,1100.0,8310.0,3980.0,11520.0,1680.0,11570.0,9690.0,1040.0,2290.0,1470.0,1910.0,4880.0,5890.0,1190.0,630.0,39580.0,630.0,1130.0,4660.0,350.0,520.0,1460.0,5690.0,29580.0,2580.0,4050.0,5920.0,2860.0,870.0,31030.0,80.0,540.0,810.0,1560.0,500.0,2390.0,420.0,1310.0,880.0,7090.0,544200.0,3160.0,18710.0,24130.0,47940.0,10440.0,26930.0,13390.0,24940.0,69630.0,98460.0,9280.0,17540.0,30.0,6480.0,19050.0,8580.0,2580.0,5790.0,3630.0,4180.0,1690.0,10760.0,4780.0,17410.0,1520.0,15770.0,14820.0,2390.0,1730.0,2050.0,3190.0,4210.0,5440.0,1640.0,940.0,2640.0,5970.0,47900.0,750.0,260.0,14910.0,550.0,440.0,2720.0,9980.0,32890.0,4480.0,6370.0,5090.0,1700.0,750.0,30580.0,10.0,470.0,540.0,3780.0,450.0,1810.0,300.0,1270.0,1560.0,10940.0,290100.0,3930.0,30460.0,42310.0,81850.0,7650.0,40450.0,20530.0,38310.0,97940.0,151990.0,16250.0,30780.0,10.0,3040.0,30330.0,10590.0,40.0,2410.0,970.0,3420.0
03,Allier,24.8,21500,03,Allier,332599,51.7,36.6,14.9,37972.0,29824.0,33987.0,19888.0,573950.0,8.0,4.0,8.0,8.0,49.0,0.0,0.0,519820.0,909.288918816,3898.0,6609.0,5003.0,186.0,27493.0,56700.0,17388.0,26440.0,3770.0,53735.0,10912.0,5217.0,14377.0,4364.0,282.0,22302.0,32092.0,26682.0,1747.0,32228.0,11464.0,9.5,23.5,,,,,,,,,,,,,,,,,83.0,113400.0,91800.0,21600.0,113400.0,95800.0,17500.0,113400.0,90400.0,22900.0,113400.0,101400.0,12000.0,113400.0,99100.0,14200.0,113400.0,100500.0,12900.0,113400.0,110800.0,2600.0,113400.0,21000.0,92400.0,113400.0,95200.0,18200.0,113400.0,103300.0,10000.0,13000.0,6500.0,26100.0,80700.0,113400.0,7900.0,17200.0,88300.0,113400.0,2900.0,12900.0,97600.0,113400.0,2300.0,16900.0,94100.0,113400.0,4000.0,12800.0,96600.0,113400.0,17000.0,44500.0,36300.0,15500.0,113400.0,113400.0,89600.0,23800.0,113400.0,106200.0,7200.0,113400.0,107600.0,5800.0,113400.0,92100.0,21300.0,113400.0,101600.0,11700.0,113400.0,82700.0,30700.0,113400.0,85200.0,28100.0,113400.0,3800.0,17800.0,91800.0,113400.0,113400.0,57400.0,56000.0,17400.0,23400.0,72600.0,113400.0,113400.0,113400.0,98900.0,14400.0,5600.0,9400.0,98400.0,113400.0,6000.0,31700.0,75700.0,113400.0,160.0,700.0,440.0,2370.0,250.0,1080.0,1240.0,440.0,620.0,190.0,220.0,180.0,60.0,670.0,1090.0,4670.0,50.0,130.0,1420.0,80.0,60.0,220.0,900.0,1850.0,340.0,630.0,590.0,360.0,130.0,5360.0,1940.0,10.0,60.0,110.0,550.0,220.0,320.0,50.0,110.0,160.0,1120.0,79370.0,450.0,5650.0,3940.0,10290.0,1500.0,7900.0,3010.0,6950.0,7780.0,16030.0,2150.0,5150.0,10.0,1070.0,2400.0,2500.0,150.0,560.0,100.0,600.0,190.0,1610.0,630.0,1870.0,220.0,1370.0,1110.0,170.0,510.0,250.0,300.0,710.0,750.0,260.0,100.0,5830.0,110.0,150.0,690.0,80.0,60.0,250.0,1090.0,4710.0,380.0,850.0,740.0,270.0,170.0,5370.0,10.0,70.0,150.0,230.0,80.0,320.0,60.0,250.0,150.0,1290.0,74170.0,380.0,2470.0,3360.0,7660.0,1450.0,3760.0,1800.0,3810.0,10580.0,16120.0,1310.0,2640.0,10.0,1570.0,3370.0,1390.0,360.0,770.0,180.0,690.0,270.0,1780.0,740.0,2510.0,200.0,1740.0,1660.0,380.0,380.0,330.0,450.0,620.0,690.0,290.0,110.0,350.0,770.0,7410.0,120.0,70.0,2070.0,120.0,40.0,420.0,1710.0,4980.0,650.0,1280.0,640.0,170.0,150.0,5110.0,,50.0,100.0,490.0,60.0,240.0,50.0,240.0,270.0,1850.0,43400.0,420.0,4100.0,5210.0,12380.0,1030.0,5630.0,3020.0,5960.0,13500.0,23460.0,2400.0,4740.0,10.0,700.0,5000.0,1580.0,10.0,380.0,60.0,530.0
04,Alpes-de-Haute-Provence,24.2,21790,04,Alpes-de-Haute-Provence,169806,51.5,35.9,14.3,19107.0,14017.0,17643.0,10254.0,338540.0,8.0,3.0,5.0,12.0,33.0,1.0,6.0,319590.0,631.80861843,1078.0,5356.0,3299.0,138.0,9016.0,25724.0,8369.0,10205.0,2585.0,25017.0,4928.0,2161.0,5523.0,1468.0,100.0,8373.0,13383.0,10193.0,1511.0,14011.0,4577.0,6.9,17.8,,,,,,,,,,,,,,,,,,55300.0,42100.0,13200.0,55300.0,45900.0,9500.0,55300.0,44700.0,10700.0,55300.0,47500.0,7800.0,55300.0,49000.0,6400.0,55300.0,47800.0,7600.0,55300.0,53600.0,1800.0,55300.0,10900.0,44400.0,55300.0,47300.0,8100.0,55300.0,50400.0,4900.0,5700.0,3900.0,14300.0,37100.0,55300.0,2600.0,8900.0,43800.0,55300.0,1700.0,5600.0,48100.0,55300.0,1400.0,6900.0,47000.0,55300.0,1800.0,6200.0,47400.0,55300.0,9900.0,22100.0,15900.0,7400.0,55300.0,55300.0,42700.0,12700.0,55300.0,52700.0,2700.0,55300.0,52500.0,2800.0,55300.0,46800.0,8600.0,55300.0,50100.0,5200.0,55300.0,41400.0,13900.0,55300.0,42500.0,12800.0,55300.0,2700.0,8000.0,44600.0,55300.0,55300.0,28600.0,26700.0,7000.0,12400.0,36000.0,55300.0,55300.0,55300.0,48300.0,7000.0,3000.0,5400.0,47000.0,55300.0,1900.0,19500.0,34000.0,55300.0,300.0,1160.0,950.0,4670.0,530.0,1800.0,2030.0,830.0,1190.0,360.0,570.0,200.0,90.0,1140.0,2260.0,7550.0,60.0,410.0,2970.0,170.0,130.0,460.0,1760.0,3250.0,900.0,1160.0,940.0,490.0,220.0,7580.0,3500.0,20.0,120.0,180.0,1250.0,350.0,690.0,60.0,160.0,310.0,2090.0,141290.0,1200.0,11560.0,7720.0,20740.0,3680.0,16880.0,4960.0,12700.0,13880.0,30810.0,3080.0,8830.0,,1730.0,4760.0,5550.0,200.0,1200.0,90.0,1390.0,320.0,2410.0,1440.0,3720.0,580.0,2370.0,2090.0,320.0,970.0,460.0,610.0,1360.0,1650.0,320.0,130.0,9760.0,160.0,540.0,1410.0,140.0,100.0,490.0,2020.0,8130.0,1010.0,1590.0,1290.0,450.0,320.0,8030.0,20.0,120.0,250.0,570.0,140.0,740.0,100.0,380.0,310.0,2260.0,133350.0,980.0,5490.0,6330.0,15760.0,3390.0,8560.0,3000.0,7090.0,18170.0,30360.0,1850.0,4540.0,10.0,2670.0,6340.0,3010.0,490.0,1420.0,230.0,1490.0,510.0,2890.0,1740.0,5090.0,520.0,2970.0,2900.0,740.0,770.0,620.0,970.0,1180.0,1500.0,360.0,170.0,610.0,1550.0,12430.0,170.0,230.0,4310.0,220.0,110.0,880.0,3340.0,9060.0,1700.0,2390.0,1120.0,290.0,270.0,7920.0,,100.0,170.0,1170.0,150.0,520.0,60.0,370.0,540.0,3420.0,80390.0,1370.0,9280.0,10060.0,25220.0,2980.0,13100.0,4710.0,11150.0,23950.0,45150.0,3350.0,8430.0,,1080.0,9780.0,3830.0,10.0,860.0,70.0,1300.0
05,Hautes-Alpes,22.0,22010,05,Hautes-Alpes,142006,51.1,35.8,14,16120.0,11633.0,14890.0,8247.0,252430.0,6.0,3.0,6.0,10.0,24.0,3.0,0.0,186280.0,613.820514038,2746.0,5441.0,2294.0,93.0,8108.0,17585.0,6824.0,8006.0,1502.0,20377.0,3960.0,1616.0,4344.0,2248.0,80.0,7182.0,8822.0,8334.0,818.0,11291.0,3786.0,6.8,17.9,,,,,,,,,,,,,,,,,,44400.0,35800.0,8600.0,44400.0,37000.0,7400.0,44400.0,37600.0,6800.0,44400.0,39300.0,5100.0,44400.0,38300.0,6100.0,44400.0,37400.0,7000.0,44400.0,43800.0,600.0,44400.0,9900.0,34500.0,44400.0,38100.0,6300.0,44400.0,42200.0,2200.0,5400.0,2400.0,12300.0,29700.0,44400.0,3100.0,6900.0,34400.0,44400.0,1500.0,5300.0,37500.0,44400.0,1600.0,5000.0,37800.0,44400.0,1400.0,7300.0,35600.0,44400.0,8200.0,17400.0,13600.0,5200.0,44400.0,44400.0,35800.0,8600.0,44400.0,43700.0,700.0,44400.0,41800.0,2600.0,44400.0,37600.0,6800.0,44400.0,40800.0,3600.0,44400.0,34100.0,10300.0,44400.0,34400.0,10000.0,44400.0,2000.0,5900.0,36500.0,44400.0,44400.0,25600.0,18800.0,5500.0,8300.0,30600.0,44400.0,44400.0,44400.0,39000.0,5400.0,2200.0,3100.0,39100.0,44400.0,1700.0,12400.0,30300.0,44400.0,150.0,870.0,670.0,3040.0,250.0,1300.0,1720.0,480.0,580.0,170.0,300.0,120.0,80.0,580.0,1250.0,4240.0,40.0,260.0,1490.0,80.0,80.0,240.0,910.0,1960.0,470.0,610.0,580.0,280.0,150.0,5310.0,1630.0,20.0,70.0,60.0,620.0,220.0,410.0,30.0,80.0,220.0,1130.0,72300.0,640.0,6660.0,5110.0,12810.0,1910.0,9340.0,3010.0,8480.0,9110.0,18770.0,2140.0,6220.0,,930.0,3010.0,2650.0,130.0,570.0,50.0,660.0,150.0,1640.0,1000.0,2340.0,260.0,1650.0,1600.0,180.0,450.0,210.0,300.0,710.0,1230.0,180.0,100.0,5810.0,90.0,300.0,630.0,70.0,70.0,280.0,1060.0,4880.0,460.0,790.0,860.0,250.0,170.0,5200.0,10.0,70.0,90.0,270.0,90.0,370.0,60.0,200.0,210.0,1160.0,67560.0,440.0,2950.0,4460.0,8860.0,1630.0,4490.0,1680.0,4660.0,12190.0,17560.0,1190.0,3210.0,,1410.0,3750.0,1360.0,300.0,690.0,100.0,810.0,240.0,2020.0,1180.0,3470.0,210.0,2160.0,2410.0,410.0,410.0,290.0,490.0,610.0,1120.0,200.0,140.0,330.0,920.0,7180.0,110.0,140.0,2070.0,100.0,50.0,480.0,1740.0,5390.0,820.0,1190.0,780.0,170.0,150.0,5270.0,,50.0,70.0,580.0,90.0,270.0,40.0,180.0,360.0,1680.0,42950.0,710.0,5210.0,6690.0,14650.0,1560.0,7140.0,3120.0,7450.0,15570.0,26330.0,2470.0,5850.0,,550.0,5910.0,1840.0,10.0,460.0,40.0,650.0
06,Alpes-Maritimes,23.1,23460,06,Alpes-Maritimes,1129950,52.6,32.2,13.8,112222.0,94463.0,95410.0,61954.0,1379170.0,28.0,12.0,24.0,42.0,37.0,26.0,2.0,1280130.0,502.771,80733.0,37680.0,17668.0,1277.0,45773.0,67812.0,54128.0,62899.0,26683.0,131965.0,36053.0,27278.0,43098.0,66655.0,992.0,50372.0,34645.0,66555.0,15432.0,91239.0,45930.0,8.1,19.1,,,,,,,,,,,,,,,,,,326500.0,258000.0,68600.0,326500.0,268300.0,58200.0,326500.0,270200.0,56300.0,326500.0,288600.0,37900.0,326500.0,288000.0,38500.0,326500.0,287800.0,38700.0,326500.0,316600.0,9900.0,326500.0,62700.0,263900.0,326500.0,276000.0,50500.0,326500.0,305800.0,20700.0,46300.0,21300.0,76300.0,228900.0,326500.0,24400.0,49000.0,253100.0,326500.0,11400.0,33200.0,281900.0,326500.0,13900.0,40700.0,271900.0,326500.0,17000.0,33100.0,276400.0,326500.0,59700.0,116500.0,111400.0,39000.0,326500.0,326500.0,255200.0,71300.0,326500.0,313500.0,13000.0,326500.0,303300.0,23200.0,326500.0,258900.0,67700.0,326500.0,287100.0,39400.0,326500.0,236100.0,90400.0,326500.0,241200.0,85300.0,326500.0,16400.0,43300.0,266900.0,326500.0,326500.0,168300.0,158200.0,53600.0,66000.0,206900.0,326500.0,326500.0,326500.0,282300.0,44200.0,20800.0,28300.0,277400.0,326500.0,21900.0,90100.0,214600.0,326500.0,300.0,1230.0,800.0,3930.0,500.0,2080.0,2210.0,720.0,810.0,340.0,430.0,250.0,100.0,1160.0,2080.0,10710.0,90.0,350.0,2060.0,130.0,130.0,520.0,1920.0,3750.0,760.0,870.0,1020.0,820.0,210.0,8200.0,3990.0,20.0,120.0,210.0,1160.0,460.0,810.0,70.0,130.0,350.0,1830.0,151200.0,930.0,12070.0,9820.0,24330.0,2530.0,15750.0,4520.0,14920.0,18720.0,36760.0,3330.0,11980.0,10.0,1220.0,4280.0,3820.0,180.0,970.0,140.0,1110.0,380.0,2680.0,1160.0,3080.0,490.0,2750.0,2170.0,300.0,670.0,430.0,510.0,1400.0,1640.0,390.0,160.0,13260.0,170.0,430.0,970.0,130.0,130.0,550.0,2100.0,8500.0,750.0,1260.0,1460.0,720.0,230.0,7900.0,10.0,120.0,250.0,480.0,150.0,610.0,120.0,350.0,310.0,1970.0,138780.0,720.0,4950.0,7540.0,16760.0,2220.0,7080.0,2550.0,7740.0,22440.0,33580.0,1780.0,5840.0,,2210.0,5680.0,2000.0,460.0,1140.0,320.0,1220.0,530.0,3040.0,1280.0,3880.0,440.0,3410.0,3140.0,590.0,510.0,570.0,780.0,1230.0,1520.0,430.0,190.0,630.0,1460.0,16340.0,200.0,150.0,2960.0,180.0,100.0,970.0,3510.0,9460.0,1310.0,1790.0,1290.0,490.0,190.0,7110.0,,90.0,170.0,1030.0,170.0,490.0,90.0,300.0,550.0,2750.0,81710.0,900.0,8570.0,12410.0,26530.0,1710.0,10920.0,4100.0,12250.0,30130.0,49210.0,3360.0,10470.0,10.0,870.0,8460.0,2380.0,20.0,600.0,90.0,920.0
07,Ardèche,21.2,21990,07,Ardèche,336947,51.1,34.3,13.2,36715.0,25576.0,34459.0,18810.0,845310.0,18.0,4.0,7.0,21.0,11.0,0.0,0.0,652150.0,897.7595197429999,1756.0,7663.0,4987.0,241.0,24558.0,51996.0,14176.0,23981.0,3713.0,50947.0,8466.0,3087.0,9617.0,1535.0,313.0,18005.0,25357.0,21346.0,1475.0,26017.0,7835.0,9.3,24.5,,,,,,,,,,,,,,,,,81.0,101800.0,80600.0,21300.0,101800.0,84600.0,17300.0,101800.0,84700.0,17200.0,101800.0,89500.0,12400.0,101800.0,89200.0,12600.0,101800.0,91600.0,10200.0,101800.0,98400.0,3400.0,101800.0,18500.0,83300.0,101800.0,86900.0,15000.0,101800.0,93600.0,8200.0,16400.0,5300.0,28600.0,68000.0,101800.0,5200.0,17400.0,79200.0,101800.0,6000.0,14400.0,81500.0,101800.0,4600.0,14500.0,82700.0,101800.0,4400.0,15200.0,82300.0,101800.0,19400.0,33900.0,35300.0,13200.0,101800.0,101800.0,80600.0,21300.0,101800.0,96500.0,5300.0,101800.0,92800.0,9000.0,101800.0,84800.0,17000.0,101800.0,91800.0,10000.0,101800.0,75000.0,26900.0,101800.0,76700.0,25100.0,101800.0,4300.0,12200.0,85300.0,101800.0,101800.0,48800.0,53000.0,13600.0,20500.0,67800.0,101800.0,101800.0,101800.0,90800.0,11100.0,3700.0,9000.0,89100.0,101800.0,5900.0,30800.0,65100.0,101800.0,140.0,800.0,650.0,4270.0,220.0,1540.0,1680.0,580.0,890.0,190.0,270.0,210.0,110.0,740.0,1270.0,5070.0,50.0,140.0,1470.0,60.0,70.0,270.0,1110.0,2530.0,370.0,740.0,780.0,490.0,150.0,5640.0,2240.0,10.0,70.0,140.0,790.0,250.0,620.0,30.0,140.0,120.0,1150.0,85100.0,780.0,6470.0,6700.0,10550.0,2430.0,10150.0,3580.0,8210.0,11590.0,16910.0,2300.0,5650.0,,1020.0,2540.0,4120.0,250.0,790.0,110.0,730.0,160.0,1340.0,800.0,2930.0,190.0,1860.0,1610.0,180.0,720.0,210.0,240.0,580.0,570.0,240.0,140.0,6580.0,80.0,210.0,750.0,60.0,80.0,260.0,1090.0,5740.0,410.0,670.0,870.0,430.0,140.0,5000.0,10.0,80.0,160.0,250.0,100.0,370.0,60.0,290.0,120.0,1220.0,78520.0,520.0,2740.0,4250.0,7440.0,1880.0,4540.0,2080.0,4070.0,12430.0,16440.0,1380.0,2720.0,10.0,1330.0,3020.0,1920.0,550.0,910.0,200.0,730.0,240.0,1670.0,950.0,3700.0,190.0,2380.0,2230.0,380.0,660.0,290.0,410.0,510.0,510.0,330.0,190.0,390.0,820.0,7760.0,100.0,50.0,2120.0,90.0,50.0,480.0,1910.0,6140.0,700.0,1160.0,820.0,260.0,120.0,4860.0,,70.0,90.0,580.0,70.0,250.0,40.0,290.0,190.0,1710.0,42260.0,630.0,4190.0,7520.0,11910.0,1320.0,6130.0,2950.0,6150.0,17160.0,23860.0,2210.0,4720.0,,660.0,4690.0,2120.0,10.0,430.0,60.0,530.0
08,Ardennes,30.5,20850,08,Ardennes,263194,50.8,31.1,11.2,27211.0,17465.0,25327.0,11971.0,419690.0,8.0,5.0,9.0,6.0,6.0,0.0,0.0,357640.0,1661.371202179,2110.0,6533.0,2849.0,228.0,22003.0,38073.0,11325.0,21806.0,3530.0,35203.0,7058.0,5158.0,8926.0,1375.0,135.0,15565.0,20037.0,17512.0,1772.0,19353.0,8365.0,11.2,31.9,,,,,,,,,,,,,,,,,76.0,76500.0,58600.0,17900.0,76500.0,62500.0,14000.0,76500.0,59700.0,16800.0,76500.0,65400.0,11100.0,76500.0,66900.0,9600.0,76500.0,69900.0,6600.0,76500.0,74600.0,1900.0,76500.0,13200.0,63300.0,76500.0,62200.0,14300.0,76500.0,71000.0,5600.0,13600.0,4600.0,21600.0,50300.0,76500.0,5000.0,14700.0,56800.0,76500.0,2100.0,10000.0,64500.0,76500.0,3600.0,9300.0,63700.0,76500.0,2700.0,8400.0,65400.0,76500.0,7300.0,30200.0,28600.0,10300.0,76500.0,76500.0,57600.0,18900.0,76500.0,74000.0,2500.0,76500.0,72400.0,4200.0,76500.0,62800.0,13800.0,76500.0,67000.0,9500.0,76500.0,56200.0,20300.0,76500.0,57900.0,18700.0,76500.0,3300.0,11800.0,61400.0,76500.0,76500.0,36200.0,40300.0,11800.0,21200.0,43500.0,76500.0,76500.0,76500.0,64200.0,12300.0,5200.0,7100.0,64200.0,76500.0,7200.0,22500.0,46800.0,76500.0,140.0,480.0,340.0,2140.0,180.0,880.0,1150.0,350.0,640.0,150.0,230.0,110.0,30.0,460.0,980.0,4430.0,30.0,180.0,1060.0,70.0,40.0,220.0,910.0,1580.0,320.0,560.0,530.0,250.0,140.0,4080.0,1260.0,,50.0,70.0,500.0,190.0,390.0,30.0,80.0,150.0,890.0,56710.0,470.0,5170.0,5040.0,10770.0,1470.0,7850.0,2380.0,7860.0,8940.0,16070.0,1620.0,5750.0,,750.0,2440.0,2870.0,130.0,450.0,40.0,580.0,140.0,1120.0,570.0,1740.0,190.0,1170.0,1170.0,160.0,440.0,230.0,280.0,740.0,860.0,170.0,70.0,5520.0,50.0,220.0,440.0,70.0,50.0,250.0,1040.0,3460.0,390.0,750.0,740.0,220.0,200.0,3980.0,,50.0,80.0,260.0,50.0,340.0,40.0,180.0,160.0,1040.0,52300.0,380.0,2400.0,3770.0,7330.0,1400.0,3970.0,1490.0,4400.0,10040.0,14630.0,1050.0,3080.0,,1340.0,3170.0,1520.0,260.0,530.0,130.0,650.0,210.0,1240.0,640.0,2270.0,180.0,1500.0,1720.0,320.0,420.0,290.0,410.0,640.0,790.0,190.0,90.0,280.0,700.0,6950.0,50.0,90.0,1480.0,100.0,40.0,430.0,1690.0,3960.0,630.0,1130.0,670.0,150.0,160.0,4150.0,,40.0,70.0,490.0,80.0,240.0,30.0,170.0,270.0,1480.0,35720.0,520.0,4140.0,6090.0,12040.0,1170.0,6000.0,2530.0,7160.0,13620.0,21800.0,1970.0,5650.0,,570.0,4820.0,1900.0,10.0,290.0,40.0,540.0
09,Ariège,26.8,20820,09,Ariège,156787,51.1,35.4,13.5,17674.0,12205.0,16568.0,9028.0,298750.0,3.0,3.0,3.0,13.0,14.0,0.0,0.0,274160.0,1166.49184681,129.0,2579.0,2643.0,129.0,10674.0,26854.0,7579.0,10460.0,3068.0,24650.0,4273.0,1937.0,5095.0,166.0,113.0,10091.0,15816.0,11439.0,1675.0,14912.0,4640.0,7.3,19.4,,,,,,,,,,,,,,,,,82.0,50900.0,37900.0,13000.0,50900.0,39900.0,11000.0,50900.0,39900.0,11000.0,50900.0,42600.0,8200.0,50900.0,44300.0,6500.0,50900.0,44700.0,6200.0,50900.0,49200.0,1600.0,50900.0,10400.0,40400.0,50900.0,40500.0,10300.0,50900.0,45800.0,5100.0,6700.0,4600.0,11800.0,34500.0,50900.0,4000.0,7800.0,39100.0,50900.0,900.0,6200.0,43800.0,50900.0,1000.0,8100.0,41800.0,50900.0,1400.0,6200.0,43300.0,50900.0,8200.0,18200.0,16900.0,7500.0,50900.0,50900.0,38800.0,12100.0,50900.0,48200.0,2700.0,50900.0,48800.0,2100.0,50900.0,40800.0,10000.0,50900.0,44700.0,6100.0,50900.0,35900.0,15000.0,50900.0,37000.0,13900.0,50900.0,2400.0,8700.0,39800.0,50900.0,50900.0,25000.0,25900.0,7700.0,10500.0,32700.0,50900.0,50900.0,50900.0,45200.0,5600.0,2500.0,5000.0,43300.0,50900.0,2300.0,13600.0,34900.0,50900.0,440.0,1880.0,1710.0,6650.0,930.0,3640.0,3990.0,1390.0,1850.0,670.0,870.0,370.0,190.0,2020.0,3560.0,14960.0,130.0,630.0,3490.0,180.0,250.0,600.0,2580.0,4420.0,1100.0,1940.0,1920.0,1200.0,490.0,14170.0,8790.0,40.0,210.0,390.0,1970.0,660.0,1010.0,150.0,220.0,500.0,3170.0,275450.0,1530.0,18850.0,9440.0,33050.0,4980.0,26040.0,5580.0,20000.0,19590.0,50000.0,3850.0,14590.0,10.0,2600.0,7420.0,8040.0,510.0,1640.0,220.0,1990.0,520.0,4080.0,2480.0,5250.0,1000.0,4400.0,3950.0,530.0,1340.0,770.0,940.0,1960.0,2490.0,580.0,260.0,18720.0,260.0,720.0,1760.0,180.0,240.0,620.0,2740.0,11270.0,1270.0,2330.0,2400.0,1030.0,480.0,13590.0,40.0,200.0,510.0,820.0,270.0,910.0,240.0,600.0,560.0,3490.0,255510.0,1350.0,8590.0,8280.0,24570.0,4530.0,12620.0,3350.0,10990.0,27130.0,48200.0,2230.0,7560.0,20.0,3660.0,9510.0,4230.0,1090.0,2100.0,500.0,2200.0,710.0,4700.0,2770.0,6320.0,790.0,5550.0,5440.0,1190.0,910.0,1030.0,1430.0,1650.0,2290.0,650.0,330.0,1040.0,2470.0,22520.0,290.0,180.0,5090.0,250.0,190.0,1120.0,4650.0,12070.0,2080.0,3570.0,2080.0,580.0,410.0,11620.0,10.0,170.0,290.0,1700.0,220.0,650.0,170.0,530.0,870.0,5010.0,126010.0,1560.0,13180.0,12690.0,37560.0,3280.0,17770.0,5050.0,15340.0,34400.0,69170.0,3930.0,12080.0,10.0,1520.0,14480.0,4800.0,20.0,830.0,140.0,1490.0
10,Aube,27.2,21530,10,Aube,310930,51.1,29.6,11.5,29836.0,21265.0,26303.0,14491.0,497580.0,11.0,3.0,7.0,7.0,21.0,10.0,0.0,439330.0,1181.608,3933.0,6317.0,3475.0,275.0,22526.0,41579.0,13245.0,24088.0,4468.0,39311.0,8308.0,5084.0,9777.0,2667.0,499.0,16452.0,21603.0,19435.0,1706.0,21464.0,8184.0,7.6,19.9,,,,,,,,,,,,,,,,,80.0,84200.0,66300.0,17900.0,84200.0,68700.0,15400.0,84200.0,67800.0,16400.0,84200.0,75200.0,9000.0,84200.0,76400.0,7700.0,84200.0,76600.0,7600.0,84200.0,81800.0,2300.0,84200.0,13300.0,70800.0,84200.0,70500.0,13700.0,84200.0,77400.0,6800.0,16000.0,5800.0,21600.0,56800.0,84200.0,4100.0,10600.0,69500.0,84200.0,2000.0,9000.0,73200.0,84200.0,3300.0,10700.0,70200.0,84200.0,3200.0,11700.0,69300.0,84200.0,11200.0,32100.0,28200.0,12700.0,84200.0,84200.0,66700.0,17500.0,84200.0,79500.0,4600.0,84200.0,79200.0,5000.0,84200.0,69400.0,14700.0,84200.0,74800.0,9400.0,84200.0,62600.0,21600.0,84200.0,64100.0,20000.0,84200.0,4000.0,10700.0,69500.0,84200.0,84200.0,45000.0,39200.0,13300.0,17800.0,53000.0,84200.0,84200.0,84200.0,73800.0,10400.0,5000.0,6200.0,73000.0,84200.0,5500.0,23100.0,55600.0,84200.0,1010.0,4440.0,2220.0,12200.0,1360.0,7960.0,9050.0,2510.0,3920.0,1320.0,1980.0,920.0,390.0,3930.0,6710.0,19630.0,250.0,910.0,7960.0,320.0,440.0,1490.0,4940.0,8830.0,1890.0,3620.0,3560.0,2170.0,1470.0,30410.0,13280.0,90.0,390.0,580.0,4130.0,1560.0,2130.0,210.0,470.0,890.0,7280.0,482780.0,2700.0,37550.0,32140.0,64870.0,10440.0,54800.0,21050.0,49180.0,54360.0,93420.0,14580.0,35020.0,10.0,6100.0,14760.0,18430.0,1150.0,3770.0,410.0,4070.0,1140.0,9050.0,3130.0,11910.0,1520.0,9430.0,8170.0,1060.0,2860.0,1690.0,2230.0,4340.0,4980.0,1370.0,600.0,26640.0,470.0,1110.0,3180.0,280.0,460.0,1440.0,4800.0,21580.0,2050.0,4290.0,5080.0,1990.0,1620.0,29950.0,100.0,380.0,710.0,1620.0,550.0,1900.0,340.0,1000.0,880.0,7540.0,447290.0,2430.0,16380.0,24340.0,46520.0,10260.0,26550.0,12320.0,27650.0,63240.0,87740.0,8240.0,17830.0,20.0,9820.0,18570.0,10100.0,2600.0,4890.0,870.0,4730.0,1700.0,10680.0,3220.0,13190.0,1100.0,12540.0,12350.0,2270.0,2430.0,2200.0,3380.0,3660.0,4530.0,1580.0,740.0,2130.0,4660.0,30970.0,530.0,350.0,10900.0,420.0,370.0,2730.0,8480.0,23290.0,3440.0,6760.0,4380.0,1090.0,1410.0,25280.0,,260.0,430.0,3450.0,460.0,1210.0,240.0,1000.0,1440.0,11260.0,237660.0,2690.0,25600.0,40390.0,74980.0,6890.0,37080.0,20530.0,40510.0,86200.0,129630.0,15850.0,31090.0,10.0,3860.0,28670.0,11700.0,30.0,2250.0,250.0,3520.0
11,Aude,31.6,20510,11,Aude,379729,51.8,35.6,14.1,43085.0,30914.0,38659.0,22454.0,553540.0,8.0,7.0,4.0,13.0,43.0,11.0,5.0,469630.0,1265.500374983,1935.0,8212.0,7747.0,299.0,21748.0,62644.0,17637.0,25970.0,8299.0,58671.0,10795.0,4819.0,11934.0,1554.0,185.0,20595.0,34638.0,25767.0,4024.0,33535.0,11234.0,7,18,,,,,,,,,,,,,,,,,81.0,123700.0,96200.0,27600.0,123700.0,101700.0,22000.0,123700.0,100600.0,23200.0,123700.0,109000.0,14800.0,123700.0,108300.0,15400.0,123700.0,110000.0,13700.0,123700.0,120500.0,3200.0,123700.0,24400.0,99300.0,123700.0,104400.0,19400.0,123700.0,114000.0,9700.0,17300.0,7900.0,31500.0,84300.0,123700.0,9700.0,22300.0,91700.0,123700.0,2100.0,11500.0,110100.0,123700.0,2900.0,18800.0,102000.0,123700.0,2400.0,14200.0,107100.0,123700.0,14500.0,51000.0,44000.0,14200.0,123700.0,123700.0,98100.0,25600.0,123700.0,120500.0,3200.0,123700.0,119000.0,4700.0,123700.0,100500.0,23200.0,123700.0,110400.0,13300.0,123700.0,93000.0,30700.0,123700.0,95700.0,28100.0,123700.0,6800.0,17700.0,99300.0,123700.0,123700.0,58900.0,64800.0,17000.0,27500.0,79200.0,123700.0,123700.0,123700.0,108700.0,15000.0,6400.0,10000.0,107300.0,123700.0,7500.0,37700.0,78500.0,123700.0,200.0,800.0,530.0,2490.0,310.0,1460.0,1470.0,630.0,710.0,220.0,340.0,190.0,80.0,750.0,1330.0,5500.0,60.0,210.0,1690.0,80.0,90.0,280.0,1200.0,2570.0,430.0,980.0,750.0,410.0,160.0,6740.0,2240.0,10.0,80.0,130.0,730.0,240.0,430.0,50.0,140.0,210.0,1370.0,98460.0,540.0,7440.0,5740.0,13910.0,2050.0,10500.0,3660.0,8560.0,10400.0,20740.0,2540.0,6260.0,,1060.0,3500.0,3440.0,220.0,700.0,110.0,860.0,230.0,1660.0,790.0,1860.0,310.0,1850.0,1590.0,270.0,500.0,360.0,390.0,1010.0,1050.0,260.0,80.0,7450.0,120.0,270.0,850.0,70.0,60.0,320.0,1400.0,6230.0,510.0,1200.0,890.0,360.0,240.0,6700.0,10.0,80.0,210.0,320.0,90.0,390.0,60.0,300.0,210.0,1600.0,91740.0,520.0,3300.0,4810.0,10320.0,1860.0,4880.0,2070.0,4570.0,13960.0,20810.0,1440.0,3170.0,10.0,1380.0,4580.0,1740.0,430.0,800.0,220.0,910.0,350.0,1970.0,900.0,2440.0,290.0,2410.0,2210.0,580.0,380.0,450.0,610.0,890.0,960.0,310.0,120.0,390.0,870.0,9070.0,150.0,90.0,2490.0,110.0,50.0,550.0,2280.0,6900.0,850.0,1900.0,850.0,220.0,220.0,6500.0,,70.0,130.0,720.0,110.0,320.0,50.0,290.0,350.0,2330.0,56150.0,570.0,5410.0,7530.0,16500.0,1450.0,7380.0,3580.0,7190.0,18080.0,30300.0,2830.0,5750.0,10.0,620.0,7010.0,2120.0,,460.0,80.0,680.0
12,Aveyron,20.6,21860,12,Aveyron,278355,50.4,36.1,14.5,30441.0,23575.0,29723.0,16686.0,488530.0,7.0,5.0,34.0,33.0,83.0,6.0,1.0,385230.0,859.955776988,1968.0,5760.0,3951.0,137.0,24734.0,46307.0,12139.0,20604.0,2959.0,46542.0,6987.0,2793.0,9548.0,1827.0,245.0,20979.0,27536.0,23214.0,1338.0,28812.0,8195.0,10.3,26.1,,,,,,,,,,,,,,,,,80.0,92800.0,75300.0,17500.0,92800.0,79100.0,13800.0,92800.0,77900.0,15000.0,92800.0,83100.0,9800.0,92800.0,82800.0,10100.0,92800.0,82200.0,10700.0,92800.0,91000.0,1900.0,92800.0,16700.0,76100.0,92800.0,79000.0,13800.0,92800.0,86800.0,6100.0,,6500.0,25700.0,60600.0,92800.0,4800.0,11900.0,76100.0,92800.0,2700.0,10400.0,79700.0,92800.0,4500.0,14000.0,74400.0,92800.0,4300.0,12900.0,75700.0,92800.0,14500.0,36300.0,33800.0,8200.0,92800.0,92800.0,74500.0,18400.0,92800.0,87800.0,5000.0,92800.0,86800.0,6000.0,92800.0,79700.0,13200.0,92800.0,83500.0,9300.0,92800.0,71300.0,21500.0,92800.0,73200.0,19700.0,92800.0,2600.0,12100.0,78100.0,92800.0,92800.0,49100.0,43700.0,10300.0,20100.0,62400.0,92800.0,92800.0,92800.0,82800.0,10000.0,4800.0,7800.0,80300.0,92800.0,4200.0,27200.0,61400.0,92800.0,890.0,3730.0,2360.0,13050.0,1560.0,6980.0,7670.0,2720.0,3950.0,1170.0,1820.0,560.0,290.0,3920.0,6400.0,19410.0,180.0,930.0,7310.0,300.0,450.0,1350.0,4130.0,6970.0,2000.0,3010.0,3370.0,2490.0,1270.0,28900.0,19710.0,90.0,390.0,760.0,3450.0,1450.0,1730.0,250.0,400.0,890.0,6370.0,567230.0,2930.0,36970.0,28290.0,63280.0,10280.0,52160.0,16650.0,39310.0,47060.0,89230.0,11380.0,28400.0,10.0,5150.0,11360.0,16110.0,990.0,3940.0,620.0,4190.0,1040.0,6980.0,3270.0,12290.0,1730.0,8030.0,6740.0,1100.0,2440.0,1370.0,2010.0,3450.0,3950.0,870.0,400.0,25210.0,330.0,1200.0,3660.0,270.0,450.0,1270.0,4300.0,18390.0,2120.0,3910.0,4980.0,2240.0,1540.0,28410.0,110.0,470.0,880.0,1580.0,590.0,1890.0,410.0,930.0,840.0,6940.0,531070.0,2600.0,17070.0,23580.0,47520.0,9910.0,25860.0,9210.0,21320.0,58150.0,86040.0,6160.0,14160.0,30.0,8800.0,14770.0,8270.0,2680.0,5060.0,1030.0,4720.0,1470.0,8510.0,3420.0,13560.0,1180.0,10170.0,9580.0,2330.0,2240.0,1750.0,2900.0,2910.0,3590.0,930.0,500.0,1940.0,4040.0,27420.0,320.0,430.0,10670.0,380.0,320.0,2430.0,7300.0,19280.0,3570.0,5760.0,3620.0,890.0,1240.0,21510.0,,290.0,520.0,3010.0,420.0,1030.0,230.0,840.0,1380.0,10100.0,217460.0,2780.0,22670.0,36330.0,70300.0,6530.0,31710.0,14960.0,28890.0,75190.0,119290.0,11640.0,22590.0,10.0,2490.0,22070.0,9090.0,30.0,2180.0,230.0,3430.0
13,Bouches-du-Rhône,27.0,22920,13,Bouches-du-Rhône,2090225,52.1,28.2,11.3,189266.0,141397.0,163180.0,95584.0,2453220.0,24.0,10.0,31.0,36.0,120.0,68.0,18.0,2207590.0,510.642,16103.0,39167.0,13814.0,1100.0,70015.0,136974.0,43415.0,64801.0,18332.0,144716.0,28899.0,13282.0,30163.0,11503.0,942.0,53323.0,66261.0,57442.0,9689.0,75717.0,27689.0,6.8,17.1,,,,,,,,,,,,,,,,,,529400.0,406100.0,123300.0,529400.0,431400.0,98000.0,529400.0,424200.0,105200.0,529400.0,454600.0,74800.0,529400.0,466200.0,63100.0,529400.0,456200.0,73200.0,529400.0,508900.0,20400.0,529400.0,113700.0,415700.0,529400.0,440400.0,88900.0,529400.0,483700.0,45700.0,108600.0,32900.0,123900.0,372600.0,529400.0,43500.0,81900.0,404000.0,529400.0,19300.0,51200.0,458900.0,529400.0,26800.0,64300.0,438300.0,529400.0,25000.0,61000.0,443400.0,529400.0,88400.0,187700.0,171300.0,81900.0,529400.0,529400.0,412100.0,117300.0,529400.0,505200.0,24200.0,529400.0,489700.0,39600.0,529400.0,419400.0,110000.0,529400.0,476900.0,52500.0,529400.0,384200.0,145100.0,529400.0,393000.0,136400.0,529400.0,27300.0,80900.0,421200.0,529400.0,529400.0,249300.0,280100.0,92900.0,108500.0,328000.0,529400.0,529400.0,529400.0,461400.0,68000.0,43400.0,42600.0,443300.0,529400.0,28700.0,154200.0,346500.0,529400.0,910.0,4160.0,3700.0,17240.0,2050.0,8050.0,9810.0,3310.0,4750.0,1080.0,1720.0,750.0,410.0,4750.0,8300.0,33480.0,300.0,900.0,7340.0,480.0,570.0,1600.0,6210.0,10500.0,2310.0,4480.0,5700.0,3020.0,1110.0,33310.0,22170.0,110.0,530.0,890.0,4850.0,1530.0,2430.0,400.0,560.0,990.0,7070.0,668240.0,3070.0,45500.0,22250.0,71350.0,10010.0,61240.0,10850.0,40370.0,47210.0,109070.0,7580.0,29940.0,30.0,5120.0,16610.0,16820.0,1650.0,3720.0,610.0,3990.0,990.0,8590.0,5370.0,12400.0,2140.0,10110.0,9240.0,1390.0,3170.0,1420.0,1800.0,4320.0,5370.0,1200.0,650.0,42290.0,600.0,1110.0,3500.0,460.0,550.0,1670.0,6790.0,26780.0,2790.0,5180.0,6590.0,2780.0,1150.0,32850.0,110.0,540.0,1210.0,2030.0,680.0,2370.0,590.0,1260.0,990.0,7700.0,632250.0,2750.0,20520.0,20560.0,56050.0,9800.0,29380.0,6350.0,21780.0,66090.0,109540.0,4350.0,15220.0,30.0,7740.0,20930.0,8610.0,3660.0,5070.0,1180.0,4510.0,1430.0,10080.0,5940.0,14890.0,1580.0,12200.0,12630.0,2660.0,2510.0,1750.0,2790.0,3630.0,4880.0,1350.0,820.0,2410.0,5440.0,48390.0,660.0,330.0,10550.0,680.0,460.0,2970.0,11190.0,27950.0,4450.0,8010.0,5920.0,1400.0,900.0,26250.0,10.0,370.0,660.0,3920.0,470.0,1360.0,410.0,1100.0,1630.0,10830.0,264650.0,2790.0,28110.0,29580.0,78420.0,6190.0,37220.0,9340.0,29200.0,80810.0,147420.0,7360.0,23140.0,10.0,2800.0,31190.0,9040.0,40.0,2140.0,310.0,3050.0
14,Calvados,20.8,22840,14,Calvados,711029,51.8,30.4,11.6,71727.0,49910.0,62184.0,32365.0,1679580.0,13.0,9.0,17.0,20.0,118.0,1.0,1.0,1272050.0,1810.513687403,9440.0,13086.0,9405.0,622.0,43919.0,93575.0,28271.0,46038.0,3838.0,88664.0,18660.0,9259.0,21710.0,8689.0,696.0,29585.0,44600.0,39672.0,1487.0,45196.0,17096.0,7.9,21.4,,,,,,,,,,,,,,,,,84.0,194600.0,160400.0,34200.0,194600.0,169000.0,25600.0,194600.0,162400.0,32200.0,194600.0,173600.0,20900.0,194600.0,171500.0,23000.0,194600.0,170900.0,23600.0,194600.0,189600.0,5000.0,194600.0,37000.0,157600.0,194600.0,166300.0,28300.0,194600.0,182500.0,12100.0,36900.0,12800.0,45000.0,136800.0,194600.0,11600.0,22800.0,160200.0,194600.0,5600.0,17100.0,171900.0,194600.0,6300.0,20400.0,167900.0,194600.0,8400.0,15100.0,171000.0,194600.0,32600.0,78500.0,62100.0,21400.0,194600.0,194600.0,160400.0,34200.0,194600.0,186700.0,7900.0,194600.0,182400.0,12100.0,194600.0,166500.0,28100.0,194600.0,174900.0,19600.0,194600.0,151300.0,43300.0,194600.0,154500.0,40100.0,194600.0,8400.0,24800.0,161400.0,194600.0,194600.0,101800.0,92800.0,22900.0,36600.0,135100.0,194600.0,194600.0,194600.0,171200.0,23400.0,11900.0,12200.0,170500.0,194600.0,9100.0,53000.0,132400.0,194600.0,230.0,1110.0,780.0,3950.0,540.0,2010.0,2350.0,740.0,1000.0,410.0,540.0,240.0,120.0,1280.0,2500.0,11190.0,140.0,270.0,2380.0,140.0,190.0,500.0,1750.0,3740.0,700.0,1100.0,1130.0,770.0,290.0,10150.0,4590.0,20.0,120.0,230.0,1170.0,540.0,920.0,90.0,150.0,350.0,2070.0,169400.0,1200.0,13140.0,11910.0,26130.0,2970.0,17200.0,4690.0,14020.0,21730.0,39330.0,3520.0,11120.0,10.0,1450.0,4780.0,4290.0,230.0,850.0,180.0,1140.0,340.0,2490.0,1210.0,3320.0,550.0,2750.0,2430.0,310.0,750.0,560.0,620.0,1320.0,1780.0,360.0,200.0,14210.0,230.0,350.0,1130.0,130.0,180.0,590.0,2200.0,9160.0,820.0,1610.0,1700.0,660.0,350.0,10300.0,30.0,150.0,300.0,520.0,190.0,730.0,140.0,350.0,320.0,2260.0,155660.0,950.0,5710.0,9580.0,18470.0,2640.0,7950.0,2710.0,7430.0,26300.0,37220.0,2040.0,5580.0,10.0,2400.0,6940.0,2190.0,570.0,1060.0,330.0,1260.0,430.0,2780.0,1240.0,3900.0,460.0,3270.0,3360.0,640.0,510.0,730.0,930.0,1150.0,1670.0,400.0,230.0,680.0,1780.0,17210.0,290.0,60.0,3440.0,180.0,170.0,1000.0,3350.0,9860.0,1320.0,2270.0,1390.0,410.0,300.0,9340.0,,100.0,170.0,1050.0,210.0,530.0,100.0,320.0,560.0,3190.0,87690.0,1150.0,9090.0,15320.0,28130.0,2040.0,11610.0,4330.0,11180.0,34970.0,52470.0,3610.0,9460.0,10.0,990.0,9950.0,2540.0,30.0,490.0,80.0,990.0
15,Cantal,17.8,21710,15,Cantal,143746,50.7,38.2,14.8,16919.0,12535.0,16668.0,8801.0,202420.0,7.0,4.0,5.0,13.0,3.0,0.0,0.0,180730.0,731.64144891,1050.0,3204.0,1946.0,59.0,14228.0,25524.0,6952.0,13095.0,558.0,25519.0,4033.0,1923.0,5537.0,837.0,47.0,10852.0,14889.0,12574.0,232.0,15214.0,4955.0,9.9,25.8,,,,,,,,,,,,,,,,,82.0,49500.0,38600.0,10900.0,49500.0,40500.0,9000.0,49500.0,40200.0,9300.0,49500.0,43400.0,6100.0,49500.0,44400.0,5100.0,49500.0,44900.0,4600.0,49500.0,48300.0,1200.0,49500.0,8000.0,41400.0,49500.0,41100.0,8400.0,49500.0,46400.0,3000.0,,4000.0,13700.0,31800.0,49500.0,2600.0,8200.0,38700.0,49500.0,1400.0,6900.0,41100.0,49500.0,1500.0,8500.0,39600.0,49500.0,1400.0,8300.0,39800.0,49500.0,4900.0,17900.0,20600.0,6100.0,49500.0,49500.0,38700.0,10800.0,49500.0,46900.0,2600.0,49500.0,46900.0,2600.0,49500.0,42100.0,7400.0,49500.0,42900.0,6600.0,49500.0,37000.0,12500.0,49500.0,37600.0,11900.0,49500.0,1700.0,5400.0,42400.0,49500.0,49500.0,25700.0,23800.0,5600.0,11900.0,32000.0,49500.0,49500.0,49500.0,44800.0,4700.0,1800.0,4600.0,43100.0,49500.0,3300.0,13500.0,32700.0,49500.0,1130.0,4780.0,3260.0,14460.0,2170.0,9910.0,11040.0,3190.0,5360.0,1360.0,1970.0,900.0,380.0,5700.0,9390.0,29440.0,280.0,980.0,10160.0,360.0,740.0,1580.0,5530.0,14520.0,2570.0,3980.0,4790.0,3230.0,1330.0,40800.0,26920.0,100.0,590.0,850.0,4450.0,2080.0,2580.0,310.0,510.0,740.0,7730.0,766880.0,3720.0,56060.0,38760.0,87380.0,11750.0,74010.0,15750.0,46350.0,69640.0,126870.0,11880.0,35230.0,20.0,5840.0,16250.0,19560.0,1680.0,3770.0,1030.0,4470.0,1230.0,9820.0,4600.0,12250.0,2280.0,11910.0,10150.0,1340.0,3480.0,1590.0,1950.0,5500.0,6210.0,1390.0,540.0,39250.0,430.0,1240.0,4890.0,370.0,740.0,1640.0,5970.0,32020.0,2650.0,5010.0,6800.0,2810.0,1540.0,40010.0,120.0,520.0,1120.0,1860.0,740.0,2680.0,520.0,1180.0,760.0,8250.0,714600.0,3080.0,24790.0,32200.0,65130.0,10710.0,34970.0,8320.0,24690.0,86620.0,123290.0,6240.0,17480.0,40.0,10090.0,21400.0,10810.0,3760.0,4920.0,1810.0,5190.0,1780.0,11500.0,4660.0,12660.0,1630.0,14830.0,14090.0,2670.0,2700.0,2030.0,2960.0,4530.0,5550.0,1500.0,680.0,2830.0,6020.0,43520.0,490.0,350.0,14700.0,470.0,520.0,2910.0,9880.0,35450.0,4520.0,7490.0,5190.0,1200.0,1210.0,27240.0,10.0,360.0,640.0,3620.0,610.0,1550.0,290.0,990.0,1230.0,11610.0,299310.0,3380.0,34800.0,48740.0,93880.0,7330.0,45580.0,14520.0,34700.0,111010.0,168010.0,11950.0,28090.0,20.0,3510.0,31310.0,10490.0,40.0,1960.0,420.0,3480.0
16,Charente,23.8,22000,16,Charente,350209,51.2,34.6,13.3,39182.0,27639.0,35357.0,19045.0,769400.0,10.0,5.0,9.0,5.0,24.0,0.0,3.0,656900.0,1165.601976704,1228.0,3737.0,4642.0,254.0,29470.0,62002.0,14873.0,24651.0,5363.0,56519.0,9219.0,3770.0,11849.0,1125.0,366.0,23000.0,34875.0,25457.0,1442.0,32055.0,8864.0,7.1,18.7,,,,,,,,,,,,,,,,,80.0,111300.0,90300.0,21000.0,111300.0,95400.0,15900.0,111300.0,93900.0,17400.0,111300.0,98400.0,12900.0,111300.0,95700.0,15600.0,111300.0,97600.0,13700.0,111300.0,108200.0,3000.0,111300.0,23200.0,88100.0,111300.0,96200.0,15100.0,111300.0,105000.0,6300.0,15100.0,6700.0,32400.0,72200.0,111300.0,7000.0,15800.0,88400.0,111300.0,3100.0,11600.0,96600.0,111300.0,3700.0,14600.0,93000.0,111300.0,4500.0,13600.0,93200.0,111300.0,15000.0,44000.0,38700.0,13600.0,111300.0,111300.0,88800.0,22500.0,111300.0,104300.0,7000.0,111300.0,105700.0,5600.0,111300.0,93500.0,17800.0,111300.0,102700.0,8600.0,111300.0,85500.0,25800.0,111300.0,88400.0,22900.0,111300.0,5100.0,14100.0,92200.0,111300.0,111300.0,57200.0,54100.0,14100.0,24700.0,72500.0,111300.0,111300.0,111300.0,96400.0,14900.0,4800.0,6100.0,100400.0,111300.0,3400.0,32600.0,75200.0,111300.0,400.0,1290.0,1060.0,4440.0,460.0,2380.0,2730.0,1030.0,1140.0,410.0,690.0,280.0,120.0,1320.0,2630.0,10270.0,100.0,440.0,2850.0,150.0,140.0,590.0,2060.0,3450.0,820.0,1600.0,1310.0,740.0,310.0,12600.0,4530.0,30.0,130.0,240.0,1420.0,410.0,770.0,70.0,240.0,280.0,2660.0,172990.0,990.0,12360.0,10250.0,24930.0,3120.0,17120.0,6010.0,17000.0,18750.0,37280.0,4350.0,12920.0,10.0,1540.0,6080.0,5110.0,410.0,1050.0,170.0,1340.0,440.0,2700.0,1500.0,3550.0,570.0,2890.0,2600.0,440.0,940.0,510.0,720.0,1610.0,1830.0,470.0,160.0,12810.0,170.0,440.0,1410.0,140.0,120.0,610.0,2190.0,8510.0,890.0,1960.0,1660.0,680.0,360.0,11540.0,20.0,140.0,340.0,620.0,190.0,720.0,120.0,430.0,300.0,2840.0,158480.0,830.0,5340.0,7880.0,17180.0,2940.0,7850.0,3420.0,8960.0,22680.0,34030.0,2480.0,6380.0,10.0,2270.0,7540.0,2460.0,890.0,1450.0,410.0,1400.0,680.0,3160.0,1780.0,4240.0,410.0,3740.0,3850.0,910.0,620.0,690.0,1120.0,1380.0,1700.0,500.0,220.0,740.0,1910.0,15900.0,190.0,160.0,4170.0,220.0,90.0,1110.0,3750.0,9390.0,1520.0,3020.0,1510.0,380.0,310.0,11140.0,,120.0,220.0,1290.0,170.0,530.0,60.0,440.0,490.0,4270.0,92660.0,1040.0,9390.0,12960.0,28470.0,2190.0,12530.0,5830.0,14370.0,30420.0,51630.0,4730.0,11730.0,10.0,890.0,11760.0,3250.0,10.0,620.0,150.0,1130.0
17,Charente-Maritime,20.1,22810,17,Charente-Maritime,681666,52,37.4,14.9,82000.0,59212.0,71129.0,42322.0,1664330.0,14.0,10.0,11.0,11.0,115.0,4.0,27.0,1358410.0,1754.513588933,5425.0,9174.0,13865.0,556.0,42120.0,118484.0,31275.0,46232.0,5156.0,110132.0,20232.0,7241.0,23099.0,5168.0,700.0,34821.0,63059.0,44913.0,1887.0,60863.0,17135.0,6.1,15.7,,,,,,,,,,,,,,,,,,227600.0,185400.0,42300.0,227600.0,193500.0,34100.0,227600.0,188400.0,39200.0,227600.0,205000.0,22700.0,227600.0,204000.0,23600.0,227600.0,200300.0,27300.0,227600.0,221400.0,6200.0,227600.0,40600.0,187000.0,227600.0,191500.0,36100.0,227600.0,215100.0,12500.0,29300.0,14600.0,54300.0,158700.0,227600.0,12200.0,32600.0,182800.0,227600.0,8200.0,22900.0,196500.0,227600.0,7500.0,28600.0,191600.0,227600.0,6500.0,25100.0,196000.0,227600.0,39800.0,86100.0,72200.0,29600.0,227600.0,227600.0,181600.0,46100.0,227600.0,219300.0,8300.0,227600.0,213900.0,13800.0,227600.0,187100.0,40500.0,227600.0,205200.0,22400.0,227600.0,169800.0,57900.0,227600.0,172900.0,54700.0,227600.0,8500.0,31300.0,187800.0,227600.0,227600.0,116700.0,111000.0,32700.0,43400.0,151600.0,227600.0,227600.0,227600.0,201800.0,25800.0,10400.0,16000.0,201200.0,227600.0,11000.0,56600.0,160000.0,227600.0,540.0,2600.0,1450.0,7180.0,860.0,3930.0,4520.0,1520.0,1460.0,600.0,980.0,370.0,160.0,2100.0,3850.0,13310.0,120.0,550.0,4020.0,180.0,320.0,990.0,3180.0,7220.0,1270.0,2220.0,1960.0,1250.0,630.0,16540.0,7070.0,20.0,200.0,400.0,1900.0,630.0,1350.0,130.0,320.0,590.0,3810.0,255320.0,1430.0,21760.0,19790.0,40390.0,4690.0,29870.0,8630.0,24780.0,34690.0,60130.0,6160.0,18650.0,10.0,2630.0,8480.0,8570.0,390.0,1510.0,170.0,2210.0,610.0,4960.0,1990.0,6040.0,870.0,4780.0,4310.0,750.0,1190.0,750.0,1150.0,2450.0,2950.0,580.0,270.0,17610.0,210.0,780.0,1870.0,210.0,400.0,960.0,3510.0,15120.0,1230.0,2720.0,2650.0,1070.0,690.0,16390.0,20.0,200.0,500.0,920.0,260.0,1170.0,210.0,610.0,570.0,4210.0,237130.0,1430.0,10320.0,15030.0,28550.0,4460.0,14990.0,5220.0,13940.0,40610.0,56550.0,3640.0,9880.0,20.0,4830.0,10900.0,4510.0,1020.0,1750.0,330.0,2470.0,890.0,6050.0,2150.0,6980.0,680.0,6210.0,6470.0,1550.0,960.0,1010.0,1740.0,2120.0,2720.0,640.0,330.0,1150.0,2630.0,20620.0,250.0,290.0,5720.0,270.0,250.0,1830.0,5860.0,17580.0,2130.0,4320.0,2380.0,530.0,640.0,15190.0,,150.0,340.0,1790.0,250.0,890.0,140.0,650.0,940.0,6140.0,134390.0,1530.0,15450.0,24420.0,43860.0,3470.0,21070.0,8530.0,21310.0,54640.0,80890.0,6790.0,17030.0,10.0,1810.0,16710.0,5580.0,20.0,1030.0,110.0,1970.0
18,Cher,23.8,22100,18,Cher,295830,51.2,34.5,13.7,32554.0,23913.0,29159.0,16485.0,474200.0,5.0,3.0,6.0,17.0,19.0,0.0,0.0,395460.0,671.529044027,2044.0,3536.0,3688.0,150.0,25331.0,53285.0,14242.0,22136.0,3834.0,48460.0,8766.0,4269.0,11025.0,2114.0,244.0,18790.0,28974.0,21074.0,1620.0,27331.0,9013.0,6.6,17.1,,,,,,,,,,,,,,,,,79.0,95800.0,78300.0,17400.0,95800.0,83400.0,12400.0,95800.0,80000.0,15700.0,95800.0,86900.0,8900.0,95800.0,84300.0,11500.0,95800.0,87100.0,8600.0,95800.0,93700.0,2000.0,95800.0,18600.0,77100.0,95800.0,82300.0,13400.0,95800.0,90200.0,5500.0,,6000.0,23800.0,66000.0,95800.0,5200.0,15300.0,75300.0,95800.0,2400.0,11000.0,82300.0,95800.0,1700.0,12800.0,81300.0,95800.0,3100.0,7700.0,84900.0,95800.0,10400.0,42600.0,32200.0,10500.0,95800.0,95800.0,76600.0,19200.0,95800.0,91600.0,4200.0,95800.0,91300.0,4500.0,95800.0,80400.0,15300.0,95800.0,87200.0,8600.0,95800.0,73700.0,22100.0,95800.0,75200.0,20500.0,95800.0,2800.0,16000.0,77000.0,95800.0,95800.0,48400.0,47400.0,12800.0,22200.0,60800.0,95800.0,95800.0,95800.0,85100.0,10700.0,3200.0,7500.0,85000.0,95800.0,4100.0,28200.0,63500.0,95800.0,,,,,,,,,,,,,,,,,,,,,,,,,,,,,,,,,,,,,,,,,,,,,,,,,,,,,,,,,,,,,,,,,,,,,,,,,,,,,,,,,,,,,,,,,,,,,,,,,,,,,,,,,,,,,,,,,,,,,,,,,,,,,,,,,,,,,,,,,,,,,,,,,,,,,,,,,,,,,,,,,,,,,,,,,,,,,,,,,,,,,,,,,,
18,Cher,23.8,22100,18,Cher,295830,51.2,34.5,13.7,32554.0,23913.0,29159.0,16485.0,474200.0,5.0,3.0,6.0,17.0,19.0,0.0,0.0,395460.0,671.529044027,2044.0,3536.0,3688.0,150.0,25331.0,53285.0,14242.0,22136.0,3834.0,48460.0,8766.0,4269.0,11025.0,2114.0,244.0,18790.0,28974.0,21074.0,1620.0,27331.0,9013.0,6.6,17.1,,,,,,,,,,,,,,,,,82.0,95800.0,78300.0,17400.0,95800.0,83400.0,12400.0,95800.0,80000.0,15700.0,95800.0,86900.0,8900.0,95800.0,84300.0,11500.0,95800.0,87100.0,8600.0,95800.0,93700.0,2000.0,95800.0,18600.0,77100.0,95800.0,82300.0,13400.0,95800.0,90200.0,5500.0,,6000.0,23800.0,66000.0,95800.0,5200.0,15300.0,75300.0,95800.0,2400.0,11000.0,82300.0,95800.0,1700.0,12800.0,81300.0,95800.0,3100.0,7700.0,84900.0,95800.0,10400.0,42600.0,32200.0,10500.0,95800.0,95800.0,76600.0,19200.0,95800.0,91600.0,4200.0,95800.0,91300.0,4500.0,95800.0,80400.0,15300.0,95800.0,87200.0,8600.0,95800.0,73700.0,22100.0,95800.0,75200.0,20500.0,95800.0,2800.0,16000.0,77000.0,95800.0,95800.0,48400.0,47400.0,12800.0,22200.0,60800.0,95800.0,95800.0,95800.0,85100.0,10700.0,3200.0,7500.0,85000.0,95800.0,4100.0,28200.0,63500.0,95800.0,,,,,,,,,,,,,,,,,,,,,,,,,,,,,,,,,,,,,,,,,,,,,,,,,,,,,,,,,,,,,,,,,,,,,,,,,,,,,,,,,,,,,,,,,,,,,,,,,,,,,,,,,,,,,,,,,,,,,,,,,,,,,,,,,,,,,,,,,,,,,,,,,,,,,,,,,,,,,,,,,,,,,,,,,,,,,,,,,,,,,,,,,,
19,Corrèze,20.8,22140,19,Corrèze,239483,50.9,36.8,15,27221.0,21332.0,25019.0,14544.0,407280.0,6.0,2.0,14.0,24.0,33.0,0.0,18.0,371510.0,910.789007253,1550.0,4111.0,3341.0,140.0,19962.0,41654.0,11262.0,16384.0,3302.0,39879.0,6995.0,2625.0,9912.0,1562.0,101.0,17527.0,25392.0,18881.0,1313.0,25097.0,7883.0,7.6,19.1,,,,,,,,,,,,,,,,,80.0,81500.0,65900.0,15600.0,81500.0,70300.0,11200.0,81500.0,66800.0,14800.0,81500.0,72500.0,9000.0,81500.0,70600.0,10900.0,81500.0,71400.0,10100.0,81500.0,80000.0,1500.0,81500.0,16100.0,65500.0,81500.0,69000.0,12500.0,81500.0,75200.0,6300.0,11700.0,5600.0,19100.0,56800.0,81500.0,7000.0,12400.0,62100.0,81500.0,1100.0,9100.0,71300.0,81500.0,2500.0,9800.0,69200.0,81500.0,2100.0,11600.0,67700.0,81500.0,8000.0,31300.0,30600.0,11600.0,81500.0,81500.0,63700.0,17800.0,81500.0,78200.0,3300.0,81500.0,77500.0,4000.0,81500.0,66600.0,14900.0,81500.0,72200.0,9400.0,81500.0,59600.0,21900.0,81500.0,60900.0,20700.0,81500.0,3800.0,12100.0,65600.0,81500.0,81500.0,42700.0,38800.0,10300.0,20600.0,50600.0,81500.0,81500.0,81500.0,70700.0,10800.0,4500.0,7800.0,69100.0,81500.0,4700.0,22800.0,54000.0,81500.0,,,,,,,,,,,,,,,,,,,,,,,,,,,,,,,,,,,,,,,,,,,,,,,,,,,,,,,,,,,,,,,,,,,,,,,,,,,,,,,,,,,,,,,,,,,,,,,,,,,,,,,,,,,,,,,,,,,,,,,,,,,,,,,,,,,,,,,,,,,,,,,,,,,,,,,,,,,,,,,,,,,,,,,,,,,,,,,,,,,,,,,,,,
21,Côte-d'Or,21.3,23720,21,Côte-d'Or,538799,51.4,29,11.4,50358.0,36332.0,44411.0,25026.0,638110.0,15.0,4.0,11.0,29.0,79.0,2.0,0.0,549890.0,2205.069693387,12088.0,12781.0,5408.0,254.0,35501.0,60789.0,21659.0,30187.0,6556.0,69245.0,14106.0,7212.0,15498.0,7854.0,146.0,26826.0,31309.0,28168.0,3015.0,37349.0,13198.0,7,18.3,,,,,,,,,,,,,,,,,,142100.0,117700.0,24400.0,142100.0,122600.0,19400.0,142100.0,118200.0,23800.0,142100.0,127400.0,14700.0,142100.0,127900.0,14200.0,142100.0,127000.0,15100.0,142100.0,138800.0,3300.0,142100.0,23900.0,118100.0,142100.0,120900.0,21200.0,142100.0,133400.0,8600.0,25500.0,9000.0,37600.0,95400.0,142100.0,6900.0,21100.0,114100.0,142100.0,3000.0,17900.0,121200.0,142100.0,4200.0,17500.0,120400.0,142100.0,5200.0,15800.0,121100.0,142100.0,20200.0,62000.0,44900.0,15000.0,142100.0,142100.0,117800.0,24200.0,142100.0,135600.0,6400.0,142100.0,134900.0,7200.0,142100.0,122000.0,20100.0,142100.0,129200.0,12900.0,142100.0,110100.0,32000.0,142100.0,113200.0,28900.0,142100.0,4300.0,19200.0,118500.0,142100.0,142100.0,74100.0,68000.0,16000.0,31800.0,94300.0,142100.0,142100.0,142100.0,127100.0,14900.0,5800.0,12800.0,123500.0,142100.0,6100.0,36300.0,99600.0,142100.0,,,,,,,,,,,,,,,,,,,,,,,,,,,,,,,,,,,,,,,,,,,,,,,,,,,,,,,,,,,,,,,,,,,,,,,,,,,,,,,,,,,,,,,,,,,,,,,,,,,,,,,,,,,,,,,,,,,,,,,,,,,,,,,,,,,,,,,,,,,,,,,,,,,,,,,,,,,,,,,,,,,,,,,,,,,,,,,,,,,,,,,,,,
22,Côtes-d'Armor,18.6,22670,22,Côtes-d'Armor,615301,51.5,35.2,13.6,69610.0,50037.0,62939.0,33895.0,1814800.0,11.0,5.0,14.0,37.0,136.0,0.0,4.0,1488740.0,1122.541719383,2411.0,6657.0,9293.0,304.0,47603.0,106766.0,27400.0,40369.0,4259.0,100326.0,17073.0,5627.0,22760.0,3079.0,477.0,34410.0,58337.0,43360.0,1078.0,56476.0,14479.0,7.5,19.7,,,,,,,,,,,,,,,,,,196200.0,166000.0,30200.0,196200.0,173500.0,22700.0,196200.0,162600.0,33700.0,196200.0,176900.0,19300.0,196200.0,177600.0,18600.0,196200.0,176300.0,19900.0,196200.0,193300.0,2900.0,196200.0,31600.0,164700.0,196200.0,166800.0,29400.0,196200.0,184000.0,12200.0,25600.0,10300.0,52800.0,133100.0,196200.0,10100.0,25600.0,160500.0,196200.0,4600.0,19600.0,172000.0,196200.0,4200.0,17000.0,175000.0,196200.0,5400.0,17700.0,173200.0,196200.0,33800.0,84100.0,55400.0,23000.0,196200.0,196200.0,159000.0,37300.0,196200.0,184600.0,11700.0,196200.0,188200.0,8000.0,196200.0,167300.0,28900.0,196200.0,178800.0,17400.0,196200.0,151900.0,44300.0,196200.0,155200.0,41100.0,196200.0,7600.0,23600.0,165000.0,196200.0,196200.0,103300.0,92900.0,23400.0,41200.0,131600.0,196200.0,196200.0,196200.0,173200.0,23000.0,10200.0,10800.0,175200.0,196200.0,8500.0,48700.0,139000.0,196200.0,,,,,,,,,,,,,,,,,,,,,,,,,,,,,,,,,,,,,,,,,,,,,,,,,,,,,,,,,,,,,,,,,,,,,,,,,,,,,,,,,,,,,,,,,,,,,,,,,,,,,,,,,,,,,,,,,,,,,,,,,,,,,,,,,,,,,,,,,,,,,,,,,,,,,,,,,,,,,,,,,,,,,,,,,,,,,,,,,,,,,,,,,,
23,Creuse,25.3,20620,23,Creuse,114103,51.1,40.7,16.1,14365.0,10852.0,13660.0,7510.0,131870.0,5.0,1.0,1.0,10.0,21.0,0.0,22.0,121460.0,846.523190992,341.0,1484.0,1811.0,98.0,11110.0,23938.0,6562.0,9849.0,1729.0,22280.0,3676.0,1733.0,5340.0,254.0,51.0,10132.0,15036.0,11117.0,443.0,14144.0,4354.0,10.2,26.1,,,,,,,,,,,,,,,,,75.0,43900.0,33700.0,10200.0,43900.0,36200.0,7700.0,43900.0,34400.0,9400.0,43900.0,37300.0,6600.0,43900.0,39100.0,4800.0,43900.0,38800.0,5100.0,43900.0,42600.0,1300.0,43900.0,7400.0,36400.0,43900.0,35400.0,8500.0,43900.0,40300.0,3600.0,,4000.0,11600.0,28300.0,43900.0,4300.0,7700.0,32000.0,43900.0,1900.0,6700.0,35300.0,43900.0,2100.0,6800.0,35000.0,43900.0,2100.0,6200.0,35600.0,43900.0,5600.0,16500.0,15600.0,6200.0,43900.0,43900.0,33400.0,10500.0,43900.0,41900.0,2000.0,43900.0,40200.0,3700.0,43900.0,34800.0,9100.0,43900.0,38100.0,5800.0,43900.0,30600.0,13300.0,43900.0,31200.0,12700.0,43900.0,2200.0,7500.0,34100.0,43900.0,43900.0,22600.0,21300.0,7300.0,10300.0,26300.0,43900.0,43900.0,43900.0,37800.0,6100.0,2800.0,4900.0,36100.0,43900.0,2500.0,15600.0,25800.0,43900.0,,,,,,,,,,,,,,,,,,,,,,,,,,,,,,,,,,,,,,,,,,,,,,,,,,,,,,,,,,,,,,,,,,,,,,,,,,,,,,,,,,,,,,,,,,,,,,,,,,,,,,,,,,,,,,,,,,,,,,,,,,,,,,,,,,,,,,,,,,,,,,,,,,,,,,,,,,,,,,,,,,,,,,,,,,,,,,,,,,,,,,,,,,
24,Dordogne,24.6,21410,24,Dordogne,417714,51.7,39.2,15.2,52127.0,36972.0,48065.0,26501.0,735790.0,13.0,4.0,3.0,21.0,74.0,3.0,12.0,652000.0,1543.930774675,1127.0,5044.0,7991.0,353.0,31313.0,81562.0,19638.0,33110.0,7749.0,74079.0,12056.0,4273.0,15457.0,1783.0,250.0,27626.0,47137.0,33656.0,2784.0,43620.0,11749.0,8.1,21.2,,,,,,,,,,,,,,,,,85.0,149900.0,121600.0,28300.0,149900.0,127200.0,22600.0,149900.0,121800.0,28100.0,149900.0,132600.0,17300.0,149900.0,133200.0,16600.0,149900.0,129600.0,20300.0,149900.0,146600.0,3300.0,149900.0,30200.0,119700.0,149900.0,124800.0,25100.0,149900.0,140300.0,9600.0,20100.0,9300.0,36400.0,104200.0,149900.0,8600.0,24900.0,116400.0,149900.0,3600.0,17400.0,128800.0,149900.0,4400.0,18600.0,126900.0,149900.0,5500.0,14400.0,130000.0,149900.0,22400.0,59700.0,50700.0,17000.0,149900.0,149900.0,122300.0,27600.0,149900.0,140600.0,9300.0,149900.0,141600.0,8200.0,149900.0,123400.0,26400.0,149900.0,134600.0,15200.0,149900.0,112500.0,37300.0,149900.0,114100.0,35800.0,149900.0,6100.0,20400.0,123300.0,149900.0,149900.0,77500.0,72400.0,20100.0,31400.0,98400.0,149900.0,149900.0,149900.0,134200.0,15600.0,4600.0,9200.0,136100.0,149900.0,7500.0,37200.0,105200.0,149900.0,,,,,,,,,,,,,,,,,,,,,,,,,,,,,,,,,,,,,,,,,,,,,,,,,,,,,,,,,,,,,,,,,,,,,,,,,,,,,,,,,,,,,,,,,,,,,,,,,,,,,,,,,,,,,,,,,,,,,,,,,,,,,,,,,,,,,,,,,,,,,,,,,,,,,,,,,,,,,,,,,,,,,,,,,,,,,,,,,,,,,,,,,,
25,Doubs,20.7,23890,25,Doubs,550846,51,27,10.5,48330.0,33688.0,42571.0,24174.0,1058400.0,9.0,2.0,31.0,20.0,54.0,4.0,10.0,820770.0,1963.596148947,9627.0,15613.0,5167.0,302.0,36707.0,57078.0,20205.0,31604.0,8456.0,64788.0,12908.0,6627.0,15053.0,6167.0,590.0,28104.0,30387.0,28866.0,3323.0,35648.0,12838.0,6.9,18.1,,,,,,,,,,,,,,,,,77.0,136400.0,109100.0,27300.0,136400.0,114900.0,21500.0,136400.0,112000.0,24400.0,136400.0,119000.0,17400.0,136400.0,120700.0,15700.0,136400.0,120000.0,16400.0,136400.0,132800.0,3600.0,136400.0,25600.0,110800.0,136400.0,115500.0,20900.0,136400.0,126800.0,9600.0,29800.0,7600.0,34200.0,94600.0,136400.0,8200.0,19800.0,108400.0,136400.0,4700.0,16700.0,115000.0,136400.0,4400.0,17300.0,114700.0,136400.0,5400.0,17400.0,113600.0,136400.0,20900.0,53400.0,44500.0,17600.0,136400.0,136400.0,109300.0,27100.0,136400.0,129800.0,6600.0,136400.0,128200.0,8200.0,136400.0,113600.0,22700.0,136400.0,124500.0,11800.0,136400.0,105900.0,30500.0,136400.0,106600.0,29800.0,136400.0,5800.0,18300.0,112300.0,136400.0,136400.0,69500.0,66900.0,18000.0,29000.0,89400.0,136400.0,136400.0,136400.0,118600.0,17800.0,7800.0,12500.0,116100.0,136400.0,7100.0,33800.0,95500.0,136400.0,,,,,,,,,,,,,,,,,,,,,,,,,,,,,,,,,,,,,,,,,,,,,,,,,,,,,,,,,,,,,,,,,,,,,,,,,,,,,,,,,,,,,,,,,,,,,,,,,,,,,,,,,,,,,,,,,,,,,,,,,,,,,,,,,,,,,,,,,,,,,,,,,,,,,,,,,,,,,,,,,,,,,,,,,,,,,,,,,,,,,,,,,,
26,Drôme,19.9,22450,26,Drôme,524409,51.4,30.3,11.7,51279.0,36383.0,46511.0,24980.0,1069890.0,13.0,6.0,18.0,29.0,68.0,13.0,2.0,953140.0,1072.09048287,6448.0,12782.0,7482.0,396.0,32063.0,67688.0,21311.0,32094.0,7657.0,68963.0,13633.0,5639.0,14684.0,5962.0,396.0,23924.0,32485.0,28987.0,3249.0,36364.0,11756.0,8.7,22.8,,,,,,,,,,,,,,,,,81.0,144800.0,120200.0,24500.0,144800.0,124900.0,19900.0,144800.0,119700.0,25100.0,144800.0,129400.0,15300.0,144800.0,126500.0,18300.0,144800.0,127200.0,17500.0,144800.0,141100.0,3600.0,144800.0,29200.0,115600.0,144800.0,124300.0,20500.0,144800.0,133000.0,11700.0,26900.0,9500.0,38800.0,96500.0,144800.0,7600.0,20300.0,116900.0,144800.0,2900.0,17100.0,124800.0,144800.0,3000.0,16700.0,125100.0,144800.0,3700.0,16900.0,124100.0,144800.0,26800.0,53400.0,46000.0,18500.0,144800.0,144800.0,117800.0,27000.0,144800.0,138900.0,5800.0,144800.0,138500.0,6300.0,144800.0,121800.0,22900.0,144800.0,130100.0,14600.0,144800.0,108900.0,35900.0,144800.0,111700.0,33000.0,144800.0,4600.0,18600.0,121500.0,144800.0,144800.0,75500.0,69200.0,17900.0,26900.0,100000.0,144800.0,144800.0,144800.0,127600.0,17100.0,4400.0,10300.0,130100.0,144800.0,7100.0,38700.0,99000.0,144800.0,,,,,,,,,,,,,,,,,,,,,,,,,,,,,,,,,,,,,,,,,,,,,,,,,,,,,,,,,,,,,,,,,,,,,,,,,,,,,,,,,,,,,,,,,,,,,,,,,,,,,,,,,,,,,,,,,,,,,,,,,,,,,,,,,,,,,,,,,,,,,,,,,,,,,,,,,,,,,,,,,,,,,,,,,,,,,,,,,,,,,,,,,,
27,Eure,19.3,22880,27,Eure,601942,51.1,28.1,10,57541.0,35841.0,51557.0,24302.0,1067380.0,9.0,8.0,19.0,17.0,78.0,0.0,1.0,877830.0,1711.671905175,2952.0,8267.0,6460.0,474.0,40183.0,83922.0,20725.0,41049.0,5205.0,76764.0,13296.0,6406.0,15073.0,3053.0,469.0,23704.0,37520.0,30463.0,1682.0,35715.0,11916.0,5.8,16.7,,,,,,,,,,,,,,,,,82.0,153200.0,128700.0,24500.0,153200.0,132800.0,20300.0,153200.0,128600.0,24500.0,153200.0,141400.0,11700.0,153200.0,135700.0,17500.0,153200.0,137500.0,15600.0,153200.0,149500.0,3600.0,153200.0,27500.0,125700.0,153200.0,132300.0,20900.0,153200.0,145600.0,7600.0,27700.0,9700.0,32300.0,111200.0,153200.0,8500.0,26300.0,118400.0,153200.0,4000.0,14000.0,135100.0,153200.0,3800.0,17700.0,131700.0,153200.0,4200.0,16100.0,132900.0,153200.0,26800.0,66800.0,41700.0,17900.0,153200.0,153200.0,129000.0,24200.0,153200.0,148000.0,5200.0,153200.0,146600.0,6600.0,153200.0,129500.0,23600.0,153200.0,140300.0,12900.0,153200.0,119900.0,33300.0,153200.0,121300.0,31900.0,153200.0,4200.0,18100.0,130900.0,153200.0,153200.0,80400.0,72700.0,19800.0,34300.0,99100.0,153200.0,153200.0,153200.0,136300.0,16900.0,5800.0,11200.0,136100.0,153200.0,5000.0,39700.0,108400.0,153200.0,,,,,,,,,,,,,,,,,,,,,,,,,,,,,,,,,,,,,,,,,,,,,,,,,,,,,,,,,,,,,,,,,,,,,,,,,,,,,,,,,,,,,,,,,,,,,,,,,,,,,,,,,,,,,,,,,,,,,,,,,,,,,,,,,,,,,,,,,,,,,,,,,,,,,,,,,,,,,,,,,,,,,,,,,,,,,,,,,,,,,,,,,,
28,Eure-et-Loir,18.0,23360,28,Eure-et-Loir,433148,51.1,28.6,10.7,40913.0,27198.0,36806.0,18975.0,889610.0,8.0,5.0,11.0,11.0,21.0,1.0,3.0,742640.0,1000.46381154,3677.0,6677.0,4500.0,227.0,29701.0,59052.0,15410.0,28555.0,5769.0,55849.0,9765.0,5164.0,11810.0,3218.0,200.0,20256.0,30522.0,25092.0,1659.0,30223.0,9963.0,6.6,18,,,,,,,,,,,,,,,,,,,,,,,,,,,,,,,,,,,,,,,,,,,,,,,,,,,,,,,,,,,,,,,,,,,,,,,,,,,,,,,,,,,,,,,,,,,,,,,,,,,,,,,,,,,,,,,,,,,,,,,,,,,,,,,,,,,,,,,,,,,,,,,,,,,,,,,,,,,,,,,,,,,,,,,,,,,,,,,,,,,,,,,,,,,,,,,,,,,,,,,,,,,,,,,,,,,,,,,,,,,,,,,,,,,,,,,,,,,,,,,,,,,,,,,,,,,,,,,,,,,,,,,,,,,,,,,,,,,,,,,,,,,,,,,,,,,,,,,,,,,,,,,,
29,Finistère,19.3,23220,29,Finistère,936238,51.2,32.6,12.4,98383.0,70813.0,90780.0,45006.0,2796310.0,23.0,13.0,36.0,29.0,201.0,1.0,2.0,2216680.0,1025.958663255,6753.0,14233.0,10886.0,338.0,70103.0,138350.0,41542.0,46540.0,4297.0,138451.0,26430.0,9091.0,32301.0,5450.0,367.0,53541.0,75008.0,54594.0,1162.0,77143.0,20313.0,7.4,19.9,,,,,,,,,,,,,,,,,79.0,278900.0,226600.0,52300.0,278900.0,239300.0,39600.0,278900.0,223100.0,55800.0,278900.0,244900.0,34000.0,278900.0,244000.0,34900.0,278900.0,246600.0,32300.0,278900.0,273800.0,5100.0,278900.0,54200.0,224800.0,278900.0,227900.0,51000.0,278900.0,259600.0,19400.0,47700.0,16300.0,65400.0,197200.0,278900.0,20200.0,37000.0,221800.0,278900.0,11500.0,33100.0,234300.0,278900.0,9800.0,27700.0,241400.0,278900.0,13900.0,28000.0,237000.0,278900.0,43500.0,113800.0,94100.0,27400.0,278900.0,278900.0,224800.0,54100.0,278900.0,266400.0,12500.0,278900.0,259600.0,19400.0,278900.0,233500.0,45400.0,278900.0,253000.0,25900.0,278900.0,211000.0,67800.0,278900.0,215700.0,63200.0,278900.0,12400.0,37400.0,229100.0,278900.0,278900.0,144600.0,134300.0,34900.0,53600.0,190400.0,278900.0,278900.0,278900.0,247200.0,31700.0,15700.0,19400.0,243800.0,278900.0,12600.0,70300.0,196000.0,278900.0,,,,,,,,,,,,,,,,,,,,,,,,,,,,,,,,,,,,,,,,,,,,,,,,,,,,,,,,,,,,,,,,,,,,,,,,,,,,,,,,,,,,,,,,,,,,,,,,,,,,,,,,,,,,,,,,,,,,,,,,,,,,,,,,,,,,,,,,,,,,,,,,,,,,,,,,,,,,,,,,,,,,,,,,,,,,,,,,,,,,,,,,,,
2A,Corse-du-Sud,17.7,23420,2A,Corse-du-Sud,172719,51.9,31.6,12.4,,,,,255720.0,5.0,0.0,2.0,6.0,4.0,0.0,0.0,218140.0,369.377,6780.0,5924.0,2644.0,100.0,7835.0,14745.0,5770.0,10616.0,2407.0,20184.0,3399.0,2241.0,3862.0,4584.0,52.0,7150.0,8177.0,8764.0,921.0,12743.0,4435.0,n.d.,n.d.,,,,,,,,,,,,,,,,,,48800.0,36000.0,12800.0,48800.0,38700.0,10100.0,48800.0,41400.0,7400.0,48800.0,41700.0,7200.0,48800.0,42700.0,6100.0,48800.0,42300.0,6500.0,48800.0,47900.0,900.0,48800.0,9900.0,38900.0,48800.0,42700.0,6100.0,48800.0,45300.0,3500.0,,4600.0,10400.0,33900.0,48800.0,4500.0,8500.0,35800.0,48800.0,1400.0,7200.0,40300.0,48800.0,2100.0,9600.0,37100.0,48800.0,2700.0,7200.0,38900.0,48800.0,6200.0,17400.0,15800.0,9400.0,48800.0,48800.0,35800.0,13000.0,48800.0,47200.0,1600.0,48800.0,45000.0,3800.0,48800.0,37900.0,10900.0,48800.0,41000.0,7800.0,48800.0,32800.0,16100.0,48800.0,33400.0,15400.0,48800.0,4400.0,5900.0,38500.0,48800.0,48800.0,22200.0,26600.0,9300.0,11300.0,28300.0,48800.0,48800.0,48800.0,40700.0,8100.0,3700.0,5400.0,39700.0,48800.0,4100.0,16300.0,28400.0,48800.0,,,,,,,,,,,,,,,,,,,,,,,,,,,,,,,,,,,,,,,,,,,,,,,,,,,,,,,,,,,,,,,,,,,,,,,,,,,,,,,,,,,,,,,,,,,,,,,,,,,,,,,,,,,,,,,,,,,,,,,,,,,,,,,,,,,,,,,,,,,,,,,,,,,,,,,,,,,,,,,,,,,,,,,,,,,,,,,,,,,,,,,,,,
2B,Haute-Corse,27.4,21460,2B,Haute-Corse,187443,51.3,32.4,12.7,,,,,343990.0,6.0,4.0,5.0,3.0,3.0,0.0,0.0,320090.0,437.326,4198.0,8179.0,3309.0,183.0,9474.0,18902.0,7210.0,13237.0,2599.0,22458.0,4236.0,3058.0,4803.0,2944.0,84.0,8400.0,10458.0,10993.0,932.0,13886.0,5499.0,n.d.,n.d.,,,,,,,,,,,,,,,,,83.0,53700.0,40000.0,13600.0,53700.0,42500.0,11200.0,53700.0,43900.0,9800.0,53700.0,46200.0,7500.0,53700.0,45500.0,8200.0,53700.0,47300.0,6400.0,53700.0,52900.0,800.0,53700.0,12700.0,41000.0,53700.0,45300.0,8400.0,53700.0,49800.0,3900.0,,3800.0,12600.0,37400.0,53700.0,4700.0,9300.0,39800.0,53700.0,1400.0,6400.0,45800.0,53700.0,1500.0,7700.0,44500.0,53700.0,1700.0,6000.0,46000.0,53700.0,8100.0,17000.0,19600.0,8900.0,53700.0,53700.0,41600.0,12100.0,53700.0,50800.0,2900.0,53700.0,50900.0,2800.0,53700.0,42800.0,10900.0,53700.0,48000.0,5800.0,53700.0,37800.0,15900.0,53700.0,39500.0,14200.0,53700.0,3300.0,8800.0,41700.0,53700.0,53700.0,23800.0,29900.0,8100.0,14300.0,31300.0,53700.0,53700.0,53700.0,46100.0,7600.0,3000.0,7700.0,43100.0,53700.0,3200.0,17200.0,33300.0,53700.0,,,,,,,,,,,,,,,,,,,,,,,,,,,,,,,,,,,,,,,,,,,,,,,,,,,,,,,,,,,,,,,,,,,,,,,,,,,,,,,,,,,,,,,,,,,,,,,,,,,,,,,,,,,,,,,,,,,,,,,,,,,,,,,,,,,,,,,,,,,,,,,,,,,,,,,,,,,,,,,,,,,,,,,,,,,,,,,,,,,,,,,,,,
30,Gard,28.9,21330,30,Gard,775994,51.6,32.3,12.3,81414.0,56155.0,73427.0,39518.0,1723180.0,14.0,5.0,29.0,26.0,49.0,19.0,23.0,1483770.0,1188.274,7738.0,21580.0,12479.0,613.0,43048.0,104564.0,32559.0,50526.0,14042.0,103536.0,20703.0,10173.0,21439.0,6428.0,416.0,34291.0,51087.0,42842.0,6267.0,53387.0,19683.0,7.2,19.3,,,,,,,,,,,,,,,,,82.0,224000.0,177100.0,47000.0,224000.0,184500.0,39500.0,224000.0,181300.0,42700.0,224000.0,198700.0,25400.0,224000.0,194600.0,29500.0,224000.0,194800.0,29200.0,224000.0,217000.0,7100.0,224000.0,47700.0,176300.0,224000.0,186800.0,37200.0,224000.0,206300.0,17700.0,35600.0,17800.0,55800.0,150500.0,224000.0,12100.0,35700.0,176200.0,224000.0,4800.0,25600.0,193600.0,224000.0,8200.0,31900.0,183900.0,224000.0,8400.0,28900.0,186700.0,224000.0,35800.0,86000.0,73900.0,28300.0,224000.0,224000.0,172400.0,51700.0,224000.0,215400.0,8600.0,224000.0,210900.0,13100.0,224000.0,183900.0,40100.0,224000.0,198600.0,25400.0,224000.0,163200.0,60900.0,224000.0,167000.0,57100.0,224000.0,11100.0,31000.0,182000.0,224000.0,224000.0,111800.0,112200.0,34800.0,51400.0,137900.0,224000.0,224000.0,224000.0,194300.0,29700.0,14900.0,21200.0,187900.0,224000.0,12200.0,60300.0,151600.0,224000.0,,,,,,,,,,,,,,,,,,,,,,,,,,,,,,,,,,,,,,,,,,,,,,,,,,,,,,,,,,,,,,,,,,,,,,,,,,,,,,,,,,,,,,,,,,,,,,,,,,,,,,,,,,,,,,,,,,,,,,,,,,,,,,,,,,,,,,,,,,,,,,,,,,,,,,,,,,,,,,,,,,,,,,,,,,,,,,,,,,,,,,,,,,
31,Haute-Garonne,26.1,24230,31,Haute-Garonne,1506391,51.1,23.3,8.8,114849.0,79481.0,102828.0,53482.0,2766740.0,23.0,9.0,32.0,36.0,111.0,0.0,1.0,1917740.0,2237.008392598,19867.0,25564.0,13142.0,661.0,67641.0,132577.0,44005.0,52878.0,16955.0,141068.0,28754.0,14561.0,28769.0,12678.0,355.0,52906.0,68478.0,52785.0,10410.0,75161.0,25741.0,8.8,23.6,,,,,,,,,,,,,,,,,82.0,303700.0,236400.0,67200.0,303700.0,250800.0,52900.0,303700.0,241900.0,61800.0,303700.0,262200.0,41500.0,303700.0,267700.0,36000.0,303700.0,263400.0,40300.0,303700.0,295900.0,7800.0,303700.0,59400.0,244400.0,303700.0,250900.0,52800.0,303700.0,275800.0,27900.0,77600.0,22200.0,73100.0,208300.0,303700.0,22900.0,45700.0,235100.0,303700.0,11500.0,33000.0,259200.0,303700.0,13600.0,40200.0,249800.0,303700.0,12400.0,33600.0,257800.0,303700.0,42800.0,120800.0,97300.0,42800.0,303700.0,303700.0,234000.0,69700.0,303700.0,290200.0,13500.0,303700.0,282500.0,21200.0,303700.0,246700.0,57000.0,303700.0,270800.0,32900.0,303700.0,223800.0,79900.0,303700.0,228700.0,75000.0,303700.0,15800.0,41000.0,246800.0,303700.0,303700.0,148200.0,155500.0,45200.0,60400.0,198100.0,303700.0,303700.0,303700.0,258400.0,45400.0,21400.0,23400.0,258900.0,303700.0,16000.0,82300.0,205400.0,303700.0,,,,,,,,,,,,,,,,,,,,,,,,,,,,,,,,,,,,,,,,,,,,,,,,,,,,,,,,,,,,,,,,,,,,,,,,,,,,,,,,,,,,,,,,,,,,,,,,,,,,,,,,,,,,,,,,,,,,,,,,,,,,,,,,,,,,,,,,,,,,,,,,,,,,,,,,,,,,,,,,,,,,,,,,,,,,,,,,,,,,,,,,,,
32,Gers,23.5,22110,32,Gers,193053,51.2,37.4,14.8,22277.0,16374.0,21297.0,12164.0,264790.0,8.0,3.0,2.0,14.0,50.0,0.0,1.0,234100.0,1707.412175655,233.0,2719.0,3148.0,189.0,15464.0,35094.0,8683.0,13940.0,3339.0,31960.0,5092.0,1599.0,6233.0,199.0,105.0,14250.0,21763.0,15894.0,2056.0,19915.0,4509.0,8.1,20.8,,,,,,,,,,,,,,,,,81.0,66100.0,54200.0,11900.0,66100.0,55500.0,10600.0,66100.0,53800.0,12300.0,66100.0,59300.0,6800.0,66100.0,59300.0,6700.0,66100.0,59800.0,6300.0,66100.0,64200.0,1800.0,66100.0,11400.0,54700.0,66100.0,56000.0,10000.0,66100.0,60500.0,5600.0,8600.0,4600.0,16900.0,44600.0,66100.0,3900.0,9200.0,52900.0,66100.0,1000.0,8000.0,57000.0,66100.0,1900.0,6900.0,57300.0,66100.0,1900.0,5800.0,58400.0,66100.0,11300.0,25200.0,23500.0,6000.0,66100.0,66100.0,53400.0,12600.0,66100.0,63500.0,2600.0,66100.0,63100.0,3000.0,66100.0,56800.0,9300.0,66100.0,59900.0,6200.0,66100.0,51700.0,14400.0,66100.0,53300.0,12800.0,66100.0,2700.0,8600.0,54700.0,66100.0,66100.0,33200.0,32900.0,7400.0,15100.0,43600.0,66100.0,66100.0,66100.0,58100.0,8000.0,4200.0,3400.0,58500.0,66100.0,2700.0,18500.0,44900.0,66100.0,,,,,,,,,,,,,,,,,,,,,,,,,,,,,,,,,,,,,,,,,,,,,,,,,,,,,,,,,,,,,,,,,,,,,,,,,,,,,,,,,,,,,,,,,,,,,,,,,,,,,,,,,,,,,,,,,,,,,,,,,,,,,,,,,,,,,,,,,,,,,,,,,,,,,,,,,,,,,,,,,,,,,,,,,,,,,,,,,,,,,,,,,,
33,Gironde,22.2,23950,33,Gironde,1718654,52,26.3,10.1,149655.0,104515.0,127495.0,69901.0,3201420.0,32.0,15.0,23.0,27.0,198.0,65.0,1.0,2325660.0,2169.258245198,20102.0,23584.0,20122.0,1018.0,88726.0,196338.0,58648.0,74782.0,16246.0,188791.0,38867.0,17580.0,41002.0,15437.0,694.0,66063.0,98554.0,69709.0,7031.0,98128.0,33079.0,8,21.2,,,,,,,,,,,,,,,,,82.0,405600.0,315300.0,90400.0,405600.0,328400.0,77300.0,405600.0,326000.0,79600.0,405600.0,352500.0,53100.0,405600.0,365400.0,40300.0,405600.0,361500.0,44100.0,405600.0,395200.0,10400.0,405600.0,69600.0,336100.0,405600.0,335700.0,69900.0,405600.0,373000.0,32700.0,78800.0,27700.0,96400.0,281500.0,405600.0,29600.0,56900.0,319100.0,405600.0,10900.0,44900.0,349900.0,405600.0,12800.0,53200.0,339600.0,405600.0,17300.0,49000.0,339300.0,405600.0,68000.0,160700.0,123300.0,53600.0,405600.0,405600.0,316200.0,89500.0,405600.0,388300.0,17400.0,405600.0,378200.0,27400.0,405600.0,323400.0,82200.0,405600.0,359800.0,45800.0,405600.0,291000.0,114600.0,405600.0,298400.0,107200.0,405600.0,19100.0,61500.0,325000.0,405600.0,405600.0,207300.0,198300.0,65300.0,87800.0,252500.0,405600.0,405600.0,405600.0,352700.0,52900.0,25700.0,25200.0,354700.0,405600.0,24200.0,98200.0,283200.0,405600.0,,,,,,,,,,,,,,,,,,,,,,,,,,,,,,,,,,,,,,,,,,,,,,,,,,,,,,,,,,,,,,,,,,,,,,,,,,,,,,,,,,,,,,,,,,,,,,,,,,,,,,,,,,,,,,,,,,,,,,,,,,,,,,,,,,,,,,,,,,,,,,,,,,,,,,,,,,,,,,,,,,,,,,,,,,,,,,,,,,,,,,,,,,
34,Hérault,31.5,21800,34,Hérault,1252904,52.3,29.3,11.8,118684.0,87098.0,100818.0,60866.0,2494360.0,29.0,17.0,25.0,39.0,66.0,0.0,5.0,2096680.0,1264.964239209,21526.0,34435.0,20244.0,724.0,50013.0,135078.0,49078.0,64403.0,20357.0,146646.0,31951.0,16262.0,30800.0,14165.0,334.0,44035.0,68791.0,57869.0,9709.0,79070.0,29123.0,9.3,23.5,,,,,,,,,,,,,,,,,84.0,324300.0,260000.0,64400.0,324300.0,270000.0,54300.0,324300.0,268000.0,56300.0,324300.0,287900.0,36400.0,324300.0,285100.0,39200.0,324300.0,282900.0,41400.0,324300.0,315400.0,9000.0,324300.0,64900.0,259400.0,324300.0,274100.0,50200.0,324300.0,299000.0,25300.0,53500.0,23800.0,72000.0,228600.0,324300.0,18400.0,45700.0,260200.0,324300.0,8900.0,29400.0,286100.0,324300.0,10600.0,34500.0,279200.0,324300.0,10500.0,31300.0,282500.0,324300.0,55900.0,131600.0,96300.0,40500.0,324300.0,324300.0,255200.0,69100.0,324300.0,314000.0,10300.0,324300.0,307200.0,17100.0,324300.0,272800.0,51600.0,324300.0,283800.0,40500.0,324300.0,241300.0,83000.0,324300.0,245100.0,79200.0,324300.0,14400.0,37300.0,272600.0,324300.0,324300.0,170700.0,153600.0,42300.0,60700.0,221300.0,324300.0,324300.0,324300.0,277100.0,47200.0,18600.0,23700.0,282000.0,324300.0,23100.0,97700.0,203500.0,324300.0,,,,,,,,,,,,,,,,,,,,,,,,,,,,,,,,,,,,,,,,,,,,,,,,,,,,,,,,,,,,,,,,,,,,,,,,,,,,,,,,,,,,,,,,,,,,,,,,,,,,,,,,,,,,,,,,,,,,,,,,,,,,,,,,,,,,,,,,,,,,,,,,,,,,,,,,,,,,,,,,,,,,,,,,,,,,,,,,,,,,,,,,,,
35,Ille-et-Vilaine,20.2,23690,35,Ille-et-Vilaine,1134891,51.1,24.9,9.6,91982.0,64985.0,82597.0,43516.0,2851990.0,22.0,8.0,24.0,25.0,324.0,1.0,0.0,1802560.0,1173.158040714,13657.0,16395.0,10589.0,339.0,61616.0,114884.0,34098.0,53441.0,4461.0,119451.0,22300.0,9167.0,26929.0,9997.0,1029.0,40625.0,58965.0,53176.0,1150.0,63619.0,21031.0,8,21.4,,,,,,,,,,,,,,,,,,250500.0,208400.0,42000.0,250500.0,219500.0,31000.0,250500.0,202900.0,47600.0,250500.0,222600.0,27900.0,250500.0,225500.0,25000.0,250500.0,220300.0,30200.0,250500.0,247600.0,2900.0,250500.0,46800.0,203700.0,250500.0,208900.0,41600.0,250500.0,232400.0,18100.0,66600.0,14000.0,60700.0,175800.0,250500.0,16800.0,30800.0,202900.0,250500.0,7600.0,25400.0,217400.0,250500.0,6800.0,25800.0,217900.0,250500.0,6900.0,26300.0,217300.0,250500.0,37100.0,113400.0,76000.0,24000.0,250500.0,250500.0,201200.0,49200.0,250500.0,239400.0,11000.0,250500.0,238300.0,12200.0,250500.0,214100.0,36400.0,250500.0,227200.0,23300.0,250500.0,194000.0,56500.0,250500.0,199000.0,51600.0,250500.0,10700.0,25100.0,214700.0,250500.0,250500.0,135900.0,114600.0,29500.0,45100.0,175900.0,250500.0,250500.0,250500.0,223100.0,27400.0,10800.0,16000.0,223700.0,250500.0,11700.0,61400.0,177300.0,250500.0,,,,,,,,,,,,,,,,,,,,,,,,,,,,,,,,,,,,,,,,,,,,,,,,,,,,,,,,,,,,,,,,,,,,,,,,,,,,,,,,,,,,,,,,,,,,,,,,,,,,,,,,,,,,,,,,,,,,,,,,,,,,,,,,,,,,,,,,,,,,,,,,,,,,,,,,,,,,,,,,,,,,,,,,,,,,,,,,,,,,,,,,,,
36,Indre,24.8,21270,36,Indre,213358,51.6,37.5,15.2,24752.0,19151.0,22911.0,13211.0,346520.0,5.0,5.0,5.0,15.0,12.0,0.0,1.0,319810.0,676.346098991,1457.0,2350.0,2913.0,125.0,19572.0,41021.0,10853.0,18225.0,1991.0,37110.0,6636.0,3042.0,9340.0,1033.0,198.0,16120.0,25089.0,19382.0,678.0,23118.0,7312.0,5.6,14.1,,,,,,,,,,,,,,,,,83.0,75600.0,61700.0,13900.0,75600.0,63200.0,12400.0,75600.0,62900.0,12700.0,75600.0,67900.0,7700.0,75600.0,67600.0,8000.0,75600.0,67100.0,8500.0,75600.0,74700.0,900.0,75600.0,12900.0,62700.0,75600.0,63900.0,11700.0,75600.0,71000.0,4600.0,8600.0,5600.0,20800.0,49200.0,75600.0,5200.0,12600.0,57900.0,75600.0,1300.0,7500.0,66800.0,75600.0,3000.0,11800.0,60800.0,75600.0,3300.0,8700.0,63600.0,75600.0,9900.0,31600.0,24200.0,9900.0,75600.0,75600.0,61400.0,14300.0,75600.0,70700.0,4900.0,75600.0,71300.0,4300.0,75600.0,61300.0,14300.0,75600.0,66600.0,9000.0,75600.0,55900.0,19700.0,75600.0,56500.0,19200.0,75600.0,2800.0,11400.0,61500.0,75600.0,75600.0,36900.0,38700.0,11700.0,12000.0,51900.0,75600.0,75600.0,75600.0,66900.0,8700.0,3600.0,6600.0,65500.0,75600.0,3800.0,18000.0,53800.0,75600.0,,,,,,,,,,,,,,,,,,,,,,,,,,,,,,,,,,,,,,,,,,,,,,,,,,,,,,,,,,,,,,,,,,,,,,,,,,,,,,,,,,,,,,,,,,,,,,,,,,,,,,,,,,,,,,,,,,,,,,,,,,,,,,,,,,,,,,,,,,,,,,,,,,,,,,,,,,,,,,,,,,,,,,,,,,,,,,,,,,,,,,,,,,
37,Indre-et-Loire,22.4,23140,37,Indre-et-Loire,620686,51.9,29.6,11.9,58531.0,43794.0,51444.0,30151.0,1241540.0,14.0,10.0,15.0,22.0,59.0,0.0,0.0,1042790.0,889.649280282,9885.0,9910.0,6561.0,339.0,40047.0,79475.0,23821.0,34953.0,6294.0,79238.0,15609.0,7387.0,18732.0,8805.0,680.0,30659.0,42404.0,36102.0,2442.0,45229.0,16093.0,7.4,18.7,,,,,,,,,,,,,,,,,,167300.0,136600.0,30700.0,167300.0,141500.0,25800.0,167300.0,137000.0,30400.0,167300.0,149400.0,17900.0,167300.0,149400.0,17900.0,167300.0,151900.0,15400.0,167300.0,164200.0,3000.0,167300.0,28600.0,138700.0,167300.0,142700.0,24600.0,167300.0,154100.0,13200.0,24800.0,10100.0,40600.0,116600.0,167300.0,4700.0,20600.0,142000.0,167300.0,5200.0,15900.0,146200.0,167300.0,3200.0,20800.0,143300.0,167300.0,4800.0,15900.0,146700.0,167300.0,24600.0,69300.0,54600.0,18800.0,167300.0,167300.0,140000.0,27300.0,167300.0,159700.0,7600.0,167300.0,159500.0,7800.0,167300.0,147100.0,20200.0,167300.0,152300.0,15000.0,167300.0,133400.0,33900.0,167300.0,138300.0,29000.0,167300.0,3500.0,23100.0,140700.0,167300.0,167300.0,88700.0,78600.0,18500.0,38400.0,110400.0,167300.0,167300.0,167300.0,148500.0,18800.0,6300.0,10900.0,150000.0,167300.0,6400.0,41700.0,119200.0,167300.0,,,,,,,,,,,,,,,,,,,,,,,,,,,,,,,,,,,,,,,,,,,,,,,,,,,,,,,,,,,,,,,,,,,,,,,,,,,,,,,,,,,,,,,,,,,,,,,,,,,,,,,,,,,,,,,,,,,,,,,,,,,,,,,,,,,,,,,,,,,,,,,,,,,,,,,,,,,,,,,,,,,,,,,,,,,,,,,,,,,,,,,,,,
38,Isère,20.3,24270,38,Isère,1308807,50.8,26.2,9.9,111950.0,75349.0,102217.0,53700.0,3715610.0,19.0,12.0,43.0,36.0,94.0,36.0,16.0,2609250.0,1658.133271018,31270.0,29629.0,12352.0,682.0,74506.0,123650.0,43403.0,64323.0,23225.0,147473.0,27587.0,13407.0,31085.0,23118.0,1542.0,55394.0,56031.0,57334.0,11799.0,75678.0,28334.0,7.7,20.7,,,,,,,,,,,,,,,,,80.0,306600.0,248000.0,58600.0,306600.0,253400.0,53200.0,306600.0,251200.0,55300.0,306600.0,274600.0,32000.0,306600.0,272500.0,34000.0,306600.0,272800.0,33700.0,306600.0,301400.0,5200.0,306600.0,54200.0,252300.0,306600.0,257400.0,49200.0,306600.0,283400.0,23200.0,65600.0,19800.0,80400.0,206400.0,306600.0,18100.0,43700.0,244800.0,306600.0,7800.0,36200.0,262500.0,306600.0,11800.0,33000.0,261800.0,306600.0,13100.0,31300.0,262200.0,306600.0,47800.0,119600.0,98900.0,40300.0,306600.0,306600.0,244900.0,61600.0,306600.0,294000.0,12600.0,306600.0,288300.0,18200.0,306600.0,258800.0,47800.0,306600.0,275500.0,31100.0,306600.0,235800.0,70800.0,306600.0,241800.0,64700.0,306600.0,13200.0,41200.0,252200.0,306600.0,306600.0,148700.0,157800.0,38100.0,59300.0,209200.0,306600.0,306600.0,306600.0,269400.0,37200.0,16000.0,21700.0,268800.0,306600.0,15500.0,84900.0,206100.0,306600.0,,,,,,,,,,,,,,,,,,,,,,,,,,,,,,,,,,,,,,,,,,,,,,,,,,,,,,,,,,,,,,,,,,,,,,,,,,,,,,,,,,,,,,,,,,,,,,,,,,,,,,,,,,,,,,,,,,,,,,,,,,,,,,,,,,,,,,,,,,,,,,,,,,,,,,,,,,,,,,,,,,,,,,,,,,,,,,,,,,,,,,,,,,
39,Jura,16.6,23140,39,Jura,256977,50.9,32.4,12.7,26155.0,19085.0,24541.0,13590.0,380490.0,8.0,5.0,11.0,14.0,51.0,5.0,43.0,333820.0,1689.165080823,2142.0,7354.0,2974.0,151.0,20373.0,36565.0,11288.0,16721.0,3065.0,37543.0,6870.0,2856.0,8801.0,2252.0,339.0,15979.0,19631.0,17029.0,1155.0,21184.0,7214.0,6.9,18,,,,,,,,,,,,,,,,,78.0,77800.0,65600.0,12300.0,77800.0,66900.0,11000.0,77800.0,64700.0,13200.0,77800.0,71800.0,6100.0,77800.0,67400.0,10400.0,77800.0,69500.0,8300.0,77800.0,74600.0,3300.0,77800.0,16300.0,61600.0,77800.0,65900.0,12000.0,77800.0,71100.0,6700.0,11400.0,4300.0,20600.0,53000.0,77800.0,3400.0,12000.0,62400.0,77800.0,2400.0,8600.0,66900.0,77800.0,2800.0,9600.0,65500.0,77800.0,2300.0,10400.0,65200.0,77800.0,11300.0,33200.0,25900.0,7500.0,77800.0,77800.0,65600.0,12200.0,77800.0,75700.0,2200.0,77800.0,72600.0,5200.0,77800.0,68200.0,9700.0,77800.0,71200.0,6700.0,77800.0,61100.0,16700.0,77800.0,62200.0,15700.0,77800.0,1800.0,9100.0,66900.0,77800.0,77800.0,39500.0,38300.0,8000.0,18400.0,51500.0,77800.0,77800.0,77800.0,71600.0,6300.0,3100.0,4300.0,70400.0,77800.0,3000.0,22800.0,52100.0,77800.0,,,,,,,,,,,,,,,,,,,,,,,,,,,,,,,,,,,,,,,,,,,,,,,,,,,,,,,,,,,,,,,,,,,,,,,,,,,,,,,,,,,,,,,,,,,,,,,,,,,,,,,,,,,,,,,,,,,,,,,,,,,,,,,,,,,,,,,,,,,,,,,,,,,,,,,,,,,,,,,,,,,,,,,,,,,,,,,,,,,,,,,,,,
40,Landes,17.8,22840,40,Landes,440763,51.4,34.8,13.4,49268.0,34604.0,44869.0,24600.0,879520.0,7.0,8.0,9.0,17.0,245.0,10.0,2.0,776690.0,1226.334912299,2087.0,6067.0,7290.0,229.0,27596.0,69567.0,17073.0,26324.0,4379.0,63922.0,10720.0,3097.0,12434.0,2038.0,105.0,22228.0,37182.0,25281.0,2073.0,34396.0,8030.0,6.9,18.3,,,,,,,,,,,,,,,,,81.0,134100.0,105000.0,29100.0,134100.0,110300.0,23800.0,134100.0,106400.0,27700.0,134100.0,117600.0,16500.0,134100.0,117900.0,16200.0,134100.0,117600.0,16400.0,134100.0,128300.0,5800.0,134100.0,26100.0,108000.0,134100.0,110300.0,23700.0,134100.0,119800.0,14200.0,18100.0,9700.0,35300.0,89100.0,134100.0,12100.0,20100.0,101900.0,134100.0,5300.0,16100.0,112700.0,134100.0,6300.0,16800.0,111000.0,134100.0,6400.0,16000.0,111700.0,134100.0,21600.0,49900.0,43600.0,19100.0,134100.0,134100.0,105300.0,28800.0,134100.0,127700.0,6400.0,134100.0,124400.0,9600.0,134100.0,104600.0,29500.0,134100.0,120400.0,13700.0,134100.0,95900.0,38100.0,134100.0,97400.0,36700.0,134100.0,9100.0,20100.0,104900.0,134100.0,134100.0,63400.0,70600.0,24200.0,27100.0,82800.0,134100.0,134100.0,134100.0,119600.0,14500.0,8400.0,10100.0,115600.0,134100.0,6400.0,36100.0,91600.0,134100.0,,,,,,,,,,,,,,,,,,,,,,,,,,,,,,,,,,,,,,,,,,,,,,,,,,,,,,,,,,,,,,,,,,,,,,,,,,,,,,,,,,,,,,,,,,,,,,,,,,,,,,,,,,,,,,,,,,,,,,,,,,,,,,,,,,,,,,,,,,,,,,,,,,,,,,,,,,,,,,,,,,,,,,,,,,,,,,,,,,,,,,,,,,
41,Loir-et-Cher,20.3,22510,41,Loir-et-Cher,327451,51.4,33.8,13.5,35015.0,25921.0,31239.0,18436.0,780370.0,6.0,3.0,11.0,17.0,6.0,0.0,0.0,673390.0,722.301093412,1454.0,4297.0,4074.0,189.0,25017.0,54421.0,13680.0,24042.0,3754.0,50492.0,8508.0,3358.0,11507.0,1820.0,326.0,19076.0,31390.0,24463.0,1309.0,30314.0,8530.0,8.6,21.8,,,,,,,,,,,,,,,,,,101900.0,83800.0,18100.0,101900.0,87300.0,14700.0,101900.0,84800.0,17100.0,101900.0,91600.0,10300.0,101900.0,90600.0,11300.0,101900.0,92300.0,9600.0,101900.0,100000.0,1900.0,101900.0,17200.0,84700.0,101900.0,87400.0,14500.0,101900.0,95300.0,6600.0,19300.0,6100.0,25800.0,70000.0,101900.0,6000.0,17200.0,78700.0,101900.0,2800.0,9900.0,89200.0,101900.0,3000.0,9300.0,89600.0,101900.0,3400.0,9800.0,88800.0,101900.0,12700.0,42300.0,35100.0,11800.0,101900.0,101900.0,83700.0,18200.0,101900.0,97800.0,4100.0,101900.0,97100.0,4800.0,101900.0,86500.0,15400.0,101900.0,93000.0,8900.0,101900.0,79700.0,22200.0,101900.0,81100.0,20900.0,101900.0,3700.0,11900.0,86300.0,101900.0,101900.0,52300.0,49600.0,11600.0,25500.0,64900.0,101900.0,101900.0,101900.0,89600.0,12300.0,4200.0,7400.0,90300.0,101900.0,4200.0,27700.0,69900.0,101900.0,,,,,,,,,,,,,,,,,,,,,,,,,,,,,,,,,,,,,,,,,,,,,,,,,,,,,,,,,,,,,,,,,,,,,,,,,,,,,,,,,,,,,,,,,,,,,,,,,,,,,,,,,,,,,,,,,,,,,,,,,,,,,,,,,,,,,,,,,,,,,,,,,,,,,,,,,,,,,,,,,,,,,,,,,,,,,,,,,,,,,,,,,,
42,Loire,25.4,21970,42,Loire,776590,51.3,29.7,12.3,71807.0,56910.0,63643.0,38474.0,1257410.0,17.0,10.0,36.0,41.0,33.0,36.0,0.0,1096390.0,917.650522554,22490.0,22489.0,8607.0,415.0,53559.0,81770.0,30822.0,49783.0,11999.0,95154.0,19574.0,11989.0,25669.0,20938.0,981.0,39816.0,37582.0,47756.0,5922.0,50877.0,25413.0,10.6,26.2,,,,,,,,,,,,,,,,,80.0,209800.0,169400.0,40300.0,209800.0,176600.0,33100.0,209800.0,172100.0,37700.0,209800.0,186800.0,23000.0,209800.0,189600.0,20200.0,209800.0,187600.0,22200.0,209800.0,204800.0,5000.0,209800.0,37600.0,172200.0,209800.0,178000.0,31800.0,209800.0,191800.0,17900.0,,16900.0,52600.0,140300.0,209800.0,11300.0,34400.0,164100.0,209800.0,5600.0,26100.0,178100.0,209800.0,5800.0,30200.0,173800.0,209800.0,7800.0,25900.0,176100.0,209800.0,31000.0,84200.0,69600.0,25000.0,209800.0,209800.0,168100.0,41700.0,209800.0,199800.0,10000.0,209800.0,197800.0,12000.0,209800.0,173000.0,36800.0,209800.0,186100.0,23700.0,209800.0,152800.0,57000.0,209800.0,157400.0,52400.0,209800.0,4400.0,25900.0,179500.0,209800.0,209800.0,101800.0,108000.0,29400.0,45000.0,135400.0,209800.0,209800.0,209800.0,185200.0,24500.0,9800.0,21600.0,178300.0,209800.0,9200.0,63900.0,136700.0,209800.0,,,,,,,,,,,,,,,,,,,,,,,,,,,,,,,,,,,,,,,,,,,,,,,,,,,,,,,,,,,,,,,,,,,,,,,,,,,,,,,,,,,,,,,,,,,,,,,,,,,,,,,,,,,,,,,,,,,,,,,,,,,,,,,,,,,,,,,,,,,,,,,,,,,,,,,,,,,,,,,,,,,,,,,,,,,,,,,,,,,,,,,,,,
42,Loire,25.4,21970,42,Loire,776590,51.3,29.7,12.3,71807.0,56910.0,63643.0,38474.0,1257410.0,17.0,10.0,36.0,41.0,33.0,36.0,0.0,1096390.0,917.650522554,22490.0,22489.0,8607.0,415.0,53559.0,81770.0,30822.0,49783.0,11999.0,95154.0,19574.0,11989.0,25669.0,20938.0,981.0,39816.0,37582.0,47756.0,5922.0,50877.0,25413.0,10.6,26.2,,,,,,,,,,,,,,,,,83.0,209800.0,169400.0,40300.0,209800.0,176600.0,33100.0,209800.0,172100.0,37700.0,209800.0,186800.0,23000.0,209800.0,189600.0,20200.0,209800.0,187600.0,22200.0,209800.0,204800.0,5000.0,209800.0,37600.0,172200.0,209800.0,178000.0,31800.0,209800.0,191800.0,17900.0,,16900.0,52600.0,140300.0,209800.0,11300.0,34400.0,164100.0,209800.0,5600.0,26100.0,178100.0,209800.0,5800.0,30200.0,173800.0,209800.0,7800.0,25900.0,176100.0,209800.0,31000.0,84200.0,69600.0,25000.0,209800.0,209800.0,168100.0,41700.0,209800.0,199800.0,10000.0,209800.0,197800.0,12000.0,209800.0,173000.0,36800.0,209800.0,186100.0,23700.0,209800.0,152800.0,57000.0,209800.0,157400.0,52400.0,209800.0,4400.0,25900.0,179500.0,209800.0,209800.0,101800.0,108000.0,29400.0,45000.0,135400.0,209800.0,209800.0,209800.0,185200.0,24500.0,9800.0,21600.0,178300.0,209800.0,9200.0,63900.0,136700.0,209800.0,,,,,,,,,,,,,,,,,,,,,,,,,,,,,,,,,,,,,,,,,,,,,,,,,,,,,,,,,,,,,,,,,,,,,,,,,,,,,,,,,,,,,,,,,,,,,,,,,,,,,,,,,,,,,,,,,,,,,,,,,,,,,,,,,,,,,,,,,,,,,,,,,,,,,,,,,,,,,,,,,,,,,,,,,,,,,,,,,,,,,,,,,,
42,Loire,25.4,21970,42,Loire,776590,51.3,29.7,12.3,71807.0,56910.0,63643.0,38474.0,1257410.0,17.0,10.0,36.0,41.0,33.0,36.0,0.0,1096390.0,917.650522554,22490.0,22489.0,8607.0,415.0,53559.0,81770.0,30822.0,49783.0,11999.0,95154.0,19574.0,11989.0,25669.0,20938.0,981.0,39816.0,37582.0,47756.0,5922.0,50877.0,25413.0,10.6,26.2,,,,,,,,,,,,,,,,,76.0,209800.0,169400.0,40300.0,209800.0,176600.0,33100.0,209800.0,172100.0,37700.0,209800.0,186800.0,23000.0,209800.0,189600.0,20200.0,209800.0,187600.0,22200.0,209800.0,204800.0,5000.0,209800.0,37600.0,172200.0,209800.0,178000.0,31800.0,209800.0,191800.0,17900.0,,16900.0,52600.0,140300.0,209800.0,11300.0,34400.0,164100.0,209800.0,5600.0,26100.0,178100.0,209800.0,5800.0,30200.0,173800.0,209800.0,7800.0,25900.0,176100.0,209800.0,31000.0,84200.0,69600.0,25000.0,209800.0,209800.0,168100.0,41700.0,209800.0,199800.0,10000.0,209800.0,197800.0,12000.0,209800.0,173000.0,36800.0,209800.0,186100.0,23700.0,209800.0,152800.0,57000.0,209800.0,157400.0,52400.0,209800.0,4400.0,25900.0,179500.0,209800.0,209800.0,101800.0,108000.0,29400.0,45000.0,135400.0,209800.0,209800.0,209800.0,185200.0,24500.0,9800.0,21600.0,178300.0,209800.0,9200.0,63900.0,136700.0,209800.0,,,,,,,,,,,,,,,,,,,,,,,,,,,,,,,,,,,,,,,,,,,,,,,,,,,,,,,,,,,,,,,,,,,,,,,,,,,,,,,,,,,,,,,,,,,,,,,,,,,,,,,,,,,,,,,,,,,,,,,,,,,,,,,,,,,,,,,,,,,,,,,,,,,,,,,,,,,,,,,,,,,,,,,,,,,,,,,,,,,,,,,,,,
42,Loire,25.4,21970,42,Loire,776590,51.3,29.7,12.3,71807.0,56910.0,63643.0,38474.0,1257410.0,17.0,10.0,36.0,41.0,33.0,36.0,0.0,1096390.0,917.650522554,22490.0,22489.0,8607.0,415.0,53559.0,81770.0,30822.0,49783.0,11999.0,95154.0,19574.0,11989.0,25669.0,20938.0,981.0,39816.0,37582.0,47756.0,5922.0,50877.0,25413.0,10.6,26.2,,,,,,,,,,,,,,,,,82.0,209800.0,169400.0,40300.0,209800.0,176600.0,33100.0,209800.0,172100.0,37700.0,209800.0,186800.0,23000.0,209800.0,189600.0,20200.0,209800.0,187600.0,22200.0,209800.0,204800.0,5000.0,209800.0,37600.0,172200.0,209800.0,178000.0,31800.0,209800.0,191800.0,17900.0,,16900.0,52600.0,140300.0,209800.0,11300.0,34400.0,164100.0,209800.0,5600.0,26100.0,178100.0,209800.0,5800.0,30200.0,173800.0,209800.0,7800.0,25900.0,176100.0,209800.0,31000.0,84200.0,69600.0,25000.0,209800.0,209800.0,168100.0,41700.0,209800.0,199800.0,10000.0,209800.0,197800.0,12000.0,209800.0,173000.0,36800.0,209800.0,186100.0,23700.0,209800.0,152800.0,57000.0,209800.0,157400.0,52400.0,209800.0,4400.0,25900.0,179500.0,209800.0,209800.0,101800.0,108000.0,29400.0,45000.0,135400.0,209800.0,209800.0,209800.0,185200.0,24500.0,9800.0,21600.0,178300.0,209800.0,9200.0,63900.0,136700.0,209800.0,,,,,,,,,,,,,,,,,,,,,,,,,,,,,,,,,,,,,,,,,,,,,,,,,,,,,,,,,,,,,,,,,,,,,,,,,,,,,,,,,,,,,,,,,,,,,,,,,,,,,,,,,,,,,,,,,,,,,,,,,,,,,,,,,,,,,,,,,,,,,,,,,,,,,,,,,,,,,,,,,,,,,,,,,,,,,,,,,,,,,,,,,,
43,Haute-Loire,16.8,22100,43,Haute-Loire,227959,50.6,33.7,12.8,24226.0,17326.0,23321.0,11920.0,608040.0,6.0,3.0,7.0,12.0,66.0,0.0,0.0,484630.0,731.897360972,1393.0,4383.0,2807.0,79.0,17852.0,35654.0,9835.0,16605.0,1546.0,34726.0,5742.0,2561.0,7147.0,1532.0,46.0,12906.0,17988.0,15360.0,573.0,18111.0,6488.0,9.7,26,,,,,,,,,,,,,,,,,84.0,69300.0,51600.0,17700.0,69300.0,55000.0,14200.0,69300.0,56500.0,12800.0,69300.0,59800.0,9500.0,69300.0,62000.0,7200.0,69300.0,61100.0,8200.0,69300.0,67200.0,2100.0,69300.0,12400.0,56900.0,69300.0,56800.0,12400.0,69300.0,65900.0,3400.0,10200.0,5000.0,19900.0,44400.0,69300.0,4800.0,12300.0,52200.0,69300.0,2900.0,10300.0,56100.0,69300.0,3800.0,10600.0,54900.0,69300.0,3500.0,11500.0,54200.0,69300.0,9400.0,27300.0,21700.0,10800.0,69300.0,69300.0,53900.0,15400.0,69300.0,64800.0,4500.0,69300.0,63100.0,6200.0,69300.0,56200.0,13000.0,69300.0,62300.0,7000.0,69300.0,51000.0,18300.0,69300.0,51700.0,17600.0,69300.0,2000.0,11100.0,56200.0,69300.0,69300.0,34100.0,35200.0,9200.0,14200.0,45900.0,69300.0,69300.0,69300.0,56300.0,13000.0,4200.0,6200.0,58800.0,69300.0,3100.0,20200.0,46000.0,69300.0,,,,,,,,,,,,,,,,,,,,,,,,,,,,,,,,,,,,,,,,,,,,,,,,,,,,,,,,,,,,,,,,,,,,,,,,,,,,,,,,,,,,,,,,,,,,,,,,,,,,,,,,,,,,,,,,,,,,,,,,,,,,,,,,,,,,,,,,,,,,,,,,,,,,,,,,,,,,,,,,,,,,,,,,,,,,,,,,,,,,,,,,,,
44,Loire-Atlantique,18.1,24120,44,Loire-Atlantique,1510913,51.1,25.4,9.7,126608.0,88639.0,110918.0,58085.0,3476780.0,23.0,6.0,44.0,30.0,113.0,6.0,4.0,2235210.0,707.738411285,18894.0,21636.0,14570.0,587.0,84885.0,162034.0,48571.0,61860.0,6575.0,169533.0,32945.0,13620.0,35297.0,14732.0,881.0,54804.0,75150.0,57843.0,1783.0,84307.0,26395.0,6.5,17.5,,,,,,,,,,,,,,,,,,335900.0,278200.0,57700.0,335900.0,286400.0,49600.0,335900.0,275800.0,60200.0,335900.0,300200.0,35700.0,335900.0,300400.0,35500.0,335900.0,295600.0,40400.0,335900.0,329400.0,6500.0,335900.0,62000.0,273900.0,335900.0,283600.0,52400.0,335900.0,312100.0,23800.0,73900.0,16500.0,83300.0,236200.0,335900.0,20400.0,37100.0,278400.0,335900.0,6900.0,35500.0,293500.0,335900.0,8900.0,37400.0,289600.0,335900.0,10500.0,36400.0,289000.0,335900.0,61600.0,131800.0,110800.0,31700.0,335900.0,335900.0,275800.0,60200.0,335900.0,318200.0,17700.0,335900.0,322800.0,13100.0,335900.0,281300.0,54600.0,335900.0,307900.0,28000.0,335900.0,258000.0,77900.0,335900.0,262900.0,73000.0,335900.0,14400.0,36300.0,285200.0,335900.0,335900.0,179000.0,156900.0,43200.0,63300.0,229400.0,335900.0,335900.0,335900.0,294000.0,41900.0,12300.0,22600.0,301000.0,335900.0,14800.0,78600.0,242500.0,335900.0,,,,,,,,,,,,,,,,,,,,,,,,,,,,,,,,,,,,,,,,,,,,,,,,,,,,,,,,,,,,,,,,,,,,,,,,,,,,,,,,,,,,,,,,,,,,,,,,,,,,,,,,,,,,,,,,,,,,,,,,,,,,,,,,,,,,,,,,,,,,,,,,,,,,,,,,,,,,,,,,,,,,,,,,,,,,,,,,,,,,,,,,,,
45,Loiret,21.0,23090,45,Loiret,691006,51.1,27.8,10.7,62272.0,43445.0,55851.0,30482.0,1592950.0,13.0,5.0,10.0,18.0,71.0,1.0,0.0,1304880.0,839.758489489,7651.0,9718.0,6788.0,350.0,43077.0,88572.0,24280.0,39693.0,10741.0,85807.0,15607.0,7804.0,18445.0,6346.0,534.0,30944.0,45684.0,35729.0,3681.0,46708.0,14919.0,7.3,19.5,,,,,,,,,,,,,,,,,82.0,174600.0,143400.0,31200.0,174600.0,149000.0,25600.0,174600.0,144300.0,30400.0,174600.0,157500.0,17100.0,174600.0,155600.0,19100.0,174600.0,149700.0,25000.0,174600.0,168500.0,6100.0,174600.0,35600.0,139000.0,174600.0,148400.0,26200.0,174600.0,163200.0,11400.0,38600.0,12500.0,42700.0,119400.0,174600.0,14100.0,22400.0,138100.0,174600.0,7600.0,20100.0,146900.0,174600.0,5800.0,23400.0,145500.0,174600.0,8500.0,19700.0,146400.0,174600.0,24600.0,69000.0,59900.0,21200.0,174600.0,174600.0,137800.0,36800.0,174600.0,167300.0,7400.0,174600.0,161800.0,12900.0,174600.0,142700.0,31900.0,174600.0,154300.0,20300.0,174600.0,127300.0,47400.0,174600.0,129900.0,44800.0,174600.0,8900.0,27600.0,138200.0,174600.0,174600.0,89800.0,84900.0,25800.0,35500.0,113400.0,174600.0,174600.0,174600.0,156000.0,18600.0,9100.0,14300.0,151200.0,174600.0,10500.0,49500.0,114600.0,174600.0,,,,,,,,,,,,,,,,,,,,,,,,,,,,,,,,,,,,,,,,,,,,,,,,,,,,,,,,,,,,,,,,,,,,,,,,,,,,,,,,,,,,,,,,,,,,,,,,,,,,,,,,,,,,,,,,,,,,,,,,,,,,,,,,,,,,,,,,,,,,,,,,,,,,,,,,,,,,,,,,,,,,,,,,,,,,,,,,,,,,,,,,,,
46,Lot,22.6,21910,46,Lot,176432,51.4,40.8,16.3,22477.0,16409.0,20865.0,12306.0,206600.0,6.0,4.0,5.0,15.0,38.0,1.0,3.0,192130.0,1005.740031028,523.0,2180.0,3385.0,179.0,13315.0,34745.0,8361.0,12524.0,3559.0,32550.0,4950.0,1640.0,6777.0,597.0,471.0,12266.0,20159.0,14404.0,1428.0,19365.0,5045.0,11,28,,,,,,,,,,,,,,,,,86.0,65200.0,51400.0,13700.0,65200.0,54200.0,11000.0,65200.0,54400.0,10800.0,65200.0,56500.0,8700.0,65200.0,56300.0,8900.0,65200.0,59000.0,6100.0,65200.0,64100.0,1000.0,65200.0,13600.0,51500.0,65200.0,55600.0,9600.0,65200.0,60000.0,5100.0,6000.0,2900.0,17800.0,44500.0,65200.0,2800.0,10500.0,51800.0,65200.0,1400.0,7400.0,56200.0,65200.0,2600.0,7800.0,54800.0,65200.0,2500.0,6900.0,55700.0,65200.0,9500.0,26600.0,20600.0,8400.0,65200.0,65200.0,52800.0,12400.0,65200.0,61600.0,3600.0,65200.0,61600.0,3500.0,65200.0,54600.0,10600.0,65200.0,59600.0,5600.0,65200.0,49900.0,15200.0,65200.0,50800.0,14300.0,65200.0,2800.0,10200.0,52100.0,65200.0,65200.0,33200.0,32000.0,9000.0,12900.0,43200.0,65200.0,65200.0,65200.0,58500.0,6700.0,4600.0,4600.0,55900.0,65200.0,3000.0,17600.0,44600.0,65200.0,,,,,,,,,,,,,,,,,,,,,,,,,,,,,,,,,,,,,,,,,,,,,,,,,,,,,,,,,,,,,,,,,,,,,,,,,,,,,,,,,,,,,,,,,,,,,,,,,,,,,,,,,,,,,,,,,,,,,,,,,,,,,,,,,,,,,,,,,,,,,,,,,,,,,,,,,,,,,,,,,,,,,,,,,,,,,,,,,,,,,,,,,,
47,Lot-et-Garonne,24.3,21050,47,Lot-et-Garonne,332372,51.6,35.3,14.4,36571.0,27694.0,32993.0,20072.0,694200.0,7.0,5.0,5.0,23.0,62.0,1.0,2.0,605690.0,909.859,1195.0,4333.0,5648.0,253.0,23937.0,58551.0,14775.0,25335.0,6745.0,52273.0,9175.0,3230.0,11545.0,1120.0,265.0,21163.0,35294.0,26583.0,3817.0,31671.0,8566.0,7.2,17.9,,,,,,,,,,,,,,,,,,108100.0,85000.0,23100.0,108100.0,89600.0,18400.0,108100.0,87200.0,20900.0,108100.0,97000.0,11000.0,108100.0,93900.0,14200.0,108100.0,93800.0,14300.0,108100.0,105600.0,2500.0,108100.0,22400.0,85700.0,108100.0,89600.0,18500.0,108100.0,99300.0,8800.0,17100.0,6800.0,25900.0,75300.0,108100.0,5400.0,14300.0,88400.0,108100.0,2200.0,13800.0,92000.0,108100.0,4200.0,14600.0,89300.0,108100.0,4000.0,12900.0,91200.0,108100.0,15400.0,44600.0,34100.0,14000.0,108100.0,108100.0,87700.0,20400.0,108100.0,104100.0,4000.0,108100.0,102500.0,5500.0,108100.0,90700.0,17400.0,108100.0,95800.0,12200.0,108100.0,82100.0,25900.0,108100.0,84300.0,23800.0,108100.0,5200.0,15700.0,87200.0,108100.0,108100.0,58200.0,49900.0,13700.0,21700.0,72600.0,108100.0,108100.0,108100.0,97400.0,10700.0,4700.0,8500.0,94900.0,108100.0,7000.0,31300.0,69800.0,108100.0,,,,,,,,,,,,,,,,,,,,,,,,,,,,,,,,,,,,,,,,,,,,,,,,,,,,,,,,,,,,,,,,,,,,,,,,,,,,,,,,,,,,,,,,,,,,,,,,,,,,,,,,,,,,,,,,,,,,,,,,,,,,,,,,,,,,,,,,,,,,,,,,,,,,,,,,,,,,,,,,,,,,,,,,,,,,,,,,,,,,,,,,,,
48,Lozère,19.7,21580,48,Lozère,76452,49.9,35.2,13.6,8183.0,5906.0,8290.0,4526.0,113030.0,6.0,1.0,7.0,10.0,1.0,0.0,0.0,97430.0,390.121429227,111.0,1583.0,967.0,32.0,6035.0,12245.0,3496.0,4871.0,565.0,11843.0,1952.0,672.0,2317.0,226.0,15.0,4807.0,6648.0,5064.0,208.0,6659.0,2070.0,11.2,29.3,,,,,,,,,,,,,,,,,82.0,23600.0,18900.0,4700.0,23600.0,19600.0,4000.0,23600.0,19300.0,4200.0,23600.0,20100.0,3400.0,23600.0,21300.0,2200.0,23600.0,21600.0,2000.0,23600.0,22900.0,700.0,23600.0,3600.0,20000.0,23600.0,19900.0,3600.0,23600.0,21800.0,1700.0,,2800.0,5400.0,15400.0,23600.0,1200.0,3600.0,18800.0,23600.0,1100.0,2800.0,19700.0,23600.0,900.0,3900.0,18800.0,23600.0,1600.0,3700.0,18200.0,23600.0,3500.0,8300.0,9000.0,2800.0,23600.0,23600.0,19200.0,4300.0,23600.0,22400.0,1100.0,23600.0,21700.0,1800.0,23600.0,20300.0,3300.0,23600.0,19700.0,3900.0,23600.0,17400.0,6200.0,23600.0,18000.0,5600.0,23600.0,900.0,3200.0,19500.0,23600.0,23600.0,12700.0,10900.0,2600.0,5200.0,15800.0,23600.0,23600.0,23600.0,20600.0,3000.0,1300.0,2000.0,20300.0,23600.0,1500.0,6600.0,15400.0,23600.0,,,,,,,,,,,,,,,,,,,,,,,,,,,,,,,,,,,,,,,,,,,,,,,,,,,,,,,,,,,,,,,,,,,,,,,,,,,,,,,,,,,,,,,,,,,,,,,,,,,,,,,,,,,,,,,,,,,,,,,,,,,,,,,,,,,,,,,,,,,,,,,,,,,,,,,,,,,,,,,,,,,,,,,,,,,,,,,,,,,,,,,,,,
49,Maine-et-Loire,19.4,22500,49,Maine-et-Loire,835364,51.4,27.5,10.7,73702.0,53870.0,66442.0,35750.0,1728040.0,17.0,4.0,31.0,20.0,187.0,12.0,1.0,1267410.0,611.727764694,8650.0,8698.0,7916.0,405.0,55170.0,103556.0,26322.0,49877.0,4205.0,97556.0,17298.0,7436.0,21819.0,7507.0,2104.0,35662.0,53161.0,47196.0,1198.0,51372.0,17688.0,6,15.7,,,,,,,,,,,,,,,,,,211600.0,174200.0,37400.0,211600.0,181900.0,29700.0,211600.0,174400.0,37200.0,211600.0,187400.0,24200.0,211600.0,190700.0,20900.0,211600.0,190900.0,20700.0,211600.0,207400.0,4200.0,211600.0,33900.0,177700.0,211600.0,180200.0,31400.0,211600.0,197100.0,14500.0,47800.0,9800.0,51900.0,150000.0,211600.0,13600.0,26500.0,171500.0,211600.0,3500.0,24700.0,183400.0,211600.0,5100.0,22800.0,183700.0,211600.0,7100.0,21700.0,182800.0,211600.0,33300.0,92400.0,60200.0,25800.0,211600.0,211600.0,172200.0,39400.0,211600.0,201900.0,9700.0,211600.0,201500.0,10100.0,211600.0,178200.0,33500.0,211600.0,195700.0,15900.0,211600.0,163300.0,48300.0,211600.0,167600.0,44000.0,211600.0,8700.0,26400.0,176500.0,211600.0,211600.0,124800.0,86800.0,27400.0,37700.0,146400.0,211600.0,211600.0,211600.0,191400.0,20200.0,9400.0,15100.0,187100.0,211600.0,8500.0,52300.0,150900.0,211600.0,,,,,,,,,,,,,,,,,,,,,,,,,,,,,,,,,,,,,,,,,,,,,,,,,,,,,,,,,,,,,,,,,,,,,,,,,,,,,,,,,,,,,,,,,,,,,,,,,,,,,,,,,,,,,,,,,,,,,,,,,,,,,,,,,,,,,,,,,,,,,,,,,,,,,,,,,,,,,,,,,,,,,,,,,,,,,,,,,,,,,,,,,,
50,Manche,15.8,22480,50,Manche,496199,51,34.5,13.4,53905.0,39896.0,50704.0,26620.0,1013170.0,14.0,7.0,8.0,33.0,34.0,1.0,0.0,862860.0,1384.089346945,3436.0,5512.0,7119.0,366.0,35153.0,81093.0,20519.0,38952.0,2879.0,71519.0,12739.0,5341.0,18622.0,3496.0,739.0,26594.0,46583.0,40468.0,766.0,41816.0,13734.0,6.9,18.2,,,,,,,,,,,,,,,,,81.0,156700.0,125400.0,31300.0,156700.0,132100.0,24600.0,156700.0,126900.0,29900.0,156700.0,137300.0,19400.0,156700.0,138400.0,18300.0,156700.0,143400.0,13400.0,156700.0,154600.0,2200.0,156700.0,26600.0,130100.0,156700.0,130500.0,26300.0,156700.0,144300.0,12400.0,23200.0,10600.0,35000.0,111200.0,156700.0,9600.0,26400.0,120700.0,156700.0,3000.0,18500.0,135200.0,156700.0,4300.0,17400.0,135000.0,156700.0,4400.0,15400.0,136900.0,156700.0,29200.0,61400.0,46300.0,19900.0,156700.0,156700.0,127700.0,29100.0,156700.0,149000.0,7700.0,156700.0,150400.0,6400.0,156700.0,128700.0,28100.0,156700.0,139600.0,17100.0,156700.0,115900.0,40800.0,156700.0,118200.0,38600.0,156700.0,9700.0,21700.0,125300.0,156700.0,156700.0,81900.0,74900.0,23500.0,31000.0,102200.0,156700.0,156700.0,156700.0,136600.0,20200.0,7100.0,12200.0,137500.0,156700.0,10100.0,40700.0,106000.0,156700.0,,,,,,,,,,,,,,,,,,,,,,,,,,,,,,,,,,,,,,,,,,,,,,,,,,,,,,,,,,,,,,,,,,,,,,,,,,,,,,,,,,,,,,,,,,,,,,,,,,,,,,,,,,,,,,,,,,,,,,,,,,,,,,,,,,,,,,,,,,,,,,,,,,,,,,,,,,,,,,,,,,,,,,,,,,,,,,,,,,,,,,,,,,
51,Marne,25.5,22830,51,Marne,558743,51.9,28,10.6,52362.0,35803.0,44844.0,23540.0,661700.0,14.0,9.0,14.0,17.0,30.0,2.0,3.0,520490.0,1857.036164911,12013.0,10784.0,5546.0,429.0,41733.0,65993.0,22307.0,37573.0,6045.0,63397.0,14780.0,8573.0,16223.0,7534.0,736.0,26827.0,31516.0,29476.0,2398.0,32311.0,14197.0,5.3,14.4,,,,,,,,,,,,,,,,,79.0,142100.0,112900.0,29200.0,142100.0,116100.0,26000.0,142100.0,113200.0,28900.0,142100.0,127800.0,14400.0,142100.0,128200.0,13900.0,142100.0,129200.0,12900.0,142100.0,139200.0,2900.0,142100.0,23200.0,118900.0,142100.0,117300.0,24800.0,142100.0,129400.0,12700.0,27100.0,9000.0,36700.0,96400.0,142100.0,9300.0,21100.0,111700.0,142100.0,5300.0,15200.0,121600.0,142100.0,5300.0,17000.0,119800.0,142100.0,5800.0,16600.0,119700.0,142100.0,15800.0,57900.0,48600.0,19900.0,142100.0,142100.0,111800.0,30300.0,142100.0,135900.0,6200.0,142100.0,133700.0,8400.0,142100.0,114300.0,27800.0,142100.0,126000.0,16100.0,142100.0,103800.0,38300.0,142100.0,105900.0,36200.0,142100.0,6200.0,18400.0,117500.0,142100.0,142100.0,70400.0,71700.0,23700.0,30300.0,88100.0,142100.0,142100.0,142100.0,126400.0,15700.0,9000.0,10900.0,122200.0,142100.0,9300.0,38300.0,94500.0,142100.0,270.0,1160.0,710.0,3000.0,470.0,1870.0,2420.0,680.0,780.0,310.0,510.0,170.0,80.0,1090.0,1990.0,6910.0,80.0,340.0,2170.0,100.0,130.0,450.0,1620.0,2530.0,670.0,1350.0,880.0,720.0,320.0,7240.0,4810.0,20.0,80.0,210.0,1270.0,370.0,670.0,90.0,140.0,260.0,1940.0,154800.0,790.0,9610.0,10610.0,21180.0,2980.0,13670.0,4700.0,12800.0,17170.0,30190.0,3220.0,9490.0,,1090.0,4000.0,4530.0,330.0,1100.0,120.0,1100.0,320.0,2340.0,1070.0,2560.0,470.0,2380.0,2250.0,320.0,610.0,370.0,510.0,1410.0,1840.0,300.0,120.0,8800.0,130.0,380.0,1130.0,100.0,120.0,480.0,1770.0,6620.0,690.0,1640.0,1170.0,640.0,500.0,7350.0,30.0,100.0,250.0,640.0,120.0,630.0,140.0,320.0,300.0,2070.0,146330.0,830.0,4620.0,8360.0,15400.0,3080.0,7170.0,2660.0,7460.0,20140.0,28510.0,1780.0,5150.0,10.0,2200.0,5570.0,2580.0,760.0,1360.0,210.0,1280.0,470.0,2790.0,1120.0,2710.0,340.0,2960.0,3330.0,640.0,420.0,530.0,840.0,1220.0,1690.0,310.0,140.0,590.0,1310.0,10050.0,170.0,150.0,3210.0,150.0,90.0,870.0,3010.0,7070.0,1200.0,2610.0,990.0,300.0,390.0,6280.0,,70.0,190.0,1200.0,130.0,400.0,90.0,310.0,480.0,3090.0,72510.0,770.0,6810.0,13600.0,23610.0,1930.0,9410.0,4270.0,11010.0,27170.0,40550.0,3310.0,8830.0,,610.0,8150.0,2760.0,10.0,620.0,50.0,870.0
51,Marne,25.5,22830,51,Marne,558743,51.9,28,10.6,52362.0,35803.0,44844.0,23540.0,661700.0,14.0,9.0,14.0,17.0,30.0,2.0,3.0,520490.0,1857.036164911,12013.0,10784.0,5546.0,429.0,41733.0,65993.0,22307.0,37573.0,6045.0,63397.0,14780.0,8573.0,16223.0,7534.0,736.0,26827.0,31516.0,29476.0,2398.0,32311.0,14197.0,5.3,14.4,,,,,,,,,,,,,,,,,75.0,142100.0,112900.0,29200.0,142100.0,116100.0,26000.0,142100.0,113200.0,28900.0,142100.0,127800.0,14400.0,142100.0,128200.0,13900.0,142100.0,129200.0,12900.0,142100.0,139200.0,2900.0,142100.0,23200.0,118900.0,142100.0,117300.0,24800.0,142100.0,129400.0,12700.0,27100.0,9000.0,36700.0,96400.0,142100.0,9300.0,21100.0,111700.0,142100.0,5300.0,15200.0,121600.0,142100.0,5300.0,17000.0,119800.0,142100.0,5800.0,16600.0,119700.0,142100.0,15800.0,57900.0,48600.0,19900.0,142100.0,142100.0,111800.0,30300.0,142100.0,135900.0,6200.0,142100.0,133700.0,8400.0,142100.0,114300.0,27800.0,142100.0,126000.0,16100.0,142100.0,103800.0,38300.0,142100.0,105900.0,36200.0,142100.0,6200.0,18400.0,117500.0,142100.0,142100.0,70400.0,71700.0,23700.0,30300.0,88100.0,142100.0,142100.0,142100.0,126400.0,15700.0,9000.0,10900.0,122200.0,142100.0,9300.0,38300.0,94500.0,142100.0,270.0,1160.0,710.0,3000.0,470.0,1870.0,2420.0,680.0,780.0,310.0,510.0,170.0,80.0,1090.0,1990.0,6910.0,80.0,340.0,2170.0,100.0,130.0,450.0,1620.0,2530.0,670.0,1350.0,880.0,720.0,320.0,7240.0,4810.0,20.0,80.0,210.0,1270.0,370.0,670.0,90.0,140.0,260.0,1940.0,154800.0,790.0,9610.0,10610.0,21180.0,2980.0,13670.0,4700.0,12800.0,17170.0,30190.0,3220.0,9490.0,,1090.0,4000.0,4530.0,330.0,1100.0,120.0,1100.0,320.0,2340.0,1070.0,2560.0,470.0,2380.0,2250.0,320.0,610.0,370.0,510.0,1410.0,1840.0,300.0,120.0,8800.0,130.0,380.0,1130.0,100.0,120.0,480.0,1770.0,6620.0,690.0,1640.0,1170.0,640.0,500.0,7350.0,30.0,100.0,250.0,640.0,120.0,630.0,140.0,320.0,300.0,2070.0,146330.0,830.0,4620.0,8360.0,15400.0,3080.0,7170.0,2660.0,7460.0,20140.0,28510.0,1780.0,5150.0,10.0,2200.0,5570.0,2580.0,760.0,1360.0,210.0,1280.0,470.0,2790.0,1120.0,2710.0,340.0,2960.0,3330.0,640.0,420.0,530.0,840.0,1220.0,1690.0,310.0,140.0,590.0,1310.0,10050.0,170.0,150.0,3210.0,150.0,90.0,870.0,3010.0,7070.0,1200.0,2610.0,990.0,300.0,390.0,6280.0,,70.0,190.0,1200.0,130.0,400.0,90.0,310.0,480.0,3090.0,72510.0,770.0,6810.0,13600.0,23610.0,1930.0,9410.0,4270.0,11010.0,27170.0,40550.0,3310.0,8830.0,,610.0,8150.0,2760.0,10.0,620.0,50.0,870.0
51,Marne,25.5,22830,51,Marne,558743,51.9,28,10.6,52362.0,35803.0,44844.0,23540.0,661700.0,14.0,9.0,14.0,17.0,30.0,2.0,3.0,520490.0,1857.036164911,12013.0,10784.0,5546.0,429.0,41733.0,65993.0,22307.0,37573.0,6045.0,63397.0,14780.0,8573.0,16223.0,7534.0,736.0,26827.0,31516.0,29476.0,2398.0,32311.0,14197.0,5.3,14.4,,,,,,,,,,,,,,,,,85.0,142100.0,112900.0,29200.0,142100.0,116100.0,26000.0,142100.0,113200.0,28900.0,142100.0,127800.0,14400.0,142100.0,128200.0,13900.0,142100.0,129200.0,12900.0,142100.0,139200.0,2900.0,142100.0,23200.0,118900.0,142100.0,117300.0,24800.0,142100.0,129400.0,12700.0,27100.0,9000.0,36700.0,96400.0,142100.0,9300.0,21100.0,111700.0,142100.0,5300.0,15200.0,121600.0,142100.0,5300.0,17000.0,119800.0,142100.0,5800.0,16600.0,119700.0,142100.0,15800.0,57900.0,48600.0,19900.0,142100.0,142100.0,111800.0,30300.0,142100.0,135900.0,6200.0,142100.0,133700.0,8400.0,142100.0,114300.0,27800.0,142100.0,126000.0,16100.0,142100.0,103800.0,38300.0,142100.0,105900.0,36200.0,142100.0,6200.0,18400.0,117500.0,142100.0,142100.0,70400.0,71700.0,23700.0,30300.0,88100.0,142100.0,142100.0,142100.0,126400.0,15700.0,9000.0,10900.0,122200.0,142100.0,9300.0,38300.0,94500.0,142100.0,270.0,1160.0,710.0,3000.0,470.0,1870.0,2420.0,680.0,780.0,310.0,510.0,170.0,80.0,1090.0,1990.0,6910.0,80.0,340.0,2170.0,100.0,130.0,450.0,1620.0,2530.0,670.0,1350.0,880.0,720.0,320.0,7240.0,4810.0,20.0,80.0,210.0,1270.0,370.0,670.0,90.0,140.0,260.0,1940.0,154800.0,790.0,9610.0,10610.0,21180.0,2980.0,13670.0,4700.0,12800.0,17170.0,30190.0,3220.0,9490.0,,1090.0,4000.0,4530.0,330.0,1100.0,120.0,1100.0,320.0,2340.0,1070.0,2560.0,470.0,2380.0,2250.0,320.0,610.0,370.0,510.0,1410.0,1840.0,300.0,120.0,8800.0,130.0,380.0,1130.0,100.0,120.0,480.0,1770.0,6620.0,690.0,1640.0,1170.0,640.0,500.0,7350.0,30.0,100.0,250.0,640.0,120.0,630.0,140.0,320.0,300.0,2070.0,146330.0,830.0,4620.0,8360.0,15400.0,3080.0,7170.0,2660.0,7460.0,20140.0,28510.0,1780.0,5150.0,10.0,2200.0,5570.0,2580.0,760.0,1360.0,210.0,1280.0,470.0,2790.0,1120.0,2710.0,340.0,2960.0,3330.0,640.0,420.0,530.0,840.0,1220.0,1690.0,310.0,140.0,590.0,1310.0,10050.0,170.0,150.0,3210.0,150.0,90.0,870.0,3010.0,7070.0,1200.0,2610.0,990.0,300.0,390.0,6280.0,,70.0,190.0,1200.0,130.0,400.0,90.0,310.0,480.0,3090.0,72510.0,770.0,6810.0,13600.0,23610.0,1930.0,9410.0,4270.0,11010.0,27170.0,40550.0,3310.0,8830.0,,610.0,8150.0,2760.0,10.0,620.0,50.0,870.0
51,Marne,25.5,22830,51,Marne,558743,51.9,28,10.6,52362.0,35803.0,44844.0,23540.0,661700.0,14.0,9.0,14.0,17.0,30.0,2.0,3.0,520490.0,1857.036164911,12013.0,10784.0,5546.0,429.0,41733.0,65993.0,22307.0,37573.0,6045.0,63397.0,14780.0,8573.0,16223.0,7534.0,736.0,26827.0,31516.0,29476.0,2398.0,32311.0,14197.0,5.3,14.4,,,,,,,,,,,,,,,,,90.0,142100.0,112900.0,29200.0,142100.0,116100.0,26000.0,142100.0,113200.0,28900.0,142100.0,127800.0,14400.0,142100.0,128200.0,13900.0,142100.0,129200.0,12900.0,142100.0,139200.0,2900.0,142100.0,23200.0,118900.0,142100.0,117300.0,24800.0,142100.0,129400.0,12700.0,27100.0,9000.0,36700.0,96400.0,142100.0,9300.0,21100.0,111700.0,142100.0,5300.0,15200.0,121600.0,142100.0,5300.0,17000.0,119800.0,142100.0,5800.0,16600.0,119700.0,142100.0,15800.0,57900.0,48600.0,19900.0,142100.0,142100.0,111800.0,30300.0,142100.0,135900.0,6200.0,142100.0,133700.0,8400.0,142100.0,114300.0,27800.0,142100.0,126000.0,16100.0,142100.0,103800.0,38300.0,142100.0,105900.0,36200.0,142100.0,6200.0,18400.0,117500.0,142100.0,142100.0,70400.0,71700.0,23700.0,30300.0,88100.0,142100.0,142100.0,142100.0,126400.0,15700.0,9000.0,10900.0,122200.0,142100.0,9300.0,38300.0,94500.0,142100.0,270.0,1160.0,710.0,3000.0,470.0,1870.0,2420.0,680.0,780.0,310.0,510.0,170.0,80.0,1090.0,1990.0,6910.0,80.0,340.0,2170.0,100.0,130.0,450.0,1620.0,2530.0,670.0,1350.0,880.0,720.0,320.0,7240.0,4810.0,20.0,80.0,210.0,1270.0,370.0,670.0,90.0,140.0,260.0,1940.0,154800.0,790.0,9610.0,10610.0,21180.0,2980.0,13670.0,4700.0,12800.0,17170.0,30190.0,3220.0,9490.0,,1090.0,4000.0,4530.0,330.0,1100.0,120.0,1100.0,320.0,2340.0,1070.0,2560.0,470.0,2380.0,2250.0,320.0,610.0,370.0,510.0,1410.0,1840.0,300.0,120.0,8800.0,130.0,380.0,1130.0,100.0,120.0,480.0,1770.0,6620.0,690.0,1640.0,1170.0,640.0,500.0,7350.0,30.0,100.0,250.0,640.0,120.0,630.0,140.0,320.0,300.0,2070.0,146330.0,830.0,4620.0,8360.0,15400.0,3080.0,7170.0,2660.0,7460.0,20140.0,28510.0,1780.0,5150.0,10.0,2200.0,5570.0,2580.0,760.0,1360.0,210.0,1280.0,470.0,2790.0,1120.0,2710.0,340.0,2960.0,3330.0,640.0,420.0,530.0,840.0,1220.0,1690.0,310.0,140.0,590.0,1310.0,10050.0,170.0,150.0,3210.0,150.0,90.0,870.0,3010.0,7070.0,1200.0,2610.0,990.0,300.0,390.0,6280.0,,70.0,190.0,1200.0,130.0,400.0,90.0,310.0,480.0,3090.0,72510.0,770.0,6810.0,13600.0,23610.0,1930.0,9410.0,4270.0,11010.0,27170.0,40550.0,3310.0,8830.0,,610.0,8150.0,2760.0,10.0,620.0,50.0,870.0
52,Haute-Marne,22.5,21350,52,Haute-Marne,167047,50.6,34.9,13.7,18428.0,13466.0,17105.0,9342.0,209160.0,13.0,3.0,6.0,12.0,54.0,1.0,4.0,196320.0,1272.839654427,1700.0,3007.0,1747.0,85.0,17050.0,28302.0,7826.0,15014.0,1611.0,26707.0,4854.0,2643.0,6571.0,1211.0,213.0,12867.0,16081.0,13348.0,797.0,15533.0,5810.0,6.4,16.7,,,,,,,,,,,,,,,,,,53800.0,43400.0,10400.0,53800.0,45200.0,8600.0,53800.0,41800.0,12000.0,53800.0,47700.0,6100.0,53800.0,46600.0,7200.0,53800.0,48100.0,5700.0,53800.0,53000.0,800.0,53800.0,10100.0,43700.0,53800.0,42800.0,11000.0,53800.0,49000.0,4800.0,,3500.0,13200.0,37100.0,53800.0,3700.0,8400.0,41700.0,53800.0,1200.0,5700.0,46900.0,53800.0,2000.0,6600.0,45100.0,53800.0,2000.0,7400.0,44300.0,53800.0,8100.0,21000.0,16400.0,8300.0,53800.0,53800.0,42700.0,11100.0,53800.0,52300.0,1400.0,53800.0,50400.0,3400.0,53800.0,44400.0,9400.0,53800.0,47600.0,6100.0,53800.0,40400.0,13400.0,53800.0,40800.0,13000.0,53800.0,2600.0,7000.0,44100.0,53800.0,53800.0,29200.0,24500.0,8000.0,11800.0,34000.0,53800.0,53800.0,53800.0,46200.0,7600.0,3000.0,5900.0,44900.0,53800.0,3600.0,12800.0,37300.0,53800.0,800.0,4460.0,2580.0,11770.0,1320.0,7400.0,8150.0,2420.0,2940.0,970.0,1580.0,650.0,290.0,3420.0,5990.0,17410.0,190.0,670.0,7150.0,220.0,340.0,1060.0,3830.0,8090.0,1810.0,2930.0,2920.0,1720.0,1190.0,24020.0,11480.0,90.0,340.0,510.0,3580.0,990.0,1870.0,180.0,400.0,780.0,6190.0,412260.0,2250.0,30730.0,26090.0,58610.0,8040.0,43530.0,16260.0,35870.0,44740.0,84690.0,11360.0,26060.0,20.0,4500.0,11760.0,13460.0,850.0,2770.0,340.0,3670.0,960.0,8090.0,3400.0,9800.0,1440.0,8750.0,7310.0,960.0,2180.0,1250.0,1700.0,3740.0,4680.0,1030.0,430.0,23900.0,340.0,760.0,3210.0,230.0,360.0,1110.0,4030.0,20350.0,1790.0,3580.0,4380.0,1530.0,1500.0,23530.0,80.0,320.0,660.0,1530.0,360.0,1730.0,280.0,920.0,760.0,6630.0,378990.0,1740.0,13350.0,20320.0,42060.0,7180.0,20640.0,9210.0,19460.0,54970.0,81100.0,6140.0,12880.0,20.0,7560.0,15180.0,7010.0,2150.0,3440.0,810.0,3850.0,1390.0,10240.0,4180.0,12140.0,1160.0,11930.0,11200.0,2210.0,2090.0,1680.0,2700.0,3140.0,4310.0,1160.0,550.0,1880.0,4090.0,28630.0,370.0,260.0,10130.0,320.0,290.0,1990.0,6860.0,22300.0,3190.0,5650.0,3730.0,850.0,1320.0,21330.0,10.0,220.0,430.0,3280.0,300.0,1210.0,190.0,890.0,1280.0,9820.0,213140.0,2330.0,22550.0,34040.0,68600.0,5650.0,31230.0,15870.0,30190.0,74760.0,120370.0,12360.0,23500.0,10.0,2800.0,23420.0,8650.0,20.0,1710.0,250.0,3290.0
53,Mayenne,16.5,22230,53,Mayenne,303245,50.5,30.6,12.1,28813.0,21614.0,27304.0,14936.0,602650.0,8.0,3.0,9.0,11.0,84.0,13.0,0.0,434970.0,697.656802297,1677.0,2718.0,3368.0,114.0,21600.0,44716.0,10160.0,22429.0,1856.0,41037.0,6295.0,2573.0,9341.0,1729.0,541.0,13783.0,25615.0,22841.0,470.0,23832.0,7191.0,7.7,19.9,,,,,,,,,,,,,,,,,87.0,84800.0,68900.0,15900.0,84800.0,71800.0,13000.0,84800.0,65800.0,19000.0,84800.0,72600.0,12200.0,84800.0,76900.0,7900.0,84800.0,75200.0,9700.0,84800.0,83300.0,1500.0,84800.0,15200.0,69700.0,84800.0,69800.0,15000.0,84800.0,77000.0,7800.0,14600.0,6100.0,25100.0,53600.0,84800.0,6900.0,12500.0,65400.0,84800.0,1800.0,10900.0,72100.0,84800.0,3300.0,11600.0,69900.0,84800.0,3300.0,9900.0,71700.0,84800.0,11400.0,36100.0,27700.0,9600.0,84800.0,84800.0,68900.0,15900.0,84800.0,80600.0,4200.0,84800.0,79400.0,5500.0,84800.0,69100.0,15800.0,84800.0,74400.0,10400.0,84800.0,60800.0,24000.0,84800.0,61600.0,23200.0,84800.0,3400.0,14400.0,67000.0,84800.0,84800.0,46200.0,38600.0,13600.0,17300.0,54000.0,84800.0,84800.0,84800.0,75500.0,9300.0,4100.0,6200.0,74600.0,84800.0,6600.0,21800.0,56500.0,84800.0,2260.0,9570.0,6220.0,36760.0,4330.0,15760.0,18040.0,5690.0,9400.0,2720.0,3700.0,1270.0,690.0,9440.0,17920.0,86640.0,1120.0,2800.0,19710.0,1000.0,1450.0,3640.0,12960.0,23740.0,4980.0,8370.0,10530.0,7750.0,2380.0,83730.0,47400.0,210.0,1120.0,1860.0,8300.0,3920.0,4470.0,510.0,1110.0,2480.0,15560.0,1319510.0,5070.0,90010.0,82880.0,176150.0,17310.0,120820.0,45360.0,113200.0,156640.0,271810.0,35750.0,87230.0,40.0,13410.0,36380.0,32720.0,2940.0,6700.0,940.0,10440.0,2360.0,19980.0,8640.0,27220.0,4520.0,18070.0,15870.0,2240.0,6600.0,3300.0,3710.0,8100.0,10000.0,2570.0,1330.0,96460.0,1500.0,3730.0,8860.0,830.0,1240.0,3330.0,13350.0,51220.0,4940.0,8900.0,13940.0,7080.0,2670.0,83650.0,260.0,1110.0,2030.0,3210.0,1760.0,4560.0,780.0,2120.0,2080.0,15570.0,1213950.0,5120.0,39250.0,59640.0,115780.0,18630.0,57150.0,27620.0,63560.0,164540.0,231170.0,20910.0,45240.0,80.0,22290.0,40320.0,17330.0,6220.0,9690.0,2180.0,10920.0,3390.0,21430.0,7960.0,31190.0,2530.0,21520.0,21470.0,4160.0,4430.0,4180.0,5820.0,6670.0,9070.0,2380.0,1360.0,4830.0,11860.0,111220.0,1850.0,880.0,27590.0,1150.0,860.0,6190.0,21350.0,53770.0,8390.0,13670.0,10260.0,2830.0,1950.0,60970.0,30.0,590.0,1160.0,6270.0,1140.0,2510.0,440.0,1870.0,3540.0,21730.0,484210.0,4200.0,50250.0,90990.0,161930.0,9190.0,65360.0,39590.0,76190.0,213790.0,312210.0,34360.0,63740.0,30.0,7460.0,61840.0,14430.0,100.0,3300.0,350.0,7310.0
54,Meurthe-et-Moselle,26.7,23010,54,Meurthe-et-Moselle,729358,51.4,27.3,10.1,66796.0,44523.0,58487.0,29070.0,1605890.0,18.0,8.0,18.0,25.0,53.0,0.0,0.0,1354890.0,1957.83365023,10146.0,19967.0,6325.0,482.0,51626.0,81940.0,27573.0,39504.0,10267.0,86829.0,18068.0,11938.0,21704.0,6691.0,632.0,39043.0,43687.0,35979.0,5649.0,47346.0,20772.0,6.4,17.7,,,,,,,,,,,,,,,,,,183600.0,149300.0,34400.0,183600.0,154300.0,29300.0,183600.0,150200.0,33500.0,183600.0,165300.0,18400.0,183600.0,160600.0,23100.0,183600.0,164600.0,19000.0,183600.0,180100.0,3500.0,183600.0,32900.0,150700.0,183600.0,154100.0,29500.0,183600.0,170000.0,13600.0,33500.0,9100.0,53800.0,120700.0,183600.0,11200.0,24900.0,147500.0,183600.0,3500.0,24000.0,156200.0,183600.0,4100.0,18200.0,161300.0,183600.0,4200.0,22100.0,157400.0,183600.0,25700.0,71900.0,63300.0,22800.0,183600.0,183600.0,149600.0,34000.0,183600.0,174700.0,9000.0,183600.0,176100.0,7600.0,183600.0,154400.0,29200.0,183600.0,167200.0,16500.0,183600.0,140400.0,43300.0,183600.0,143400.0,40200.0,183600.0,6600.0,22400.0,154600.0,183600.0,183600.0,90300.0,93400.0,24700.0,44100.0,114800.0,183600.0,183600.0,183600.0,161500.0,22100.0,11400.0,15800.0,156400.0,183600.0,8400.0,53900.0,121300.0,183600.0,1460.0,5520.0,3940.0,25570.0,2500.0,9480.0,10490.0,3540.0,5210.0,1640.0,2370.0,810.0,410.0,5800.0,10200.0,53690.0,620.0,1790.0,10520.0,640.0,830.0,2140.0,7200.0,15340.0,3150.0,4960.0,6100.0,5130.0,1530.0,51100.0,24140.0,110.0,670.0,880.0,5020.0,2370.0,2610.0,280.0,660.0,1460.0,9270.0,745210.0,3280.0,53830.0,63030.0,117430.0,10130.0,72030.0,31500.0,75380.0,113460.0,178860.0,25340.0,59500.0,20.0,8170.0,22670.0,19580.0,1560.0,3250.0,270.0,6280.0,1500.0,12650.0,5400.0,19560.0,2670.0,11320.0,9620.0,1290.0,3660.0,2200.0,2540.0,5220.0,6110.0,1790.0,850.0,61600.0,890.0,2390.0,4350.0,580.0,780.0,2000.0,7710.0,33320.0,3070.0,5400.0,7970.0,4670.0,1670.0,52900.0,130.0,670.0,1130.0,2140.0,1020.0,2710.0,400.0,1380.0,1260.0,9350.0,696980.0,3000.0,23200.0,45970.0,77670.0,10170.0,34080.0,19600.0,41540.0,118390.0,154580.0,15270.0,30240.0,40.0,14370.0,25990.0,11020.0,3490.0,4240.0,780.0,6640.0,2190.0,12810.0,4780.0,25190.0,1540.0,13400.0,12860.0,2590.0,2540.0,2770.0,3890.0,4340.0,5480.0,1650.0,890.0,3090.0,6790.0,70950.0,1060.0,660.0,14320.0,790.0,490.0,3690.0,11890.0,34490.0,5320.0,8290.0,6020.0,1990.0,1320.0,40380.0,10.0,400.0,660.0,3970.0,800.0,1510.0,220.0,1170.0,2110.0,12930.0,306240.0,3120.0,30930.0,67820.0,107690.0,6180.0,39940.0,28780.0,53320.0,150910.0,204870.0,25280.0,45340.0,10.0,4510.0,38990.0,8720.0,50.0,1870.0,160.0,4660.0
55,Meuse,25.0,21890,55,Meuse,177024,50.3,33.3,12.2,19137.0,12667.0,18362.0,8861.0,276360.0,4.0,2.0,5.0,14.0,16.0,1.0,0.0,257850.0,1622.370912418,436.0,3652.0,1938.0,81.0,16105.0,29003.0,7824.0,14238.0,1857.0,27121.0,4716.0,2686.0,6161.0,487.0,157.0,11651.0,15526.0,12127.0,918.0,14900.0,5470.0,7,19.8,,,,,,,,,,,,,,,,,79.0,53800.0,41900.0,12000.0,53800.0,43700.0,10100.0,53800.0,40500.0,13400.0,53800.0,47500.0,6300.0,53800.0,47800.0,6000.0,53800.0,47600.0,6200.0,53800.0,53100.0,800.0,53800.0,9900.0,44000.0,53800.0,42700.0,11200.0,53800.0,48600.0,5200.0,8000.0,4400.0,13900.0,35500.0,53800.0,3500.0,9900.0,40400.0,53800.0,1000.0,7600.0,45200.0,53800.0,1600.0,6700.0,45500.0,53800.0,1900.0,6500.0,45400.0,53800.0,4900.0,21000.0,21800.0,6200.0,53800.0,53800.0,42000.0,11800.0,53800.0,51800.0,2000.0,53800.0,51200.0,2700.0,53800.0,43900.0,10000.0,53800.0,47200.0,6600.0,53800.0,38700.0,15200.0,53800.0,39700.0,14100.0,53800.0,3200.0,7600.0,43000.0,53800.0,53800.0,23900.0,29900.0,8300.0,13400.0,32200.0,53800.0,53800.0,53800.0,48400.0,5400.0,2700.0,4500.0,46600.0,53800.0,2600.0,15300.0,35900.0,53800.0,260.0,1050.0,640.0,3540.0,340.0,1930.0,2020.0,710.0,940.0,340.0,390.0,210.0,100.0,900.0,1640.0,6890.0,60.0,280.0,2020.0,100.0,100.0,400.0,1410.0,3400.0,570.0,1030.0,900.0,480.0,210.0,8910.0,3000.0,10.0,70.0,200.0,830.0,310.0,400.0,50.0,150.0,260.0,1520.0,120800.0,700.0,9530.0,7900.0,17520.0,2580.0,13600.0,4060.0,9750.0,14050.0,26320.0,2820.0,7180.0,,1500.0,4250.0,4360.0,420.0,1000.0,110.0,990.0,260.0,2030.0,790.0,2800.0,340.0,2130.0,1830.0,250.0,730.0,350.0,430.0,1230.0,1130.0,270.0,120.0,8460.0,120.0,310.0,970.0,100.0,80.0,440.0,1470.0,7830.0,680.0,1220.0,1100.0,420.0,240.0,7890.0,10.0,80.0,230.0,370.0,90.0,430.0,80.0,380.0,260.0,1740.0,110200.0,550.0,4090.0,5670.0,11750.0,2310.0,6170.0,2250.0,5120.0,16720.0,24090.0,1610.0,3570.0,10.0,2040.0,5240.0,2150.0,800.0,1250.0,300.0,1050.0,420.0,2470.0,970.0,3740.0,270.0,2870.0,2710.0,590.0,550.0,500.0,660.0,1090.0,1040.0,320.0,150.0,530.0,1130.0,10810.0,130.0,120.0,2920.0,150.0,70.0,770.0,2520.0,8830.0,1150.0,1950.0,950.0,260.0,230.0,7980.0,,50.0,160.0,770.0,120.0,330.0,50.0,340.0,430.0,2520.0,67060.0,690.0,7240.0,9830.0,20320.0,1780.0,9940.0,4010.0,8560.0,22950.0,37140.0,3150.0,6820.0,10.0,850.0,8290.0,2730.0,70.0,640.0,80.0,880.0
56,Morbihan,18.3,23140,56,Morbihan,789465,51.3,34.7,13.2,90017.0,61740.0,80186.0,42277.0,2532900.0,15.0,5.0,16.0,33.0,143.0,2.0,4.0,1981290.0,850.462642432,6271.0,11797.0,12542.0,596.0,52888.0,121011.0,34088.0,48398.0,4253.0,117954.0,21738.0,8030.0,26067.0,5837.0,1304.0,37614.0,61762.0,48708.0,1175.0,63204.0,19190.0,6.5,17.6,,,,,,,,,,,,,,,,,81.0,241700.0,198300.0,43400.0,241700.0,206300.0,35400.0,241700.0,197600.0,44100.0,241700.0,215600.0,26200.0,241700.0,216800.0,25000.0,241700.0,217200.0,24500.0,241700.0,235700.0,6000.0,241700.0,40300.0,201400.0,241700.0,203200.0,38500.0,241700.0,220600.0,21100.0,33800.0,15400.0,56100.0,170200.0,241700.0,13700.0,28300.0,199700.0,241700.0,6700.0,24500.0,210500.0,241700.0,4900.0,26400.0,210400.0,241700.0,6400.0,26400.0,209000.0,241700.0,41900.0,103400.0,73500.0,22900.0,241700.0,241700.0,198100.0,43600.0,241700.0,228600.0,13100.0,241700.0,231700.0,10000.0,241700.0,207400.0,34300.0,241700.0,216800.0,24900.0,241700.0,190000.0,51700.0,241700.0,192500.0,49200.0,241700.0,9600.0,25700.0,206400.0,241700.0,241700.0,129400.0,112300.0,29000.0,37800.0,174900.0,241700.0,241700.0,241700.0,213600.0,28100.0,8400.0,17200.0,216100.0,241700.0,12600.0,61100.0,168000.0,241700.0,540.0,2990.0,1700.0,7380.0,1030.0,5080.0,5160.0,2050.0,3020.0,680.0,1020.0,440.0,250.0,2750.0,4670.0,24930.0,290.0,920.0,5590.0,280.0,440.0,1080.0,3940.0,10400.0,1440.0,2560.0,2550.0,1650.0,560.0,20060.0,11360.0,50.0,240.0,580.0,2960.0,1280.0,1320.0,170.0,400.0,890.0,4330.0,380680.0,1790.0,19010.0,22570.0,48680.0,6160.0,27230.0,9960.0,23540.0,44770.0,77170.0,7730.0,18040.0,10.0,2660.0,12000.0,8920.0,910.0,2960.0,350.0,2900.0,630.0,5730.0,2320.0,6250.0,1120.0,6310.0,5170.0,890.0,2190.0,920.0,1120.0,2850.0,3700.0,740.0,310.0,30320.0,450.0,1180.0,3020.0,300.0,430.0,1110.0,3930.0,23680.0,1650.0,3010.0,3260.0,1590.0,660.0,19300.0,70.0,270.0,710.0,1310.0,510.0,1310.0,280.0,810.0,790.0,4700.0,354470.0,1610.0,8520.0,17290.0,34760.0,6250.0,13250.0,6310.0,13140.0,53140.0,73390.0,4840.0,9440.0,10.0,4380.0,14660.0,4440.0,2000.0,3820.0,750.0,3180.0,870.0,6880.0,2430.0,6980.0,760.0,7800.0,7040.0,1590.0,2370.0,1150.0,1730.0,2360.0,3380.0,800.0,430.0,1420.0,3160.0,35640.0,540.0,250.0,8320.0,370.0,350.0,1980.0,6860.0,26060.0,2630.0,4600.0,2790.0,750.0,460.0,16810.0,,190.0,500.0,2450.0,380.0,760.0,160.0,760.0,1360.0,6620.0,166610.0,1560.0,11600.0,26680.0,49590.0,3670.0,16550.0,9430.0,19040.0,69190.0,100340.0,7960.0,15690.0,10.0,2050.0,22050.0,5040.0,30.0,1520.0,160.0,1960.0
57,Moselle,24.4,22980,57,Moselle,1050955,51,28.8,10,104823.0,62594.0,93268.0,42177.0,2310470.0,27.0,9.0,58.0,28.0,48.0,4.0,0.0,1851770.0,2490.179054953,11608.0,36674.0,8914.0,665.0,82448.0,117358.0,36313.0,61562.0,22378.0,124648.0,23555.0,15253.0,28151.0,7355.0,597.0,58583.0,60988.0,52676.0,12234.0,65413.0,28169.0,6.7,19.8,,,,,,,,,,,,,,,,,80.0,275100.0,210900.0,64200.0,275100.0,220400.0,54700.0,275100.0,220300.0,54900.0,275100.0,243600.0,31600.0,275100.0,237200.0,37900.0,275100.0,244400.0,30700.0,275100.0,268000.0,7200.0,275100.0,55600.0,219600.0,275100.0,229300.0,45800.0,275100.0,257100.0,18000.0,50700.0,16300.0,76800.0,182000.0,275100.0,23200.0,52500.0,199400.0,275100.0,5600.0,35800.0,233700.0,275100.0,10500.0,41500.0,223200.0,275100.0,11800.0,36600.0,226800.0,275100.0,27100.0,115900.0,94900.0,37200.0,275100.0,275100.0,206700.0,68400.0,275100.0,262200.0,12900.0,275100.0,257600.0,17500.0,275100.0,219600.0,55500.0,275100.0,249300.0,25800.0,275100.0,197900.0,77200.0,275100.0,203900.0,71200.0,275100.0,15600.0,42000.0,217600.0,275100.0,275100.0,117200.0,157900.0,43400.0,67600.0,164100.0,275100.0,275100.0,275100.0,237300.0,37800.0,18800.0,28000.0,228300.0,275100.0,14600.0,86300.0,174200.0,275100.0,580.0,2000.0,1860.0,6510.0,920.0,4380.0,5140.0,1650.0,2040.0,630.0,970.0,430.0,180.0,2340.0,4400.0,19240.0,150.0,540.0,4900.0,310.0,270.0,920.0,3440.0,6250.0,1570.0,2710.0,2200.0,1210.0,450.0,16850.0,7370.0,40.0,210.0,380.0,2320.0,780.0,860.0,140.0,330.0,800.0,3690.0,281470.0,2270.0,23880.0,19330.0,45110.0,6180.0,32220.0,6520.0,28170.0,35030.0,67840.0,4720.0,21630.0,10.0,2570.0,9490.0,8810.0,490.0,1820.0,220.0,2110.0,660.0,4460.0,2740.0,5650.0,960.0,5460.0,4860.0,730.0,1430.0,840.0,1000.0,2600.0,3610.0,720.0,290.0,23820.0,250.0,820.0,2380.0,280.0,280.0,970.0,3640.0,15280.0,1630.0,3140.0,3030.0,1060.0,610.0,16770.0,40.0,250.0,460.0,1070.0,290.0,820.0,220.0,670.0,680.0,4120.0,259740.0,1980.0,10330.0,15170.0,31950.0,5810.0,14890.0,3690.0,15180.0,41710.0,63120.0,2660.0,10960.0,20.0,4670.0,12260.0,4510.0,1140.0,2270.0,500.0,2540.0,960.0,5080.0,3170.0,6580.0,780.0,7020.0,7130.0,1500.0,1370.0,1120.0,1650.0,2210.0,3270.0,780.0,340.0,1300.0,3140.0,29780.0,290.0,220.0,7100.0,440.0,230.0,1740.0,6170.0,16670.0,2800.0,5090.0,2670.0,670.0,550.0,15670.0,,180.0,310.0,2180.0,300.0,590.0,140.0,680.0,1290.0,5910.0,152230.0,2190.0,17510.0,24630.0,50680.0,4310.0,23110.0,6370.0,24330.0,56280.0,92580.0,5100.0,19960.0,10.0,1880.0,18690.0,5660.0,30.0,1090.0,210.0,1910.0
57,Moselle,24.4,22980,57,Moselle,1050955,51,28.8,10,104823.0,62594.0,93268.0,42177.0,2310470.0,27.0,9.0,58.0,28.0,48.0,4.0,0.0,1851770.0,2490.179054953,11608.0,36674.0,8914.0,665.0,82448.0,117358.0,36313.0,61562.0,22378.0,124648.0,23555.0,15253.0,28151.0,7355.0,597.0,58583.0,60988.0,52676.0,12234.0,65413.0,28169.0,6.7,19.8,,,,,,,,,,,,,,,,,79.0,275100.0,210900.0,64200.0,275100.0,220400.0,54700.0,275100.0,220300.0,54900.0,275100.0,243600.0,31600.0,275100.0,237200.0,37900.0,275100.0,244400.0,30700.0,275100.0,268000.0,7200.0,275100.0,55600.0,219600.0,275100.0,229300.0,45800.0,275100.0,257100.0,18000.0,50700.0,16300.0,76800.0,182000.0,275100.0,23200.0,52500.0,199400.0,275100.0,5600.0,35800.0,233700.0,275100.0,10500.0,41500.0,223200.0,275100.0,11800.0,36600.0,226800.0,275100.0,27100.0,115900.0,94900.0,37200.0,275100.0,275100.0,206700.0,68400.0,275100.0,262200.0,12900.0,275100.0,257600.0,17500.0,275100.0,219600.0,55500.0,275100.0,249300.0,25800.0,275100.0,197900.0,77200.0,275100.0,203900.0,71200.0,275100.0,15600.0,42000.0,217600.0,275100.0,275100.0,117200.0,157900.0,43400.0,67600.0,164100.0,275100.0,275100.0,275100.0,237300.0,37800.0,18800.0,28000.0,228300.0,275100.0,14600.0,86300.0,174200.0,275100.0,580.0,2000.0,1860.0,6510.0,920.0,4380.0,5140.0,1650.0,2040.0,630.0,970.0,430.0,180.0,2340.0,4400.0,19240.0,150.0,540.0,4900.0,310.0,270.0,920.0,3440.0,6250.0,1570.0,2710.0,2200.0,1210.0,450.0,16850.0,7370.0,40.0,210.0,380.0,2320.0,780.0,860.0,140.0,330.0,800.0,3690.0,281470.0,2270.0,23880.0,19330.0,45110.0,6180.0,32220.0,6520.0,28170.0,35030.0,67840.0,4720.0,21630.0,10.0,2570.0,9490.0,8810.0,490.0,1820.0,220.0,2110.0,660.0,4460.0,2740.0,5650.0,960.0,5460.0,4860.0,730.0,1430.0,840.0,1000.0,2600.0,3610.0,720.0,290.0,23820.0,250.0,820.0,2380.0,280.0,280.0,970.0,3640.0,15280.0,1630.0,3140.0,3030.0,1060.0,610.0,16770.0,40.0,250.0,460.0,1070.0,290.0,820.0,220.0,670.0,680.0,4120.0,259740.0,1980.0,10330.0,15170.0,31950.0,5810.0,14890.0,3690.0,15180.0,41710.0,63120.0,2660.0,10960.0,20.0,4670.0,12260.0,4510.0,1140.0,2270.0,500.0,2540.0,960.0,5080.0,3170.0,6580.0,780.0,7020.0,7130.0,1500.0,1370.0,1120.0,1650.0,2210.0,3270.0,780.0,340.0,1300.0,3140.0,29780.0,290.0,220.0,7100.0,440.0,230.0,1740.0,6170.0,16670.0,2800.0,5090.0,2670.0,670.0,550.0,15670.0,,180.0,310.0,2180.0,300.0,590.0,140.0,680.0,1290.0,5910.0,152230.0,2190.0,17510.0,24630.0,50680.0,4310.0,23110.0,6370.0,24330.0,56280.0,92580.0,5100.0,19960.0,10.0,1880.0,18690.0,5660.0,30.0,1090.0,210.0,1910.0
58,Nièvre,25.4,21380,58,Nièvre,199666,51.8,38.9,15.6,24298.0,18743.0,22216.0,12502.0,326390.0,10.0,4.0,14.0,21.0,54.0,1.0,1.0,289590.0,791.041317888,1634.0,4054.0,3215.0,117.0,17686.0,39238.0,11802.0,16932.0,2529.0,36973.0,7115.0,3464.0,9423.0,1583.0,184.0,14271.0,22252.0,17158.0,992.0,21677.0,7344.0,8.6,21.8,,,,,,,,,,,,,,,,,83.0,72700.0,59300.0,13400.0,72700.0,62300.0,10400.0,72700.0,56900.0,15800.0,72700.0,65200.0,7500.0,72700.0,62200.0,10500.0,72700.0,65600.0,7000.0,72700.0,71300.0,1400.0,72700.0,13000.0,59700.0,72700.0,60000.0,12600.0,72700.0,65500.0,7200.0,,3800.0,19100.0,49800.0,72700.0,5900.0,12900.0,53900.0,72700.0,1800.0,8700.0,62200.0,72700.0,2500.0,9200.0,61000.0,72700.0,2600.0,9200.0,61000.0,72700.0,6900.0,29000.0,26400.0,10300.0,72700.0,72700.0,55800.0,16900.0,72700.0,69400.0,3200.0,72700.0,68500.0,4200.0,72700.0,57900.0,14800.0,72700.0,65300.0,7300.0,72700.0,51900.0,20800.0,72700.0,54400.0,18300.0,72700.0,4400.0,10400.0,57800.0,72700.0,72700.0,37500.0,35200.0,12100.0,16600.0,43900.0,72700.0,72700.0,72700.0,61700.0,11000.0,4000.0,6100.0,62600.0,72700.0,4900.0,20700.0,47100.0,72700.0,540.0,2100.0,1680.0,8230.0,1010.0,4610.0,5250.0,2040.0,2460.0,610.0,920.0,440.0,200.0,2820.0,4660.0,16600.0,130.0,540.0,4210.0,300.0,320.0,760.0,2640.0,5290.0,1330.0,1990.0,2530.0,1730.0,680.0,17580.0,14500.0,60.0,300.0,400.0,2430.0,1000.0,1700.0,190.0,280.0,600.0,4090.0,424750.0,1800.0,26010.0,14190.0,40970.0,5910.0,34500.0,6890.0,22230.0,26330.0,59710.0,4800.0,16600.0,10.0,2460.0,8610.0,9440.0,1000.0,1970.0,530.0,2500.0,630.0,4300.0,2710.0,6370.0,1040.0,5360.0,4950.0,810.0,1580.0,720.0,950.0,2440.0,3060.0,620.0,280.0,21250.0,270.0,640.0,2100.0,320.0,340.0,770.0,3060.0,14070.0,1500.0,2610.0,3240.0,1480.0,700.0,16690.0,80.0,280.0,620.0,1050.0,390.0,1420.0,310.0,640.0,590.0,4360.0,390330.0,1500.0,11210.0,13240.0,31670.0,5290.0,15870.0,4110.0,12140.0,36750.0,59190.0,2810.0,8550.0,20.0,3650.0,11030.0,4930.0,2000.0,2510.0,950.0,2580.0,890.0,4970.0,2750.0,6460.0,790.0,6390.0,6580.0,1480.0,1180.0,890.0,1430.0,2010.0,2780.0,710.0,380.0,1350.0,2950.0,23940.0,260.0,150.0,6140.0,410.0,210.0,1380.0,4800.0,14380.0,2420.0,3650.0,2490.0,720.0,520.0,13310.0,10.0,160.0,340.0,1990.0,270.0,850.0,190.0,530.0,950.0,6100.0,154080.0,1610.0,15570.0,18990.0,45220.0,3420.0,20190.0,5560.0,15540.0,44940.0,80210.0,4490.0,12660.0,10.0,1270.0,16270.0,4650.0,40.0,1030.0,230.0,1710.0
59,Nord,30.3,21340,59,Nord,2615505,51.7,24.8,8.9,224876.0,144083.0,192111.0,88336.0,5170670.0,57.0,23.0,92.0,72.0,74.0,0.0,5.0,4013360.0,2874.794,33895.0,30884.0,21843.0,1465.0,167191.0,297919.0,87930.0,159129.0,30218.0,264876.0,59900.0,50408.0,67413.0,23330.0,2764.0,105730.0,141688.0,119954.0,13382.0,130056.0,69567.0,8.4,24,,,,,,,,,,,,,,,,,83.0,587800.0,434400.0,153500.0,587800.0,455300.0,132500.0,587800.0,457000.0,130800.0,587800.0,506000.0,81900.0,587800.0,509600.0,78300.0,587800.0,511900.0,75900.0,587800.0,578100.0,9700.0,587800.0,122100.0,465800.0,587800.0,470700.0,117100.0,587800.0,544500.0,43400.0,145800.0,45900.0,137900.0,404000.0,587800.0,48700.0,103800.0,435400.0,587800.0,22400.0,71800.0,493600.0,587800.0,24700.0,75500.0,487700.0,587800.0,29800.0,70300.0,487700.0,587800.0,76400.0,215700.0,206800.0,89000.0,587800.0,587800.0,437500.0,150400.0,587800.0,565500.0,22400.0,587800.0,545500.0,42400.0,587800.0,447400.0,140400.0,587800.0,515800.0,72100.0,587800.0,406700.0,181100.0,587800.0,414700.0,173100.0,587800.0,30500.0,83700.0,473600.0,587800.0,587800.0,267200.0,320600.0,117000.0,142700.0,328200.0,587800.0,587800.0,587800.0,506500.0,81300.0,50100.0,60600.0,477200.0,587800.0,37000.0,165100.0,385800.0,587800.0,780.0,3670.0,2980.0,21680.0,1840.0,8080.0,9620.0,4090.0,3760.0,1280.0,1840.0,780.0,520.0,5040.0,10790.0,40230.0,450.0,1050.0,7340.0,580.0,740.0,1600.0,5010.0,9630.0,1990.0,3510.0,5910.0,3590.0,1130.0,43230.0,28080.0,80.0,570.0,900.0,4680.0,1890.0,2780.0,310.0,440.0,1040.0,7590.0,745940.0,3240.0,40900.0,34320.0,81150.0,10440.0,55540.0,15580.0,41780.0,64670.0,121410.0,10810.0,31350.0,30.0,3700.0,14530.0,16670.0,2230.0,3710.0,1920.0,4630.0,1110.0,7230.0,3980.0,16580.0,1760.0,9000.0,8430.0,1250.0,2520.0,1440.0,1840.0,4470.0,6030.0,1060.0,640.0,50200.0,730.0,1390.0,3530.0,510.0,630.0,1630.0,5430.0,24640.0,2180.0,4210.0,7370.0,3080.0,1230.0,39420.0,90.0,480.0,1030.0,1560.0,760.0,2350.0,480.0,1240.0,930.0,8430.0,689370.0,2740.0,17690.0,28040.0,59360.0,9320.0,24950.0,8680.0,21250.0,78040.0,114550.0,6100.0,15430.0,60.0,5830.0,18240.0,7600.0,5170.0,4570.0,2270.0,4860.0,1250.0,7940.0,3760.0,15060.0,1190.0,10260.0,10970.0,2190.0,1950.0,1870.0,2770.0,3640.0,5480.0,1150.0,840.0,2210.0,6770.0,50590.0,770.0,270.0,10520.0,680.0,370.0,2770.0,8300.0,24200.0,3490.0,5920.0,5030.0,1300.0,900.0,27080.0,10.0,290.0,580.0,3000.0,460.0,1230.0,230.0,900.0,1560.0,10450.0,233830.0,2270.0,22820.0,38930.0,72860.0,5120.0,30400.0,11470.0,26870.0,92140.0,138590.0,9080.0,21850.0,20.0,2020.0,25990.0,7880.0,60.0,1610.0,530.0,2790.0
60,Oise,20.2,23330,60,Oise,829583,51,25,8.7,70760.0,42625.0,64289.0,29790.0,1778600.0,15.0,7.0,10.0,15.0,31.0,0.0,0.0,1156120.0,2137.422387394,6706.0,16676.0,6960.0,734.0,53164.0,95520.0,25584.0,51802.0,11525.0,92172.0,16836.0,10421.0,17461.0,4960.0,623.0,30682.0,40777.0,34604.0,3623.0,41458.0,15837.0,5.4,16,,,,,,,,,,,,,,,,,81.0,189600.0,156500.0,33100.0,189600.0,161100.0,28500.0,189600.0,155100.0,34500.0,189600.0,174000.0,15600.0,189600.0,170700.0,18900.0,189600.0,165800.0,23800.0,189600.0,186200.0,3400.0,189600.0,33900.0,155700.0,189600.0,158800.0,30800.0,189600.0,177100.0,12500.0,47800.0,9500.0,41000.0,139100.0,189600.0,13200.0,26800.0,149700.0,189600.0,3400.0,20400.0,165800.0,189600.0,4000.0,21200.0,164400.0,189600.0,4000.0,21300.0,164300.0,189600.0,29800.0,79400.0,58700.0,21700.0,189600.0,189600.0,149500.0,40100.0,189600.0,182400.0,7200.0,189600.0,182400.0,7200.0,189600.0,156300.0,33300.0,189600.0,171100.0,18500.0,189600.0,142700.0,46900.0,189600.0,147200.0,42400.0,189600.0,6800.0,23600.0,159200.0,189600.0,189600.0,97900.0,91700.0,27200.0,42000.0,120400.0,189600.0,189600.0,189600.0,164200.0,25400.0,9000.0,16900.0,163700.0,189600.0,11100.0,49300.0,129200.0,189600.0,500.0,2440.0,1530.0,8020.0,930.0,3720.0,4140.0,1460.0,2090.0,550.0,880.0,400.0,230.0,2350.0,3850.0,19920.0,180.0,700.0,4090.0,200.0,370.0,880.0,2680.0,4840.0,1390.0,1940.0,2440.0,2020.0,560.0,19220.0,8740.0,40.0,270.0,310.0,2280.0,980.0,1340.0,130.0,270.0,570.0,3570.0,285950.0,1360.0,20000.0,24020.0,45110.0,4690.0,27690.0,13570.0,33260.0,42150.0,67390.0,10080.0,25990.0,10.0,2920.0,8700.0,8330.0,520.0,1530.0,210.0,2420.0,550.0,4990.0,2180.0,6740.0,960.0,4420.0,3630.0,550.0,1500.0,760.0,850.0,2170.0,2380.0,650.0,370.0,23640.0,290.0,940.0,1810.0,180.0,330.0,920.0,2950.0,11670.0,1410.0,2420.0,3230.0,1820.0,820.0,18950.0,30.0,260.0,430.0,950.0,350.0,1110.0,190.0,500.0,520.0,3680.0,266760.0,1410.0,8790.0,17810.0,30900.0,4860.0,13020.0,8660.0,18470.0,44680.0,59340.0,6350.0,13660.0,20.0,4710.0,10900.0,4250.0,1250.0,2120.0,370.0,2770.0,790.0,5500.0,1960.0,7720.0,600.0,5400.0,5140.0,1220.0,1140.0,940.0,1350.0,1850.0,2140.0,660.0,420.0,1260.0,2590.0,27570.0,340.0,300.0,5700.0,240.0,290.0,1630.0,4690.0,12150.0,2430.0,3530.0,2710.0,800.0,570.0,15880.0,10.0,180.0,260.0,1860.0,330.0,530.0,100.0,480.0,860.0,5160.0,124650.0,1220.0,12450.0,26960.0,43530.0,2700.0,16440.0,11950.0,23220.0,58330.0,80410.0,10040.0,19610.0,,1510.0,16090.0,3940.0,70.0,830.0,90.0,1880.0
61,Orne,23.0,21400,61,Orne,271896,51,35.7,14.1,30326.0,22965.0,28438.0,15455.0,589250.0,10.0,7.0,11.0,13.0,41.0,1.0,0.0,514150.0,1151.363713103,1105.0,4230.0,3821.0,176.0,21990.0,47954.0,12488.0,23845.0,2480.0,42689.0,7570.0,3622.0,10481.0,1670.0,365.0,16101.0,27220.0,23446.0,814.0,24980.0,7950.0,9.2,23.8,,,,,,,,,,,,,,,,,82.0,89800.0,73500.0,16300.0,89800.0,77500.0,12300.0,89800.0,75400.0,14400.0,89800.0,80200.0,9600.0,89800.0,82400.0,7400.0,89800.0,79300.0,10500.0,89800.0,89100.0,700.0,89800.0,14000.0,75800.0,89800.0,77800.0,12000.0,89800.0,83600.0,6200.0,12200.0,5300.0,21900.0,62600.0,89800.0,6200.0,13500.0,70100.0,89800.0,2100.0,9900.0,77800.0,89800.0,3400.0,10100.0,76300.0,89800.0,3500.0,9100.0,77200.0,89800.0,11200.0,40400.0,28000.0,10200.0,89800.0,89800.0,75500.0,14300.0,89800.0,86100.0,3700.0,89800.0,84000.0,5800.0,89800.0,76000.0,13800.0,89800.0,80900.0,8900.0,89800.0,68000.0,21800.0,89800.0,69800.0,20000.0,89800.0,3600.0,12100.0,74100.0,89800.0,89800.0,48900.0,40900.0,10600.0,20700.0,58500.0,89800.0,89800.0,89800.0,81500.0,8300.0,3100.0,6100.0,80600.0,89800.0,4500.0,24100.0,61200.0,89800.0,1030.0,5370.0,3390.0,20950.0,2030.0,10540.0,11750.0,3250.0,3920.0,1380.0,2200.0,1130.0,630.0,5200.0,9660.0,31530.0,420.0,890.0,9390.0,500.0,670.0,1440.0,6020.0,15030.0,2910.0,3760.0,4940.0,3420.0,1160.0,38190.0,16850.0,120.0,540.0,800.0,5200.0,1490.0,3790.0,260.0,590.0,1250.0,7710.0,605300.0,3700.0,43750.0,36550.0,74860.0,10480.0,61200.0,23860.0,52690.0,65330.0,113950.0,16750.0,38900.0,10.0,5290.0,18520.0,20350.0,1380.0,3590.0,840.0,4480.0,1200.0,10390.0,4560.0,15120.0,1840.0,12530.0,10930.0,1070.0,2810.0,1650.0,2140.0,5390.0,6490.0,1390.0,780.0,42690.0,720.0,1050.0,4200.0,500.0,540.0,1500.0,6770.0,34890.0,3070.0,4610.0,5660.0,3030.0,1160.0,33680.0,130.0,540.0,1080.0,1920.0,570.0,2550.0,370.0,1460.0,1290.0,8140.0,555120.0,2800.0,19270.0,27420.0,52890.0,9240.0,27880.0,13960.0,27800.0,79170.0,109440.0,10020.0,19790.0,20.0,7520.0,23470.0,9620.0,3020.0,4670.0,1880.0,4350.0,1740.0,12750.0,5280.0,21410.0,1800.0,16590.0,16060.0,2450.0,2190.0,2260.0,3600.0,4690.0,6060.0,1820.0,1110.0,2930.0,6850.0,52530.0,910.0,270.0,13280.0,750.0,530.0,2710.0,11060.0,39180.0,5390.0,7040.0,5280.0,1970.0,1150.0,33510.0,30.0,460.0,720.0,4470.0,520.0,1810.0,250.0,1330.0,2090.0,12070.0,313340.0,3920.0,30950.0,46600.0,87840.0,7380.0,41800.0,21900.0,41750.0,108930.0,164950.0,17390.0,33340.0,10.0,3560.0,36300.0,12060.0,60.0,1980.0,590.0,3680.0
62,Pas-de-Calais,29.1,20720,62,Pas-de-Calais,1450306,51.4,27.7,9.6,139275.0,86954.0,122917.0,52951.0,3136310.0,23.0,11.0,88.0,52.0,18.0,24.0,18.0,2494450.0,3456.956418389,9728.0,14142.0,13585.0,1017.0,109298.0,200484.0,50995.0,104605.0,6702.0,165304.0,34658.0,26473.0,42802.0,6609.0,1206.0,68864.0,99161.0,82382.0,3787.0,79844.0,43095.0,10.1,29.7,,,,,,,,,,,,,,,,,,368500.0,275400.0,93100.0,368500.0,284300.0,84200.0,368500.0,284700.0,83800.0,368500.0,319400.0,49100.0,368500.0,321300.0,47200.0,368500.0,331700.0,36800.0,368500.0,363200.0,5400.0,368500.0,68100.0,300400.0,368500.0,291800.0,76700.0,368500.0,339500.0,29000.0,74600.0,23400.0,91800.0,253300.0,368500.0,33800.0,67100.0,267700.0,368500.0,10600.0,53200.0,304700.0,368500.0,12500.0,58200.0,297800.0,368500.0,15500.0,51500.0,301500.0,368500.0,42200.0,142800.0,127200.0,56300.0,368500.0,368500.0,279300.0,89200.0,368500.0,347500.0,21000.0,368500.0,345600.0,22900.0,368500.0,278400.0,90100.0,368500.0,325600.0,42900.0,368500.0,251100.0,117400.0,368500.0,256300.0,112200.0,368500.0,19800.0,63500.0,285200.0,368500.0,368500.0,166400.0,202100.0,76600.0,78700.0,213100.0,368500.0,368500.0,368500.0,310600.0,58000.0,30200.0,35800.0,302600.0,368500.0,23300.0,114700.0,230600.0,368500.0,380.0,1490.0,1080.0,5430.0,650.0,2930.0,3510.0,1220.0,1690.0,450.0,710.0,280.0,140.0,1680.0,2760.0,12140.0,90.0,460.0,2960.0,130.0,200.0,550.0,2260.0,4190.0,960.0,1380.0,2250.0,1010.0,360.0,13310.0,6290.0,20.0,170.0,240.0,1330.0,580.0,760.0,110.0,150.0,380.0,2690.0,220030.0,910.0,16630.0,15330.0,33410.0,3460.0,22580.0,5120.0,20650.0,26150.0,48390.0,3940.0,16000.0,10.0,1750.0,6440.0,6760.0,380.0,1210.0,280.0,1600.0,440.0,3320.0,1640.0,4610.0,710.0,3500.0,3330.0,470.0,1190.0,610.0,850.0,1770.0,2100.0,440.0,220.0,14950.0,160.0,600.0,1460.0,130.0,200.0,640.0,2580.0,11190.0,1110.0,1930.0,2870.0,870.0,560.0,13090.0,30.0,170.0,300.0,540.0,190.0,730.0,190.0,380.0,380.0,2830.0,201840.0,910.0,7280.0,12080.0,23380.0,3330.0,10560.0,3010.0,10850.0,31140.0,44790.0,2300.0,8060.0,10.0,2890.0,8950.0,3450.0,780.0,1610.0,470.0,1710.0,620.0,3780.0,1720.0,4770.0,530.0,4300.0,4630.0,1020.0,820.0,780.0,1290.0,1520.0,1920.0,470.0,260.0,870.0,1830.0,17700.0,180.0,200.0,4310.0,190.0,130.0,1080.0,4170.0,11760.0,1840.0,2800.0,2440.0,440.0,460.0,9890.0,,120.0,200.0,1140.0,180.0,500.0,130.0,320.0,650.0,4080.0,103990.0,870.0,11460.0,19080.0,35850.0,2220.0,15240.0,4940.0,17130.0,40940.0,63540.0,4130.0,14150.0,10.0,940.0,12840.0,3780.0,30.0,720.0,130.0,1190.0
63,Puy-de-Dôme,25.4,23060,63,Puy-de-Dôme,664068,51.4,29.7,11.6,63666.0,46094.0,56423.0,30967.0,1314310.0,13.0,7.0,18.0,23.0,53.0,0.0,0.0,1026330.0,1392.315827673,10860.0,12217.0,6597.0,343.0,48098.0,87556.0,28277.0,40086.0,9345.0,90685.0,17720.0,8016.0,19982.0,7402.0,510.0,35296.0,43702.0,35572.0,3934.0,47927.0,16712.0,6,15.7,,,,,,,,,,,,,,,,,,182100.0,141200.0,40900.0,182100.0,149700.0,32500.0,182100.0,145600.0,36500.0,182100.0,157400.0,24800.0,182100.0,159600.0,22500.0,182100.0,163700.0,18500.0,182100.0,178200.0,3900.0,182100.0,35300.0,146800.0,182100.0,150000.0,32100.0,182100.0,167200.0,14900.0,35100.0,9800.0,48900.0,123400.0,182100.0,11800.0,30200.0,140100.0,182100.0,4700.0,20200.0,157300.0,182100.0,7500.0,23200.0,151500.0,182100.0,6600.0,21700.0,153800.0,182100.0,26900.0,66700.0,65800.0,22700.0,182100.0,182100.0,145000.0,37100.0,182100.0,174400.0,7700.0,182100.0,171300.0,10800.0,182100.0,151700.0,30400.0,182100.0,165000.0,17200.0,182100.0,135800.0,46300.0,182100.0,139900.0,42200.0,182100.0,7700.0,26000.0,148500.0,182100.0,182100.0,89800.0,92300.0,24000.0,42500.0,115600.0,182100.0,182100.0,182100.0,163000.0,19100.0,9000.0,17300.0,155900.0,182100.0,9200.0,58900.0,114000.0,182100.0,320.0,1420.0,740.0,5050.0,580.0,2500.0,2770.0,800.0,1240.0,360.0,540.0,280.0,130.0,1310.0,2680.0,11720.0,90.0,360.0,2670.0,150.0,220.0,610.0,2130.0,3860.0,840.0,1220.0,1370.0,900.0,330.0,12310.0,4440.0,30.0,150.0,240.0,1280.0,530.0,670.0,80.0,180.0,500.0,2100.0,168550.0,1060.0,12500.0,11120.0,25780.0,3290.0,17630.0,5180.0,16070.0,20850.0,39400.0,3390.0,11910.0,10.0,1590.0,5030.0,5650.0,300.0,1050.0,200.0,1560.0,380.0,2830.0,1230.0,4280.0,640.0,3170.0,2660.0,350.0,990.0,490.0,570.0,1730.0,2010.0,410.0,210.0,14810.0,170.0,490.0,1240.0,160.0,190.0,680.0,2400.0,8930.0,830.0,1550.0,1890.0,770.0,450.0,11430.0,20.0,110.0,300.0,510.0,160.0,580.0,100.0,390.0,430.0,2240.0,156070.0,930.0,5630.0,8600.0,17900.0,3120.0,8360.0,3220.0,9040.0,24630.0,36550.0,2060.0,6380.0,10.0,2610.0,6910.0,2780.0,600.0,1410.0,400.0,1690.0,550.0,3270.0,1220.0,4870.0,510.0,3980.0,3800.0,600.0,880.0,630.0,910.0,1470.0,1860.0,460.0,260.0,730.0,1890.0,17870.0,190.0,180.0,3810.0,220.0,140.0,1170.0,3900.0,9730.0,1460.0,2350.0,1510.0,470.0,350.0,11010.0,,100.0,200.0,1070.0,190.0,430.0,60.0,350.0,760.0,3190.0,86410.0,980.0,8850.0,13940.0,27390.0,2180.0,12290.0,4640.0,13260.0,33060.0,52040.0,3460.0,10550.0,10.0,1020.0,10220.0,3660.0,30.0,660.0,120.0,1270.0
64,Pyrénées-Atlantiques,21.7,23300,64,Pyrénées-Atlantiques,713482,52,33.2,13.3,75414.0,57293.0,66571.0,37311.0,1343640.0,18.0,9.0,14.0,26.0,211.0,16.0,30.0,1070700.0,1908.115192591,14998.0,18666.0,10030.0,348.0,46523.0,84777.0,29783.0,34097.0,9081.0,94408.0,19124.0,7404.0,22872.0,12924.0,395.0,40273.0,47574.0,39251.0,5164.0,56700.0,17629.0,7.5,19.1,,,,,,,,,,,,,,,,,,208000.0,166000.0,42000.0,208000.0,175400.0,32700.0,208000.0,171100.0,36900.0,208000.0,184500.0,23500.0,208000.0,182800.0,25200.0,208000.0,184900.0,23200.0,208000.0,201800.0,6200.0,208000.0,41200.0,166800.0,208000.0,176700.0,31300.0,208000.0,189600.0,18500.0,32600.0,14600.0,49900.0,143600.0,208000.0,10500.0,26400.0,171200.0,208000.0,5200.0,23500.0,179300.0,208000.0,5200.0,27600.0,175200.0,208000.0,6700.0,23600.0,177800.0,208000.0,32500.0,84100.0,65800.0,25600.0,208000.0,208000.0,165100.0,43000.0,208000.0,199000.0,9000.0,208000.0,197700.0,10400.0,208000.0,177600.0,30400.0,208000.0,186500.0,21500.0,208000.0,161900.0,46100.0,208000.0,164500.0,43600.0,208000.0,5800.0,28700.0,173500.0,208000.0,208000.0,107000.0,101100.0,25000.0,39200.0,143800.0,208000.0,208000.0,208000.0,182400.0,25600.0,10900.0,14800.0,182300.0,208000.0,9700.0,50800.0,147500.0,208000.0,1070.0,3770.0,2800.0,22390.0,2010.0,9770.0,10860.0,4070.0,5260.0,1430.0,1930.0,970.0,610.0,6100.0,10630.0,36750.0,390.0,830.0,9890.0,520.0,650.0,1770.0,5410.0,10780.0,2280.0,3620.0,6030.0,3590.0,1240.0,41430.0,32740.0,80.0,630.0,860.0,3890.0,2010.0,2530.0,380.0,420.0,1090.0,7880.0,847770.0,3940.0,51530.0,34250.0,79130.0,12360.0,67760.0,14500.0,44150.0,62780.0,117410.0,10250.0,33710.0,30.0,5010.0,14910.0,17430.0,1800.0,5030.0,2480.0,4810.0,1190.0,6080.0,3380.0,15030.0,1860.0,9820.0,8720.0,1270.0,3100.0,1440.0,1660.0,4460.0,5460.0,1100.0,650.0,43710.0,710.0,1120.0,4750.0,440.0,560.0,1540.0,5580.0,25670.0,2630.0,3780.0,6740.0,3410.0,1120.0,35570.0,80.0,570.0,970.0,1120.0,890.0,2430.0,540.0,980.0,920.0,7900.0,756390.0,3120.0,22620.0,27390.0,55250.0,10820.0,31130.0,8480.0,22550.0,72980.0,105080.0,5960.0,16400.0,30.0,6980.0,17100.0,8300.0,3880.0,6180.0,4130.0,4940.0,1630.0,7800.0,3510.0,17300.0,1390.0,12210.0,12170.0,2520.0,2710.0,1920.0,2740.0,3710.0,4940.0,1430.0,920.0,2770.0,6670.0,45660.0,690.0,170.0,14180.0,630.0,420.0,2930.0,8960.0,26800.0,4190.0,5800.0,5040.0,1470.0,940.0,26280.0,10.0,360.0,630.0,2470.0,490.0,1240.0,300.0,850.0,1680.0,11140.0,260260.0,2420.0,26550.0,39200.0,75780.0,5830.0,35620.0,11190.0,28620.0,90880.0,139330.0,8720.0,22920.0,20.0,2810.0,26030.0,9080.0,70.0,2340.0,1040.0,3360.0
65,Hautes-Pyrénées,25.7,21530,65,Hautes-Pyrénées,232548,51.5,35.6,14.3,26149.0,19734.0,23399.0,13558.0,380610.0,6.0,6.0,2.0,14.0,30.0,0.0,1.0,350780.0,1784.974524252,2323.0,5882.0,3489.0,172.0,18928.0,36765.0,11820.0,14507.0,3251.0,36807.0,7305.0,2736.0,8703.0,2221.0,167.0,17179.0,22125.0,15696.0,2089.0,22896.0,6909.0,11.3,28.5,,,,,,,,,,,,,,,,,77.0,76700.0,60000.0,16700.0,76700.0,64100.0,12600.0,76700.0,61500.0,15200.0,76700.0,66100.0,10600.0,76700.0,67300.0,9400.0,76700.0,68700.0,8000.0,76700.0,73200.0,3500.0,76700.0,14100.0,62600.0,76700.0,64400.0,12300.0,76700.0,69000.0,7700.0,10900.0,7800.0,19200.0,49800.0,76700.0,6600.0,10500.0,59600.0,76700.0,3700.0,10500.0,62400.0,76700.0,4900.0,12600.0,59300.0,76700.0,4800.0,10300.0,61700.0,76700.0,10700.0,30500.0,25900.0,9600.0,76700.0,76700.0,60600.0,16100.0,76700.0,71600.0,5200.0,76700.0,68700.0,8000.0,76700.0,61800.0,14900.0,76700.0,66100.0,10600.0,76700.0,53900.0,22800.0,76700.0,54600.0,22200.0,76700.0,4900.0,12600.0,59300.0,76700.0,76700.0,37100.0,39600.0,11300.0,12800.0,52600.0,76700.0,76700.0,76700.0,66100.0,10600.0,4600.0,6200.0,65900.0,76700.0,5300.0,21300.0,50100.0,76700.0,770.0,2710.0,2360.0,18560.0,1650.0,6270.0,6920.0,3400.0,2990.0,880.0,1260.0,610.0,350.0,3990.0,6790.0,38530.0,380.0,920.0,6270.0,360.0,570.0,1180.0,3940.0,8080.0,1630.0,2500.0,4550.0,2780.0,980.0,36860.0,28610.0,80.0,440.0,740.0,3630.0,1590.0,2130.0,330.0,390.0,750.0,5240.0,665760.0,2490.0,30290.0,32390.0,69120.0,8100.0,40980.0,12100.0,33680.0,61100.0,105040.0,8540.0,25890.0,20.0,3120.0,10400.0,12330.0,1880.0,3310.0,2260.0,4300.0,920.0,5650.0,3030.0,14090.0,1650.0,7010.0,5890.0,1090.0,1940.0,1160.0,1270.0,3470.0,3960.0,900.0,450.0,46220.0,610.0,1300.0,3420.0,340.0,510.0,1260.0,4630.0,21170.0,1840.0,2930.0,5630.0,2630.0,1110.0,33160.0,80.0,430.0,940.0,1120.0,600.0,1890.0,500.0,950.0,680.0,5810.0,620060.0,2210.0,13350.0,25470.0,49050.0,7900.0,19070.0,6820.0,17500.0,69530.0,96700.0,4720.0,12700.0,60.0,5090.0,12910.0,5940.0,4830.0,4510.0,2420.0,4570.0,1120.0,6110.0,2780.0,12700.0,1050.0,7970.0,7700.0,1710.0,1790.0,1330.0,1900.0,2770.0,3530.0,960.0,550.0,1750.0,4240.0,44430.0,580.0,180.0,9260.0,410.0,300.0,2080.0,6630.0,19950.0,2900.0,4020.0,3430.0,1030.0,700.0,21780.0,20.0,240.0,520.0,2190.0,360.0,890.0,240.0,690.0,1020.0,7110.0,191000.0,1940.0,16460.0,34810.0,60150.0,4120.0,22070.0,8810.0,21390.0,81320.0,115590.0,6960.0,17530.0,30.0,1850.0,18410.0,5700.0,80.0,1350.0,620.0,2610.0
66,Pyrénées-Orientales,33.4,20650,66,Pyrénées-Orientales,503866,52.4,34.7,13.9,55633.0,41463.0,48838.0,28815.0,1226030.0,9.0,7.0,6.0,16.0,60.0,8.0,0.0,1103180.0,804.642,5996.0,15607.0,10498.0,397.0,21126.0,68972.0,23492.0,32053.0,10960.0,70939.0,14812.0,7199.0,17028.0,5264.0,287.0,22080.0,39860.0,32521.0,7603.0,43263.0,15683.0,7.5,19.1,,,,,,,,,,,,,,,,,,156700.0,120800.0,35800.0,156700.0,126600.0,30100.0,156700.0,124600.0,32100.0,156700.0,135900.0,20700.0,156700.0,136800.0,19900.0,156700.0,136200.0,20500.0,156700.0,153300.0,3300.0,156700.0,30300.0,126400.0,156700.0,130500.0,26200.0,156700.0,140700.0,15900.0,18400.0,11600.0,35900.0,109100.0,156700.0,14600.0,22300.0,119800.0,156700.0,5500.0,16500.0,134700.0,156700.0,7300.0,18400.0,130900.0,156700.0,6600.0,18800.0,131400.0,156700.0,24500.0,65400.0,45700.0,21100.0,156700.0,156700.0,119500.0,37200.0,156700.0,149400.0,7200.0,156700.0,146200.0,10500.0,156700.0,129700.0,27000.0,156700.0,142100.0,14600.0,156700.0,120000.0,36600.0,156700.0,123200.0,33500.0,156700.0,9800.0,23700.0,123200.0,156700.0,156700.0,81900.0,74800.0,21500.0,33800.0,101400.0,156700.0,156700.0,156700.0,136400.0,20300.0,11800.0,11200.0,133700.0,156700.0,5500.0,46000.0,105200.0,156700.0,130.0,240.0,590.0,2680.0,200.0,560.0,550.0,400.0,170.0,70.0,100.0,40.0,20.0,290.0,320.0,7350.0,140.0,110.0,310.0,40.0,60.0,110.0,460.0,670.0,160.0,240.0,550.0,140.0,90.0,2740.0,6990.0,,50.0,110.0,390.0,40.0,110.0,20.0,30.0,40.0,760.0,109890.0,250.0,1290.0,1700.0,9180.0,760.0,1720.0,590.0,2000.0,4960.0,15120.0,480.0,1680.0,,170.0,660.0,600.0,120.0,430.0,1180.0,630.0,200.0,360.0,660.0,2040.0,240.0,500.0,390.0,90.0,160.0,90.0,100.0,430.0,350.0,50.0,20.0,5810.0,180.0,150.0,230.0,40.0,30.0,140.0,550.0,1290.0,270.0,220.0,750.0,110.0,100.0,2390.0,10.0,40.0,160.0,60.0,20.0,70.0,30.0,80.0,40.0,1030.0,93280.0,230.0,670.0,1200.0,5750.0,840.0,960.0,390.0,1200.0,4490.0,11000.0,300.0,890.0,,450.0,810.0,270.0,220.0,620.0,1080.0,850.0,150.0,380.0,590.0,1330.0,90.0,440.0,410.0,90.0,70.0,90.0,120.0,330.0,290.0,60.0,20.0,80.0,130.0,5710.0,140.0,10.0,480.0,50.0,10.0,150.0,560.0,1140.0,350.0,210.0,290.0,30.0,50.0,1010.0,,10.0,60.0,150.0,10.0,40.0,10.0,40.0,40.0,950.0,18940.0,170.0,670.0,1440.0,5490.0,290.0,800.0,380.0,990.0,5010.0,11490.0,330.0,890.0,,100.0,900.0,150.0,,130.0,420.0,340.0
67,Bas-Rhin,22.0,24090,67,Bas-Rhin,1168669,51.3,26.8,9.4,106341.0,64570.0,97045.0,45699.0,2439250.0,26.0,8.0,40.0,27.0,18.0,5.0,0.0,2057960.0,2143.944936228,25491.0,32476.0,9457.0,614.0,82508.0,108715.0,34937.0,51427.0,18646.0,126203.0,22699.0,16047.0,26645.0,13890.0,522.0,57345.0,56685.0,43181.0,5766.0,65662.0,25485.0,6.4,18.6,,,,,,,,,,,,,,,,,75.0,281800.0,224100.0,57700.0,281800.0,230000.0,51800.0,281800.0,231600.0,50200.0,281800.0,254200.0,27600.0,281800.0,244400.0,37300.0,281800.0,252900.0,28900.0,281800.0,274900.0,6900.0,281800.0,55100.0,226700.0,281800.0,238000.0,43700.0,281800.0,261300.0,20400.0,58500.0,21400.0,68800.0,191600.0,281800.0,15400.0,42400.0,224000.0,281800.0,10400.0,33200.0,238100.0,281800.0,11900.0,36500.0,233400.0,281800.0,11400.0,32300.0,238000.0,281800.0,37600.0,127800.0,85000.0,31400.0,281800.0,281800.0,225800.0,56000.0,281800.0,271000.0,10800.0,281800.0,264100.0,17700.0,281800.0,234700.0,47000.0,281800.0,252200.0,29600.0,281800.0,212800.0,69000.0,281800.0,216700.0,65100.0,281800.0,7300.0,40200.0,234200.0,281800.0,281800.0,138400.0,143400.0,41600.0,62100.0,178100.0,281800.0,281800.0,281800.0,252700.0,29100.0,16500.0,27100.0,238200.0,281800.0,10800.0,79900.0,191000.0,281800.0,,,,,,,,,,,,,,,,,,,,,,,,,,,,,,,,,,,,,,,,,,,,,,,,,,,,,,,,,,,,,,,,,,,,,,,,,,,,,,,,,,,,,,,,,,,,,,,,,,,,,,,,,,,,,,,,,,,,,,,,,,,,,,,,,,,,,,,,,,,,,,,,,,,,,,,,,,,,,,,,,,,,,,,,,,,,,,,,,,,,,,,,,,
68,Haut-Rhin,21.0,24470,68,Haut-Rhin,765827,50.7,29.3,10.5,74678.0,46873.0,69402.0,33414.0,1726270.0,15.0,8.0,36.0,27.0,19.0,10.0,0.0,1427840.0,1187.021,12801.0,24683.0,7069.0,404.0,56505.0,82263.0,25617.0,39267.0,17147.0,92085.0,16098.0,9599.0,19792.0,8138.0,199.0,41216.0,42195.0,33306.0,6314.0,48010.0,16935.0,6.2,17.5,,,,,,,,,,,,,,,,,77.0,200500.0,161900.0,38600.0,200500.0,167200.0,33300.0,200500.0,167500.0,32900.0,200500.0,183300.0,17200.0,200500.0,176600.0,23800.0,200500.0,172300.0,28200.0,200500.0,193100.0,7300.0,200500.0,42600.0,157900.0,200500.0,172500.0,28000.0,200500.0,186200.0,14300.0,32500.0,12200.0,46800.0,141400.0,200500.0,12100.0,27400.0,161000.0,200500.0,7300.0,25900.0,167300.0,200500.0,6800.0,25600.0,168100.0,200500.0,8200.0,20800.0,171500.0,200500.0,23700.0,84600.0,65500.0,26700.0,200500.0,200500.0,157600.0,42900.0,200500.0,190000.0,10500.0,200500.0,188500.0,12000.0,200500.0,167800.0,32700.0,200500.0,181500.0,19000.0,200500.0,154300.0,46200.0,200500.0,157000.0,43400.0,200500.0,7100.0,23000.0,170400.0,200500.0,200500.0,96600.0,103800.0,28200.0,42000.0,130200.0,200500.0,200500.0,200500.0,176700.0,23700.0,11000.0,15400.0,174000.0,200500.0,10200.0,56300.0,134000.0,200500.0,,,,,,,,,,,,,,,,,,,,,,,,,,,,,,,,,,,,,,,,,,,,,,,,,,,,,,,,,,,,,,,,,,,,,,,,,,,,,,,,,,,,,,,,,,,,,,,,,,,,,,,,,,,,,,,,,,,,,,,,,,,,,,,,,,,,,,,,,,,,,,,,,,,,,,,,,,,,,,,,,,,,,,,,,,,,,,,,,,,,,,,,,,
69,Rhône,22.0,24480,69,Rhône,1932598,51.7,23.2,9.5,142535.0,109601.0,123394.0,73258.0,3304130.0,31.0,12.0,32.0,37.0,117.0,46.0,9.0,2534760.0,894.610469688,48162.0,28689.0,12112.0,892.0,70492.0,107088.0,43956.0,67714.0,27224.0,135156.0,29274.0,18975.0,33165.0,33562.0,1605.0,55949.0,50070.0,60757.0,12203.0,72915.0,30939.0,7.6,18.9,,,,,,,,,,,,,,,,,82.0,400900.0,323900.0,77000.0,400900.0,336600.0,64300.0,400900.0,327400.0,73500.0,400900.0,357000.0,43800.0,400900.0,356200.0,44700.0,400900.0,349400.0,51500.0,400900.0,391600.0,9200.0,400900.0,78800.0,322100.0,400900.0,336600.0,64300.0,400900.0,372800.0,28100.0,100400.0,22000.0,100000.0,278900.0,400900.0,24000.0,54700.0,322200.0,400900.0,9800.0,38700.0,352400.0,400900.0,10800.0,48800.0,341300.0,400900.0,14300.0,38500.0,348100.0,400900.0,79500.0,153600.0,122500.0,45300.0,400900.0,400900.0,322100.0,78700.0,400900.0,381500.0,19400.0,400900.0,380400.0,20500.0,400900.0,335200.0,65700.0,400900.0,361600.0,39200.0,400900.0,304100.0,96800.0,400900.0,311700.0,89100.0,400900.0,15200.0,47600.0,338000.0,400900.0,400900.0,204800.0,196000.0,54100.0,81900.0,264800.0,400900.0,400900.0,400900.0,346900.0,54000.0,22200.0,26800.0,351900.0,400900.0,23400.0,107800.0,269700.0,400900.0,,,,,,,,,,,,,,,,,,,,,,,,,,,,,,,,,,,,,,,,,,,,,,,,,,,,,,,,,,,,,,,,,,,,,,,,,,,,,,,,,,,,,,,,,,,,,,,,,,,,,,,,,,,,,,,,,,,,,,,,,,,,,,,,,,,,,,,,,,,,,,,,,,,,,,,,,,,,,,,,,,,,,,,,,,,,,,,,,,,,,,,,,,
69,Rhône,22.0,24480,69,Rhône,1932598,51.7,23.2,9.5,142535.0,109601.0,123394.0,73258.0,3304130.0,31.0,12.0,32.0,37.0,117.0,46.0,9.0,2534760.0,894.610469688,48162.0,28689.0,12112.0,892.0,70492.0,107088.0,43956.0,67714.0,27224.0,135156.0,29274.0,18975.0,33165.0,33562.0,1605.0,55949.0,50070.0,60757.0,12203.0,72915.0,30939.0,7.6,18.9,,,,,,,,,,,,,,,,,88.0,400900.0,323900.0,77000.0,400900.0,336600.0,64300.0,400900.0,327400.0,73500.0,400900.0,357000.0,43800.0,400900.0,356200.0,44700.0,400900.0,349400.0,51500.0,400900.0,391600.0,9200.0,400900.0,78800.0,322100.0,400900.0,336600.0,64300.0,400900.0,372800.0,28100.0,100400.0,22000.0,100000.0,278900.0,400900.0,24000.0,54700.0,322200.0,400900.0,9800.0,38700.0,352400.0,400900.0,10800.0,48800.0,341300.0,400900.0,14300.0,38500.0,348100.0,400900.0,79500.0,153600.0,122500.0,45300.0,400900.0,400900.0,322100.0,78700.0,400900.0,381500.0,19400.0,400900.0,380400.0,20500.0,400900.0,335200.0,65700.0,400900.0,361600.0,39200.0,400900.0,304100.0,96800.0,400900.0,311700.0,89100.0,400900.0,15200.0,47600.0,338000.0,400900.0,400900.0,204800.0,196000.0,54100.0,81900.0,264800.0,400900.0,400900.0,400900.0,346900.0,54000.0,22200.0,26800.0,351900.0,400900.0,23400.0,107800.0,269700.0,400900.0,,,,,,,,,,,,,,,,,,,,,,,,,,,,,,,,,,,,,,,,,,,,,,,,,,,,,,,,,,,,,,,,,,,,,,,,,,,,,,,,,,,,,,,,,,,,,,,,,,,,,,,,,,,,,,,,,,,,,,,,,,,,,,,,,,,,,,,,,,,,,,,,,,,,,,,,,,,,,,,,,,,,,,,,,,,,,,,,,,,,,,,,,,
70,Haute-Saône,19.7,21860,70,Haute-Saône,231932,50.7,32.8,12.2,24801.0,16433.0,23078.0,11877.0,336250.0,5.0,4.0,15.0,14.0,45.0,0.0,2.0,274130.0,1869.758155221,1025.0,4412.0,2623.0,168.0,20596.0,37636.0,9760.0,18733.0,2757.0,35781.0,5880.0,2719.0,7304.0,752.0,325.0,14075.0,19016.0,15465.0,1054.0,18405.0,6098.0,6.5,18.1,,,,,,,,,,,,,,,,,79.0,70500.0,56100.0,14400.0,70500.0,57000.0,13400.0,70500.0,55800.0,14700.0,70500.0,64300.0,6200.0,70500.0,61700.0,8800.0,70500.0,63300.0,7200.0,70500.0,68600.0,1800.0,70500.0,12300.0,58100.0,70500.0,58500.0,11900.0,70500.0,63700.0,6800.0,,5000.0,17700.0,47900.0,70500.0,5000.0,12400.0,53100.0,70500.0,2300.0,7500.0,60700.0,70500.0,1500.0,8800.0,60200.0,70500.0,2600.0,7000.0,60900.0,70500.0,5100.0,29700.0,26900.0,8800.0,70500.0,70500.0,54600.0,15900.0,70500.0,67700.0,2800.0,70500.0,67000.0,3500.0,70500.0,57300.0,13200.0,70500.0,62300.0,8200.0,70500.0,50900.0,19600.0,70500.0,52100.0,18400.0,70500.0,3700.0,10400.0,56400.0,70500.0,70500.0,34000.0,36500.0,10500.0,15400.0,44600.0,70500.0,70500.0,70500.0,62300.0,8200.0,3400.0,4400.0,62600.0,70500.0,4500.0,17800.0,48200.0,70500.0,,,,,,,,,,,,,,,,,,,,,,,,,,,,,,,,,,,,,,,,,,,,,,,,,,,,,,,,,,,,,,,,,,,,,,,,,,,,,,,,,,,,,,,,,,,,,,,,,,,,,,,,,,,,,,,,,,,,,,,,,,,,,,,,,,,,,,,,,,,,,,,,,,,,,,,,,,,,,,,,,,,,,,,,,,,,,,,,,,,,,,,,,,
71,Saône-et-Loire,19.7,22170,71,Saône-et-Loire,545310,51.1,35.2,14,59898.0,45474.0,55358.0,31101.0,906340.0,16.0,6.0,28.0,27.0,101.0,9.0,7.0,817990.0,1633.554929295,7927.0,12310.0,7218.0,411.0,44757.0,84836.0,24466.0,40438.0,9455.0,83535.0,15197.0,6665.0,20952.0,7470.0,1005.0,34533.0,45466.0,40667.0,4222.0,46592.0,17227.0,8.4,21.5,,,,,,,,,,,,,,,,,,177000.0,140800.0,36200.0,177000.0,148300.0,28700.0,177000.0,143600.0,33400.0,177000.0,160000.0,17000.0,177000.0,157300.0,19700.0,177000.0,158500.0,18500.0,177000.0,173300.0,3700.0,177000.0,30500.0,146500.0,177000.0,148000.0,29000.0,177000.0,165000.0,12000.0,25600.0,13300.0,52200.0,111600.0,177000.0,11200.0,26000.0,139800.0,177000.0,8500.0,20400.0,148200.0,177000.0,6000.0,20500.0,150600.0,177000.0,6100.0,21000.0,149900.0,177000.0,22100.0,69900.0,62500.0,22500.0,177000.0,177000.0,140400.0,36600.0,177000.0,169400.0,7700.0,177000.0,164900.0,12100.0,177000.0,143900.0,33100.0,177000.0,159400.0,17600.0,177000.0,131800.0,45200.0,177000.0,135000.0,42000.0,177000.0,6300.0,22400.0,148300.0,177000.0,177000.0,78800.0,98200.0,26000.0,36500.0,114500.0,177000.0,177000.0,177000.0,153700.0,23300.0,8200.0,13100.0,155800.0,177000.0,7600.0,54300.0,115200.0,177000.0,,,,,,,,,,,,,,,,,,,,,,,,,,,,,,,,,,,,,,,,,,,,,,,,,,,,,,,,,,,,,,,,,,,,,,,,,,,,,,,,,,,,,,,,,,,,,,,,,,,,,,,,,,,,,,,,,,,,,,,,,,,,,,,,,,,,,,,,,,,,,,,,,,,,,,,,,,,,,,,,,,,,,,,,,,,,,,,,,,,,,,,,,,
72,Sarthe,22.3,22230,72,Sarthe,564160,51.1,30.3,11.7,55017.0,38978.0,50000.0,26943.0,1288790.0,11.0,7.0,14.0,14.0,21.0,7.0,1.0,894850.0,1037.252713781,5728.0,6147.0,6123.0,388.0,38540.0,81551.0,21097.0,38594.0,2889.0,76336.0,13414.0,6813.0,17936.0,5375.0,1011.0,26462.0,44314.0,37278.0,862.0,43535.0,15566.0,7,18.4,,,,,,,,,,,,,,,,,85.0,159100.0,128200.0,30800.0,159100.0,134500.0,24600.0,159100.0,127500.0,31500.0,159100.0,139400.0,19700.0,159100.0,141500.0,17500.0,159100.0,141500.0,17600.0,159100.0,156800.0,2300.0,159100.0,28100.0,131000.0,159100.0,132300.0,26700.0,159100.0,144200.0,14900.0,34100.0,8700.0,38300.0,112100.0,159100.0,8800.0,22100.0,128200.0,159100.0,3300.0,18200.0,137500.0,159100.0,3500.0,15300.0,140300.0,159100.0,5100.0,16200.0,137800.0,159100.0,23000.0,66300.0,52300.0,17500.0,159100.0,159100.0,127900.0,31200.0,159100.0,152700.0,6400.0,159100.0,152300.0,6700.0,159100.0,129800.0,29300.0,159100.0,144200.0,14900.0,159100.0,117700.0,41400.0,159100.0,119900.0,39200.0,159100.0,6100.0,21700.0,131300.0,159100.0,159100.0,85000.0,74100.0,23900.0,31700.0,103500.0,159100.0,159100.0,159100.0,138200.0,20900.0,5700.0,11000.0,142400.0,159100.0,7800.0,34500.0,116800.0,159100.0,,,,,,,,,,,,,,,,,,,,,,,,,,,,,,,,,,,,,,,,,,,,,,,,,,,,,,,,,,,,,,,,,,,,,,,,,,,,,,,,,,,,,,,,,,,,,,,,,,,,,,,,,,,,,,,,,,,,,,,,,,,,,,,,,,,,,,,,,,,,,,,,,,,,,,,,,,,,,,,,,,,,,,,,,,,,,,,,,,,,,,,,,,
73,Savoie,16.6,24270,73,Savoie,453159,50.8,29.1,11,42835.0,29713.0,39135.0,20198.0,1227640.0,9.0,9.0,8.0,27.0,43.0,0.0,0.0,902830.0,928.08650088,11404.0,13232.0,5031.0,251.0,26593.0,44490.0,17907.0,22032.0,5998.0,54592.0,11215.0,4694.0,12294.0,8691.0,517.0,21290.0,21698.0,21540.0,3109.0,29731.0,10601.0,7.5,20.1,,,,,,,,,,,,,,,,,79.0,117400.0,93100.0,24300.0,117400.0,97200.0,20300.0,117400.0,100500.0,17000.0,117400.0,104200.0,13200.0,117400.0,104300.0,13100.0,117400.0,104300.0,13100.0,117400.0,114800.0,2700.0,117400.0,22000.0,95500.0,117400.0,104500.0,13000.0,117400.0,106700.0,10700.0,21500.0,5500.0,30600.0,81300.0,117400.0,6200.0,14400.0,96800.0,117400.0,2000.0,13600.0,101900.0,117400.0,2100.0,15400.0,99900.0,117400.0,3400.0,13400.0,100700.0,117400.0,19600.0,45900.0,38900.0,13100.0,117400.0,117400.0,96000.0,21400.0,117400.0,113000.0,4400.0,117400.0,112400.0,5100.0,117400.0,101100.0,16300.0,117400.0,108400.0,9000.0,117400.0,90400.0,27000.0,117400.0,93100.0,24400.0,117400.0,5100.0,11500.0,100900.0,117400.0,117400.0,61700.0,55700.0,11800.0,28400.0,77200.0,117400.0,117400.0,117400.0,100000.0,17400.0,4800.0,7300.0,105300.0,117400.0,4700.0,24100.0,88600.0,117400.0,,,,,,,,,,,,,,,,,,,,,,,,,,,,,,,,,,,,,,,,,,,,,,,,,,,,,,,,,,,,,,,,,,,,,,,,,,,,,,,,,,,,,,,,,,,,,,,,,,,,,,,,,,,,,,,,,,,,,,,,,,,,,,,,,,,,,,,,,,,,,,,,,,,,,,,,,,,,,,,,,,,,,,,,,,,,,,,,,,,,,,,,,,
74,Haute-Savoie,12.9,28120,74,Haute-Savoie,870588,50.7,24,8.9,69353.0,45369.0,62468.0,31792.0,2354500.0,13.0,10.0,16.0,17.0,19.0,18.0,3.0,1587360.0,863.378152567,22805.0,21927.0,7252.0,384.0,42465.0,67453.0,28191.0,37362.0,15281.0,89140.0,18327.0,7272.0,17949.0,13929.0,549.0,30059.0,29407.0,30020.0,5908.0,43561.0,14369.0,6.6,18.2,,,,,,,,,,,,,,,,,83.0,184100.0,151100.0,32900.0,184100.0,156900.0,27200.0,184100.0,155800.0,28200.0,184100.0,166200.0,17900.0,184100.0,167000.0,17100.0,184100.0,164000.0,20000.0,184100.0,179700.0,4400.0,184100.0,30600.0,153400.0,184100.0,159500.0,24600.0,184100.0,173600.0,10400.0,37600.0,9700.0,43700.0,130600.0,184100.0,9100.0,26700.0,148300.0,184100.0,2300.0,19500.0,162300.0,184100.0,4600.0,19500.0,160000.0,184100.0,5500.0,17800.0,160700.0,184100.0,39900.0,71400.0,57900.0,14900.0,184100.0,184100.0,156400.0,27700.0,184100.0,175800.0,8200.0,184100.0,176500.0,7600.0,184100.0,161700.0,22400.0,184100.0,167400.0,16600.0,184100.0,145700.0,38300.0,184100.0,149400.0,34600.0,184100.0,5300.0,22600.0,156200.0,184100.0,184100.0,95400.0,88700.0,17600.0,34200.0,132200.0,184100.0,184100.0,184100.0,164700.0,19400.0,8800.0,10700.0,164600.0,184100.0,9500.0,53900.0,120600.0,184100.0,,,,,,,,,,,,,,,,,,,,,,,,,,,,,,,,,,,,,,,,,,,,,,,,,,,,,,,,,,,,,,,,,,,,,,,,,,,,,,,,,,,,,,,,,,,,,,,,,,,,,,,,,,,,,,,,,,,,,,,,,,,,,,,,,,,,,,,,,,,,,,,,,,,,,,,,,,,,,,,,,,,,,,,,,,,,,,,,,,,,,,,,,,
75,Paris,18.3,29730,75,Paris,2048472,53,24.1,9.7,161592.0,120088.0,134193.0,77932.0,,,,,,,,,,,,,,,,,,,,,,,,,,,,,,,,4.7,11.9,,,,,,,,,,,,,,,,,83.0,472500.0,388300.0,84300.0,472500.0,403200.0,69300.0,472500.0,399100.0,73400.0,472500.0,430100.0,42400.0,472500.0,421900.0,50700.0,472500.0,406900.0,65600.0,472500.0,458200.0,14300.0,472500.0,95200.0,377400.0,472500.0,414100.0,58400.0,472500.0,446100.0,26400.0,79200.0,20500.0,106400.0,345600.0,472500.0,17100.0,49000.0,406400.0,472500.0,9900.0,35500.0,427200.0,472500.0,11600.0,58400.0,402400.0,472500.0,16600.0,50100.0,405800.0,472500.0,84800.0,177200.0,150000.0,60400.0,472500.0,472500.0,379700.0,92800.0,472500.0,443100.0,29400.0,472500.0,448400.0,24100.0,472500.0,407300.0,65200.0,472500.0,431300.0,41200.0,472500.0,368600.0,104000.0,472500.0,377000.0,95500.0,472500.0,14300.0,47000.0,411200.0,472500.0,472500.0,234200.0,238300.0,57900.0,119900.0,294700.0,472500.0,472500.0,472500.0,413400.0,59100.0,22700.0,39100.0,410700.0,472500.0,22900.0,130300.0,319300.0,472500.0,,,,,,,,,,,,,,,,,,,,,,,,,,,,,,,,,,,,,,,,,,,,,,,,,,,,,,,,,,,,,,,,,,,,,,,,,,,,,,,,,,,,,,,,,,,,,,,,,,,,,,,,,,,,,,,,,,,,,,,,,,,,,,,,,,,,,,,,,,,,,,,,,,,,,,,,,,,,,,,,,,,,,,,,,,,,,,,,,,,,,,,,,,
76,Seine-Maritime,25.4,22340,76,Seine-Maritime,1260246,51.8,28.3,10.6,119931.0,81334.0,102604.0,52617.0,2006910.0,27.0,13.0,36.0,41.0,156.0,0.0,1.0,1731990.0,2561.919378024,24887.0,31536.0,13788.0,834.0,80247.0,140473.0,48022.0,85094.0,10194.0,139633.0,32515.0,21545.0,38506.0,20698.0,806.0,53049.0,65473.0,67931.0,3515.0,70690.0,35641.0,8.5,23.1,,,,,,,,,,,,,,,,,,324600.0,262500.0,62100.0,324600.0,272400.0,52200.0,324600.0,269000.0,55600.0,324600.0,288800.0,35800.0,324600.0,286700.0,37900.0,324600.0,286300.0,38300.0,324600.0,318400.0,6300.0,324600.0,62800.0,261800.0,324600.0,275200.0,49400.0,324600.0,307100.0,17500.0,67900.0,19700.0,74700.0,230200.0,324600.0,17500.0,48400.0,258700.0,324600.0,10700.0,33000.0,280900.0,324600.0,11400.0,42100.0,271200.0,324600.0,14800.0,37200.0,272600.0,324600.0,56800.0,131000.0,98200.0,38500.0,324600.0,324600.0,265500.0,59200.0,324600.0,309900.0,14700.0,324600.0,304300.0,20300.0,324600.0,268800.0,55800.0,324600.0,293800.0,30800.0,324600.0,244500.0,80100.0,324600.0,248900.0,75700.0,324600.0,14800.0,35600.0,274200.0,324600.0,324600.0,165900.0,158700.0,44800.0,73100.0,206800.0,324600.0,324600.0,324600.0,287200.0,37400.0,16500.0,31100.0,277100.0,324600.0,17300.0,87400.0,219900.0,324600.0,,,,,,,,,,,,,,,,,,,,,,,,,,,,,,,,,,,,,,,,,,,,,,,,,,,,,,,,,,,,,,,,,,,,,,,,,,,,,,,,,,,,,,,,,,,,,,,,,,,,,,,,,,,,,,,,,,,,,,,,,,,,,,,,,,,,,,,,,,,,,,,,,,,,,,,,,,,,,,,,,,,,,,,,,,,,,,,,,,,,,,,,,,
77,Seine-et-Marne,18.2,24640,77,Seine-et-Marne,1479615,51.3,22,7.6,112367.0,65664.0,100894.0,46464.0,3438750.0,18.0,11.0,7.0,19.0,102.0,0.0,0.0,2290790.0,1441.133850622,15430.0,26742.0,10002.0,1123.0,68887.0,134983.0,36733.0,66619.0,28496.0,142003.0,24560.0,15691.0,23701.0,9123.0,1174.0,40957.0,54880.0,44947.0,8544.0,60129.0,21274.0,5.2,15.5,,,,,,,,,,,,,,,,,,285800.0,243000.0,42800.0,285800.0,245800.0,40000.0,285800.0,241000.0,44800.0,285800.0,268800.0,17000.0,285800.0,258900.0,26900.0,285800.0,256400.0,29400.0,285800.0,275500.0,10300.0,285800.0,46800.0,239000.0,285800.0,248600.0,37200.0,285800.0,270300.0,15500.0,81300.0,16300.0,62600.0,207000.0,285800.0,12700.0,36200.0,237000.0,285800.0,6300.0,26500.0,253000.0,285800.0,7500.0,29400.0,248800.0,285800.0,7000.0,24500.0,254300.0,285800.0,48600.0,119800.0,90900.0,26500.0,285800.0,285800.0,231800.0,54000.0,285800.0,274800.0,11000.0,285800.0,274000.0,11800.0,285800.0,248000.0,37800.0,285800.0,254600.0,31300.0,285800.0,222300.0,63500.0,285800.0,227200.0,58600.0,285800.0,6900.0,31600.0,247300.0,285800.0,285800.0,150000.0,135800.0,30200.0,61900.0,193700.0,285800.0,285800.0,285800.0,253600.0,32200.0,11200.0,15700.0,259000.0,285800.0,18300.0,72000.0,195500.0,285800.0,,,,,,,,,,,,,,,,,,,,,,,,,,,,,,,,,,,,,,,,,,,,,,,,,,,,,,,,,,,,,,,,,,,,,,,,,,,,,,,,,,,,,,,,,,,,,,,,,,,,,,,,,,,,,,,,,,,,,,,,,,,,,,,,,,,,,,,,,,,,,,,,,,,,,,,,,,,,,,,,,,,,,,,,,,,,,,,,,,,,,,,,,,
78,Yvelines,16.5,28130,78,Yvelines,1489363,51.2,23.1,8.8,114341.0,76790.0,98849.0,54104.0,3149870.0,24.0,12.0,17.0,26.0,93.0,0.0,0.0,2610760.0,769.514471261,38068.0,41270.0,9679.0,1283.0,71231.0,113885.0,41859.0,55820.0,33477.0,147629.0,28555.0,17508.0,30860.0,25825.0,1386.0,56338.0,51472.0,43815.0,10812.0,77629.0,25621.0,4.3,11.5,,,,,,,,,,,,,,,,,83.0,313800.0,265000.0,48800.0,313800.0,268900.0,45000.0,313800.0,269000.0,44800.0,313800.0,292700.0,21100.0,313800.0,287900.0,25900.0,313800.0,281400.0,32500.0,313800.0,307600.0,6300.0,313800.0,50400.0,263500.0,313800.0,274800.0,39100.0,313800.0,298400.0,15500.0,82900.0,13100.0,75400.0,225400.0,313800.0,8900.0,37400.0,267500.0,313800.0,5400.0,27400.0,281000.0,313800.0,5600.0,28000.0,280200.0,313800.0,8600.0,27400.0,277900.0,313800.0,67200.0,130000.0,91300.0,25300.0,313800.0,313800.0,268800.0,45100.0,313800.0,302800.0,11100.0,313800.0,302200.0,11600.0,313800.0,275500.0,38400.0,313800.0,289500.0,24300.0,313800.0,249200.0,64700.0,313800.0,256000.0,57900.0,313800.0,8000.0,30500.0,275400.0,313800.0,313800.0,176300.0,137600.0,33400.0,60200.0,220300.0,313800.0,313800.0,313800.0,289600.0,24200.0,12600.0,16500.0,284800.0,313800.0,13400.0,82000.0,218400.0,313800.0,,,,,,,,,,,,,,,,,,,,,,,,,,,,,,,,,,,,,,,,,,,,,,,,,,,,,,,,,,,,,,,,,,,,,,,,,,,,,,,,,,,,,,,,,,,,,,,,,,,,,,,,,,,,,,,,,,,,,,,,,,,,,,,,,,,,,,,,,,,,,,,,,,,,,,,,,,,,,,,,,,,,,,,,,,,,,,,,,,,,,,,,,,
79,Deux-Sèvres,18.7,22220,79,Deux-Sèvres,374315,50.7,32.2,12.5,38082.0,27311.0,35598.0,19466.0,781180.0,7.0,5.0,6.0,16.0,52.0,1.0,16.0,623770.0,787.890157854,1011.0,2337.0,3914.0,145.0,31089.0,61321.0,13047.0,26826.0,3411.0,55531.0,8167.0,2800.0,11418.0,1403.0,746.0,21192.0,33880.0,27901.0,975.0,30812.0,8581.0,7.2,18.9,,,,,,,,,,,,,,,,,85.0,110600.0,92500.0,18100.0,110600.0,96400.0,14200.0,110600.0,92800.0,17800.0,110600.0,99400.0,11200.0,110600.0,98300.0,12300.0,110600.0,94700.0,15900.0,110600.0,108200.0,2400.0,110600.0,22300.0,88300.0,110600.0,95800.0,14800.0,110600.0,102700.0,7900.0,16800.0,5700.0,30200.0,74600.0,110600.0,6500.0,16400.0,87700.0,110600.0,3200.0,10800.0,96600.0,110600.0,3600.0,11700.0,95300.0,110600.0,3700.0,14000.0,92900.0,110600.0,15700.0,46000.0,36500.0,12500.0,110600.0,110600.0,90700.0,19900.0,110600.0,105300.0,5300.0,110600.0,105100.0,5400.0,110600.0,93200.0,17400.0,110600.0,101600.0,9000.0,110600.0,85000.0,25600.0,110600.0,86700.0,23900.0,110600.0,4700.0,11600.0,94300.0,110600.0,110600.0,57600.0,53000.0,14600.0,17600.0,78300.0,110600.0,110600.0,110600.0,98100.0,12500.0,5100.0,6200.0,99300.0,110600.0,4100.0,28600.0,77900.0,110600.0,,,,,,,,,,,,,,,,,,,,,,,,,,,,,,,,,,,,,,,,,,,,,,,,,,,,,,,,,,,,,,,,,,,,,,,,,,,,,,,,,,,,,,,,,,,,,,,,,,,,,,,,,,,,,,,,,,,,,,,,,,,,,,,,,,,,,,,,,,,,,,,,,,,,,,,,,,,,,,,,,,,,,,,,,,,,,,,,,,,,,,,,,,
80,Somme,28.5,21560,80,Somme,559722,51.4,28.5,10.5,53233.0,35254.0,47402.0,23407.0,812820.0,20.0,6.0,4.0,24.0,104.0,4.0,0.0,703400.0,2896.456144137,4069.0,6754.0,5351.0,374.0,44188.0,80366.0,20347.0,43119.0,3382.0,73009.0,13227.0,9033.0,15474.0,2672.0,178.0,29112.0,40453.0,32796.0,1261.0,38251.0,14890.0,6.2,17.3,,,,,,,,,,,,,,,,,77.0,147100.0,114800.0,32300.0,147100.0,119300.0,27800.0,147100.0,114100.0,33000.0,147100.0,130500.0,16600.0,147100.0,127600.0,19500.0,147100.0,125800.0,21200.0,147100.0,143000.0,4100.0,147100.0,35400.0,111600.0,147100.0,116600.0,30500.0,147100.0,135200.0,11900.0,23300.0,12100.0,35000.0,100000.0,147100.0,13000.0,27000.0,107000.0,147100.0,5800.0,23800.0,117500.0,147100.0,4800.0,18700.0,123500.0,147100.0,4200.0,23200.0,119600.0,147100.0,15900.0,54600.0,53700.0,22900.0,147100.0,147100.0,106200.0,40800.0,147100.0,143300.0,3700.0,147100.0,137500.0,9600.0,147100.0,115600.0,31500.0,147100.0,128200.0,18900.0,147100.0,104400.0,42600.0,147100.0,105700.0,41400.0,147100.0,4100.0,24500.0,118500.0,147100.0,147100.0,67400.0,79700.0,25200.0,40200.0,81700.0,147100.0,147100.0,147100.0,121100.0,26000.0,9400.0,11800.0,125800.0,147100.0,8800.0,38900.0,99300.0,147100.0,,,,,,,,,,,,,,,,,,,,,,,,,,,,,,,,,,,,,,,,,,,,,,,,,,,,,,,,,,,,,,,,,,,,,,,,,,,,,,,,,,,,,,,,,,,,,,,,,,,,,,,,,,,,,,,,,,,,,,,,,,,,,,,,,,,,,,,,,,,,,,,,,,,,,,,,,,,,,,,,,,,,,,,,,,,,,,,,,,,,,,,,,,
81,Tarn,25.3,21730,81,Tarn,401283,51.5,34.3,14.1,42420.0,33154.0,38600.0,23602.0,839670.0,9.0,5.0,18.0,15.0,78.0,0.0,2.0,655580.0,1035.168667605,1428.0,5188.0,5313.0,165.0,29831.0,63475.0,15709.0,25795.0,5329.0,58727.0,9845.0,3647.0,12556.0,1564.0,242.0,27471.0,39213.0,29506.0,3220.0,36925.0,10186.0,8.3,20.5,,,,,,,,,,,,,,,,,84.0,121400.0,92900.0,28500.0,121400.0,95800.0,25600.0,121400.0,96700.0,24600.0,121400.0,105200.0,16200.0,121400.0,104900.0,16500.0,121400.0,106800.0,14600.0,121400.0,118300.0,3100.0,121400.0,26400.0,95000.0,121400.0,98600.0,22800.0,121400.0,112000.0,9400.0,19600.0,9800.0,30500.0,81100.0,121400.0,7300.0,21200.0,92800.0,121400.0,5400.0,15000.0,101000.0,121400.0,6200.0,17100.0,98100.0,121400.0,5800.0,14700.0,100900.0,121400.0,17800.0,43000.0,47600.0,13000.0,121400.0,121400.0,94400.0,26900.0,121400.0,115800.0,5600.0,121400.0,112300.0,9100.0,121400.0,101100.0,20300.0,121400.0,107800.0,13600.0,121400.0,89300.0,32100.0,121400.0,92200.0,29200.0,121400.0,4700.0,19000.0,97700.0,121400.0,121400.0,58800.0,62600.0,16900.0,27000.0,77400.0,121400.0,121400.0,121400.0,105200.0,16200.0,6000.0,11000.0,104400.0,121400.0,4700.0,36000.0,80600.0,121400.0,,,,,,,,,,,,,,,,,,,,,,,,,,,,,,,,,,,,,,,,,,,,,,,,,,,,,,,,,,,,,,,,,,,,,,,,,,,,,,,,,,,,,,,,,,,,,,,,,,,,,,,,,,,,,,,,,,,,,,,,,,,,,,,,,,,,,,,,,,,,,,,,,,,,,,,,,,,,,,,,,,,,,,,,,,,,,,,,,,,,,,,,,,
82,Tarn-et-Garonne,23.0,21520,82,Tarn-et-Garonne,267793,51,30.4,11.7,25957.0,18136.0,23925.0,13267.0,408530.0,5.0,3.0,4.0,11.0,33.0,0.0,2.0,361240.0,657.134,914.0,3560.0,3569.0,187.0,16778.0,38660.0,9471.0,17627.0,4410.0,35789.0,5746.0,2274.0,6833.0,748.0,197.0,13779.0,21826.0,16424.0,2400.0,20468.0,5498.0,8.7,23,,,,,,,,,,,,,,,,,,73400.0,60000.0,13400.0,73400.0,62600.0,10800.0,73400.0,62500.0,10900.0,73400.0,65800.0,7600.0,73400.0,61700.0,11700.0,73400.0,64800.0,8600.0,73400.0,71700.0,1700.0,73400.0,16300.0,57100.0,73400.0,63600.0,9900.0,73400.0,69400.0,4000.0,12800.0,4300.0,18500.0,50600.0,73400.0,6500.0,11400.0,55500.0,73400.0,1800.0,8900.0,62700.0,73400.0,3200.0,11300.0,58900.0,73400.0,3700.0,9200.0,60500.0,73400.0,11100.0,29000.0,25300.0,7900.0,73400.0,73400.0,58900.0,14600.0,73400.0,69900.0,3500.0,73400.0,68700.0,4800.0,73400.0,60800.0,12600.0,73400.0,65200.0,8200.0,73400.0,55200.0,18200.0,73400.0,56700.0,16700.0,73400.0,2500.0,11600.0,59300.0,73400.0,73400.0,38100.0,35300.0,10300.0,13600.0,49500.0,73400.0,73400.0,73400.0,65000.0,8400.0,4400.0,5100.0,63900.0,73400.0,4700.0,20300.0,48300.0,73400.0,,,,,,,,,,,,,,,,,,,,,,,,,,,,,,,,,,,,,,,,,,,,,,,,,,,,,,,,,,,,,,,,,,,,,,,,,,,,,,,,,,,,,,,,,,,,,,,,,,,,,,,,,,,,,,,,,,,,,,,,,,,,,,,,,,,,,,,,,,,,,,,,,,,,,,,,,,,,,,,,,,,,,,,,,,,,,,,,,,,,,,,,,,
83,Var,22.5,23120,83,Var,1135917,51.8,35.1,14.7,123992.0,97588.0,107764.0,69344.0,2185100.0,22.0,10.0,15.0,29.0,162.0,5.0,14.0,1961760.0,517.932,29268.0,43633.0,21403.0,1325.0,45046.0,130659.0,49536.0,67109.0,18715.0,154770.0,31879.0,16152.0,35998.0,25186.0,1164.0,45005.0,66722.0,63855.0,10124.0,91822.0,31989.0,6.5,15.8,,,,,,,,,,,,,,,,,84.0,351600.0,280200.0,71400.0,351600.0,293000.0,58600.0,351600.0,289200.0,62300.0,351600.0,311800.0,39700.0,351600.0,311800.0,39700.0,351600.0,307500.0,44100.0,351600.0,341300.0,10300.0,351600.0,70100.0,281500.0,351600.0,297000.0,54600.0,351600.0,328500.0,23000.0,46700.0,17000.0,90500.0,244100.0,351600.0,24600.0,50200.0,276800.0,351600.0,7500.0,38000.0,306100.0,351600.0,11900.0,43500.0,296200.0,351600.0,14800.0,38800.0,298000.0,351600.0,61400.0,140300.0,104000.0,45900.0,351600.0,351600.0,275400.0,76200.0,351600.0,334400.0,17200.0,351600.0,333300.0,18300.0,351600.0,285400.0,66200.0,351600.0,321800.0,29700.0,351600.0,260400.0,91100.0,351600.0,267000.0,84600.0,351600.0,15300.0,44600.0,291600.0,351600.0,351600.0,178800.0,172800.0,51500.0,77500.0,222500.0,351600.0,351600.0,351600.0,302500.0,49000.0,22200.0,33900.0,295500.0,351600.0,16800.0,100500.0,234200.0,351600.0,,,,,,,,,,,,,,,,,,,,,,,,,,,,,,,,,,,,,,,,,,,,,,,,,,,,,,,,,,,,,,,,,,,,,,,,,,,,,,,,,,,,,,,,,,,,,,,,,,,,,,,,,,,,,,,,,,,,,,,,,,,,,,,,,,,,,,,,,,,,,,,,,,,,,,,,,,,,,,,,,,,,,,,,,,,,,,,,,,,,,,,,,,
84,Vaucluse,26.6,21370,84,Vaucluse,573683,52,31.5,12.4,58673.0,41857.0,50595.0,29324.0,1138050.0,20.0,10.0,14.0,15.0,56.0,0.0,2.0,1070880.0,508.715,4003.0,16819.0,8429.0,473.0,32257.0,75612.0,23573.0,37121.0,12918.0,70984.0,15341.0,7317.0,16556.0,4025.0,719.0,25760.0,38993.0,32414.0,5357.0,38385.0,13360.0,6.1,15.7,,,,,,,,,,,,,,,,,82.0,159900.0,126200.0,33700.0,159900.0,133200.0,26700.0,159900.0,130300.0,29600.0,159900.0,144600.0,15300.0,159900.0,145300.0,14600.0,159900.0,140900.0,19000.0,159900.0,155100.0,4800.0,159900.0,28000.0,131900.0,159900.0,136000.0,23900.0,159900.0,148100.0,11800.0,26200.0,13800.0,41500.0,104600.0,159900.0,7300.0,27500.0,125000.0,159900.0,3600.0,18000.0,138300.0,159900.0,3900.0,23800.0,132200.0,159900.0,4100.0,16400.0,139400.0,159900.0,30100.0,59300.0,51600.0,18900.0,159900.0,159900.0,124600.0,35300.0,159900.0,151900.0,8000.0,159900.0,152500.0,7400.0,159900.0,134500.0,25400.0,159900.0,139600.0,20200.0,159900.0,112500.0,47400.0,159900.0,117900.0,42000.0,159900.0,7200.0,18000.0,134600.0,159900.0,159900.0,74700.0,85200.0,21600.0,39900.0,98400.0,159900.0,159900.0,159900.0,144000.0,15900.0,5700.0,15600.0,138600.0,159900.0,8900.0,47900.0,103100.0,159900.0,,,,,,,,,,,,,,,,,,,,,,,,,,,,,,,,,,,,,,,,,,,,,,,,,,,,,,,,,,,,,,,,,,,,,,,,,,,,,,,,,,,,,,,,,,,,,,,,,,,,,,,,,,,,,,,,,,,,,,,,,,,,,,,,,,,,,,,,,,,,,,,,,,,,,,,,,,,,,,,,,,,,,,,,,,,,,,,,,,,,,,,,,,
85,Vendée,12.3,22790,85,Vendée,723037,50.9,34.2,13.2,79912.0,54987.0,72496.0,40179.0,2142270.0,11.0,7.0,30.0,25.0,63.0,4.0,4.0,1512270.0,816.991666545,3460.0,4040.0,11973.0,327.0,47053.0,116914.0,25282.0,48078.0,3125.0,107488.0,16084.0,4952.0,19177.0,3196.0,566.0,29833.0,57555.0,42975.0,984.0,53847.0,13512.0,6.4,17.2,,,,,,,,,,,,,,,,,79.0,213000.0,176000.0,37000.0,213000.0,183200.0,29800.0,213000.0,172200.0,40800.0,213000.0,190800.0,22200.0,213000.0,193000.0,20000.0,213000.0,192200.0,20800.0,213000.0,211000.0,2000.0,213000.0,33100.0,179900.0,213000.0,176800.0,36200.0,213000.0,196800.0,16200.0,31100.0,11600.0,49700.0,151800.0,213000.0,10400.0,36600.0,166000.0,213000.0,3000.0,20400.0,189600.0,213000.0,6200.0,26400.0,180400.0,213000.0,5900.0,23600.0,183500.0,213000.0,31900.0,92000.0,66900.0,22200.0,213000.0,213000.0,172200.0,40800.0,213000.0,204300.0,8700.0,213000.0,202400.0,10600.0,213000.0,180700.0,32400.0,213000.0,196700.0,16400.0,213000.0,164000.0,49000.0,213000.0,168000.0,45000.0,213000.0,9300.0,27200.0,176600.0,213000.0,213000.0,109600.0,103400.0,26900.0,49700.0,136400.0,213000.0,213000.0,213000.0,189700.0,23300.0,10500.0,12400.0,190100.0,213000.0,6300.0,52100.0,154600.0,213000.0,,,,,,,,,,,,,,,,,,,,,,,,,,,,,,,,,,,,,,,,,,,,,,,,,,,,,,,,,,,,,,,,,,,,,,,,,,,,,,,,,,,,,,,,,,,,,,,,,,,,,,,,,,,,,,,,,,,,,,,,,,,,,,,,,,,,,,,,,,,,,,,,,,,,,,,,,,,,,,,,,,,,,,,,,,,,,,,,,,,,,,,,,,
86,Vienne,28.4,22220,86,Vienne,437151,51.4,29.9,11.7,41646.0,29899.0,38252.0,21046.0,1076110.0,7.0,5.0,12.0,4.0,37.0,9.0,0.0,738060.0,978.224593999,2874.0,3694.0,4645.0,251.0,31408.0,65036.0,16173.0,27305.0,3565.0,60447.0,10261.0,3897.0,13539.0,2996.0,877.0,23608.0,36067.0,28050.0,1175.0,34622.0,10027.0,7.6,19.7,,,,,,,,,,,,,,,,,85.0,122000.0,99000.0,23000.0,122000.0,103100.0,18900.0,122000.0,101400.0,20600.0,122000.0,109100.0,12800.0,122000.0,109300.0,12600.0,122000.0,106400.0,15500.0,122000.0,118600.0,3300.0,122000.0,24600.0,97300.0,122000.0,103000.0,19000.0,122000.0,113500.0,8500.0,23400.0,6300.0,28700.0,87000.0,122000.0,5700.0,18600.0,97700.0,122000.0,2700.0,13600.0,105600.0,122000.0,2400.0,13400.0,106100.0,122000.0,3300.0,10500.0,108200.0,122000.0,18100.0,52500.0,37200.0,14200.0,122000.0,122000.0,99900.0,22100.0,122000.0,115400.0,6500.0,122000.0,117000.0,4900.0,122000.0,104200.0,17700.0,122000.0,112600.0,9400.0,122000.0,97100.0,24900.0,122000.0,98400.0,23600.0,122000.0,4000.0,15500.0,102500.0,122000.0,122000.0,65200.0,56700.0,14400.0,25700.0,81800.0,122000.0,122000.0,122000.0,111200.0,10700.0,5500.0,8200.0,108200.0,122000.0,4000.0,31300.0,86600.0,122000.0,,,,,,,,,,,,,,,,,,,,,,,,,,,,,,,,,,,,,,,,,,,,,,,,,,,,,,,,,,,,,,,,,,,,,,,,,,,,,,,,,,,,,,,,,,,,,,,,,,,,,,,,,,,,,,,,,,,,,,,,,,,,,,,,,,,,,,,,,,,,,,,,,,,,,,,,,,,,,,,,,,,,,,,,,,,,,,,,,,,,,,,,,,
87,Haute-Vienne,29.5,22140,87,Haute-Vienne,371297,52,33.3,13.4,39093.0,29803.0,34547.0,20086.0,665000.0,11.0,6.0,20.0,19.0,31.0,0.0,25.0,480560.0,693.048151327,6270.0,6804.0,4804.0,193.0,28941.0,55601.0,17016.0,25184.0,5121.0,55895.0,10772.0,5023.0,13794.0,5156.0,243.0,23539.0,31373.0,26316.0,1389.0,33176.0,11974.0,6.5,16.4,,,,,,,,,,,,,,,,,84.0,115500.0,89800.0,25600.0,115500.0,92500.0,23000.0,115500.0,89200.0,26300.0,115500.0,101200.0,14200.0,115500.0,100900.0,14600.0,115500.0,97900.0,17600.0,115500.0,112300.0,3200.0,115500.0,25700.0,89800.0,115500.0,93800.0,21600.0,115500.0,104100.0,11300.0,16800.0,8500.0,28200.0,78700.0,115500.0,10600.0,17600.0,87200.0,115500.0,4500.0,15800.0,95100.0,115500.0,5400.0,16400.0,93600.0,115500.0,6600.0,14800.0,94100.0,115500.0,16100.0,41000.0,42200.0,16200.0,115500.0,115500.0,90100.0,25300.0,115500.0,108100.0,7300.0,115500.0,105600.0,9800.0,115500.0,91100.0,24400.0,115500.0,102200.0,13300.0,115500.0,82400.0,33100.0,115500.0,83800.0,31600.0,115500.0,7700.0,17500.0,90200.0,115500.0,115500.0,55900.0,59500.0,18000.0,25200.0,72300.0,115500.0,115500.0,115500.0,99400.0,16000.0,8800.0,12000.0,94700.0,115500.0,6700.0,37700.0,71100.0,115500.0,,,,,,,,,,,,,,,,,,,,,,,,,,,,,,,,,,,,,,,,,,,,,,,,,,,,,,,,,,,,,,,,,,,,,,,,,,,,,,,,,,,,,,,,,,,,,,,,,,,,,,,,,,,,,,,,,,,,,,,,,,,,,,,,,,,,,,,,,,,,,,,,,,,,,,,,,,,,,,,,,,,,,,,,,,,,,,,,,,,,,,,,,,
88,Vosges,24.1,21550,88,Vosges,352304,51.1,34.2,12.9,39204.0,27156.0,36072.0,18128.0,833000.0,11.0,6.0,6.0,19.0,39.0,0.0,0.0,763370.0,1754.333514648,2133.0,11279.0,4118.0,241.0,32927.0,54122.0,16666.0,29933.0,3945.0,53727.0,10225.0,5294.0,12771.0,2298.0,309.0,23464.0,27851.0,25090.0,1441.0,28741.0,11030.0,6.2,17,,,,,,,,,,,,,,,,,83.0,111600.0,91400.0,20200.0,111600.0,92900.0,18800.0,111600.0,93400.0,18200.0,111600.0,101600.0,10000.0,111600.0,100200.0,11400.0,111600.0,100300.0,11300.0,111600.0,109400.0,2200.0,111600.0,19000.0,92600.0,111600.0,95200.0,16400.0,111600.0,104000.0,7600.0,19000.0,7400.0,30000.0,74300.0,111600.0,6600.0,16900.0,88200.0,111600.0,2400.0,14000.0,95200.0,111600.0,3000.0,13700.0,94900.0,111600.0,3800.0,12600.0,95300.0,111600.0,16300.0,41900.0,43300.0,10100.0,111600.0,111600.0,89600.0,22000.0,111600.0,106800.0,4800.0,111600.0,106600.0,5000.0,111600.0,93200.0,18400.0,111600.0,97000.0,14600.0,111600.0,84400.0,27300.0,111600.0,86100.0,25500.0,111600.0,5200.0,17100.0,89400.0,111600.0,111600.0,55600.0,56100.0,13100.0,25100.0,73400.0,111600.0,111600.0,111600.0,100000.0,11600.0,4800.0,7300.0,99500.0,111600.0,9600.0,29400.0,72600.0,111600.0,,,,,,,,,,,,,,,,,,,,,,,,,,,,,,,,,,,,,,,,,,,,,,,,,,,,,,,,,,,,,,,,,,,,,,,,,,,,,,,,,,,,,,,,,,,,,,,,,,,,,,,,,,,,,,,,,,,,,,,,,,,,,,,,,,,,,,,,,,,,,,,,,,,,,,,,,,,,,,,,,,,,,,,,,,,,,,,,,,,,,,,,,,
89,Yonne,20.5,21940,89,Yonne,331131,51.1,33.3,12.8,35513.0,25040.0,32351.0,17303.0,532680.0,7.0,4.0,6.0,20.0,63.0,13.0,8.0,466420.0,1202.202306439,1852.0,6110.0,4327.0,223.0,24094.0,54645.0,15467.0,24758.0,5082.0,51443.0,9369.0,4682.0,11033.0,1670.0,88.0,17559.0,28961.0,21982.0,1805.0,28290.0,9026.0,7.3,19.5,,,,,,,,,,,,,,,,,82.0,102000.0,81400.0,20600.0,102000.0,85000.0,17000.0,102000.0,81500.0,20500.0,102000.0,91800.0,10200.0,102000.0,91100.0,10900.0,102000.0,92500.0,9500.0,102000.0,100500.0,1500.0,102000.0,16300.0,85700.0,102000.0,84000.0,18000.0,102000.0,96300.0,5700.0,17700.0,6400.0,23300.0,72300.0,102000.0,4900.0,16500.0,80600.0,102000.0,2000.0,9400.0,90600.0,102000.0,1800.0,12200.0,88000.0,102000.0,2300.0,12400.0,87300.0,102000.0,14400.0,44500.0,30700.0,12400.0,102000.0,102000.0,80300.0,21700.0,102000.0,96800.0,5200.0,102000.0,97900.0,4200.0,102000.0,83400.0,18700.0,102000.0,91300.0,10700.0,102000.0,75700.0,26300.0,102000.0,76700.0,25300.0,102000.0,3000.0,12600.0,86400.0,102000.0,102000.0,52700.0,49300.0,16000.0,21400.0,64700.0,102000.0,102000.0,102000.0,88700.0,13300.0,4400.0,10000.0,87600.0,102000.0,5300.0,24600.0,72100.0,102000.0,,,,,,,,,,,,,,,,,,,,,,,,,,,,,,,,,,,,,,,,,,,,,,,,,,,,,,,,,,,,,,,,,,,,,,,,,,,,,,,,,,,,,,,,,,,,,,,,,,,,,,,,,,,,,,,,,,,,,,,,,,,,,,,,,,,,,,,,,,,,,,,,,,,,,,,,,,,,,,,,,,,,,,,,,,,,,,,,,,,,,,,,,,
90,Territoire de Belfort,25.6,22920,90,Territoire de Belfort,138419,50.3,27.7,10.3,12903.0,8478.0,11146.0,5837.0,271870.0,2.0,1.0,9.0,3.0,9.0,2.0,5.0,254670.0,390.101706911,2325.0,5513.0,1505.0,41.0,10016.0,14568.0,5552.0,8048.0,2486.0,16270.0,3510.0,2104.0,4056.0,1662.0,56.0,7441.0,7445.0,6794.0,997.0,8648.0,3651.0,8.1,22.2,,,,,,,,,,,,,,,,,81.0,36600.0,27700.0,8900.0,36600.0,29400.0,7200.0,36600.0,29200.0,7400.0,36600.0,31500.0,5100.0,36600.0,31400.0,5100.0,36600.0,32300.0,4300.0,36600.0,35600.0,1000.0,36600.0,8300.0,28300.0,36600.0,29900.0,6700.0,36600.0,34200.0,2400.0,,2100.0,11400.0,23100.0,36600.0,1400.0,5000.0,30100.0,36600.0,1200.0,4700.0,30600.0,36600.0,1000.0,3900.0,31700.0,36600.0,600.0,4100.0,31900.0,36600.0,5000.0,13000.0,15400.0,3200.0,36600.0,36600.0,27500.0,9100.0,36600.0,35300.0,1300.0,36600.0,34600.0,2000.0,36600.0,30200.0,6400.0,36600.0,32700.0,3900.0,36600.0,26600.0,10000.0,36600.0,27200.0,9300.0,36600.0,1200.0,5300.0,30200.0,36600.0,36600.0,17500.0,19100.0,5600.0,7500.0,23500.0,36600.0,36600.0,36600.0,32000.0,4500.0,2500.0,3500.0,30600.0,36600.0,2200.0,10400.0,24000.0,36600.0,,,,,,,,,,,,,,,,,,,,,,,,,,,,,,,,,,,,,,,,,,,,,,,,,,,,,,,,,,,,,,,,,,,,,,,,,,,,,,,,,,,,,,,,,,,,,,,,,,,,,,,,,,,,,,,,,,,,,,,,,,,,,,,,,,,,,,,,,,,,,,,,,,,,,,,,,,,,,,,,,,,,,,,,,,,,,,,,,,,,,,,,,,
91,Essonne,19.6,25040,91,Essonne,1343527,50.8,21.9,8.1,97696.0,64421.0,88716.0,44024.0,2862940.0,25.0,12.0,25.0,19.0,75.0,0.0,1.0,2415050.0,601.352368963,22412.0,32178.0,7608.0,924.0,64177.0,106619.0,35711.0,53444.0,28519.0,125526.0,24250.0,16043.0,24056.0,12579.0,1081.0,48485.0,51943.0,41574.0,8829.0,64320.0,20774.0,4.6,12.7,,,,,,,,,,,,,,,,,82.0,260500.0,209100.0,51400.0,260500.0,216700.0,43800.0,260500.0,208800.0,51600.0,260500.0,237000.0,23500.0,260500.0,231200.0,29300.0,260500.0,225600.0,34900.0,260500.0,252200.0,8300.0,260500.0,53700.0,206800.0,260500.0,217400.0,43100.0,260500.0,238900.0,21600.0,71100.0,14200.0,57700.0,188600.0,260500.0,19600.0,34200.0,206700.0,260500.0,6900.0,30000.0,223500.0,260500.0,7700.0,31500.0,221300.0,260500.0,8600.0,34500.0,217400.0,260500.0,35500.0,113700.0,80400.0,30900.0,260500.0,260500.0,206500.0,54000.0,260500.0,249500.0,11000.0,260500.0,248800.0,11600.0,260500.0,217900.0,42600.0,260500.0,231600.0,28900.0,260500.0,196500.0,64000.0,260500.0,200800.0,59700.0,260500.0,11900.0,32400.0,216200.0,260500.0,260500.0,132800.0,127700.0,36600.0,62100.0,161800.0,260500.0,260500.0,260500.0,226400.0,34100.0,16300.0,19600.0,224600.0,260500.0,16900.0,71800.0,171800.0,260500.0,,,,,,,,,,,,,,,,,,,,,,,,,,,,,,,,,,,,,,,,,,,,,,,,,,,,,,,,,,,,,,,,,,,,,,,,,,,,,,,,,,,,,,,,,,,,,,,,,,,,,,,,,,,,,,,,,,,,,,,,,,,,,,,,,,,,,,,,,,,,,,,,,,,,,,,,,,,,,,,,,,,,,,,,,,,,,,,,,,,,,,,,,,
92,Hauts-de-Seine,16.5,29720,92,Hauts-de-Seine,1663974,52.2,21.6,8.2,122868.0,83348.0,99470.0,53704.0,1025990.0,35.0,13.0,76.0,36.0,61.0,0.0,1.0,1015060.0,119.105,106577.0,48221.0,11414.0,2020.0,60706.0,37448.0,58020.0,55388.0,45067.0,111185.0,39779.0,47272.0,40008.0,62657.0,1749.0,58969.0,20050.0,46252.0,15692.0,70112.0,44550.0,4.6,12.3,,,,,,,,,,,,,,,,,83.0,320200.0,268200.0,51900.0,320200.0,279300.0,40800.0,320200.0,266300.0,53900.0,320200.0,294300.0,25800.0,320200.0,287200.0,33000.0,320200.0,278200.0,42000.0,320200.0,309600.0,10600.0,320200.0,62000.0,258200.0,320200.0,270000.0,50200.0,320200.0,308000.0,12200.0,79600.0,13300.0,67600.0,239200.0,320200.0,16200.0,36300.0,267700.0,320200.0,5800.0,33700.0,280600.0,320200.0,8700.0,31700.0,279700.0,320200.0,9100.0,34800.0,276300.0,320200.0,56900.0,137300.0,95800.0,30200.0,320200.0,320200.0,267300.0,52900.0,320200.0,304200.0,15900.0,320200.0,306500.0,13700.0,320200.0,277400.0,42800.0,320200.0,295200.0,25000.0,320200.0,261000.0,59100.0,320200.0,264600.0,55600.0,320200.0,8800.0,33000.0,278400.0,320200.0,320200.0,168400.0,151800.0,34800.0,65800.0,219500.0,320200.0,320200.0,320200.0,289800.0,30400.0,18900.0,23500.0,277700.0,320200.0,14400.0,89800.0,216000.0,320200.0,,,,,,,,,,,,,,,,,,,,,,,,,,,,,,,,,,,,,,,,,,,,,,,,,,,,,,,,,,,,,,,,,,,,,,,,,,,,,,,,,,,,,,,,,,,,,,,,,,,,,,,,,,,,,,,,,,,,,,,,,,,,,,,,,,,,,,,,,,,,,,,,,,,,,,,,,,,,,,,,,,,,,,,,,,,,,,,,,,,,,,,,,,
93,Seine-Saint-Denis,30.0,19020,93,Seine-Saint-Denis,1711876,50.3,18.7,5.9,113513.0,57431.0,104243.0,44109.0,825850.0,19.0,12.0,109.0,31.0,59.0,0.0,0.0,834450.0,145.405,58645.0,49148.0,9853.0,1385.0,57063.0,64890.0,43392.0,84121.0,67099.0,95032.0,28130.0,50825.0,26098.0,25720.0,1008.0,43765.0,32377.0,49701.0,19444.0,48343.0,36660.0,6.9,22.2,,,,,,,,,,,,,,,,,,267200.0,198400.0,68800.0,267200.0,205600.0,61600.0,267200.0,208100.0,59100.0,267200.0,237700.0,29500.0,267200.0,233800.0,33400.0,267200.0,230200.0,37100.0,267200.0,259100.0,8200.0,267200.0,56800.0,210500.0,267200.0,215700.0,51600.0,267200.0,244200.0,23100.0,92400.0,13800.0,60300.0,193100.0,267200.0,18500.0,40300.0,208400.0,267200.0,10900.0,31900.0,224400.0,267200.0,11200.0,42900.0,213100.0,267200.0,9600.0,32300.0,225400.0,267200.0,32200.0,95400.0,94100.0,45400.0,267200.0,267200.0,198700.0,68500.0,267200.0,258700.0,8600.0,267200.0,247000.0,20200.0,267200.0,207400.0,59800.0,267200.0,240500.0,26800.0,267200.0,188000.0,79200.0,267200.0,195700.0,71500.0,267200.0,13900.0,33300.0,220000.0,267200.0,267200.0,117900.0,149300.0,53500.0,69700.0,144100.0,267200.0,267200.0,267200.0,213700.0,53500.0,19600.0,31600.0,216000.0,267200.0,17100.0,87400.0,162700.0,267200.0,,,,,,,,,,,,,,,,,,,,,,,,,,,,,,,,,,,,,,,,,,,,,,,,,,,,,,,,,,,,,,,,,,,,,,,,,,,,,,,,,,,,,,,,,,,,,,,,,,,,,,,,,,,,,,,,,,,,,,,,,,,,,,,,,,,,,,,,,,,,,,,,,,,,,,,,,,,,,,,,,,,,,,,,,,,,,,,,,,,,,,,,,,
94,Val-de-Marne,22.5,24270,94,Val-de-Marne,1426433,51.8,21.9,8,106134.0,69584.0,92222.0,44941.0,1226360.0,22.0,10.0,63.0,28.0,78.0,0.0,0.0,1151870.0,154.248,65934.0,44352.0,9879.0,1948.0,58963.0,59234.0,45796.0,61350.0,44552.0,104425.0,31305.0,37971.0,32128.0,37563.0,1635.0,51823.0,30557.0,48716.0,15322.0,61507.0,36832.0,6.6,18.5,,,,,,,,,,,,,,,,,,277700.0,224400.0,53400.0,277700.0,231900.0,45800.0,277700.0,223900.0,53900.0,277700.0,254000.0,23800.0,277700.0,248800.0,29000.0,277700.0,245900.0,31800.0,277700.0,268600.0,9200.0,277700.0,50400.0,227300.0,277700.0,229800.0,47900.0,277700.0,260600.0,17100.0,69800.0,17300.0,70100.0,190300.0,277700.0,13600.0,38100.0,226000.0,277700.0,8500.0,28600.0,240600.0,277700.0,8500.0,40700.0,228500.0,277700.0,10700.0,36700.0,230300.0,277700.0,40400.0,120000.0,83800.0,33500.0,277700.0,277700.0,217100.0,60600.0,277700.0,263600.0,14200.0,277700.0,261700.0,16000.0,277700.0,231700.0,46000.0,277700.0,249500.0,28300.0,277700.0,208800.0,69000.0,277700.0,215800.0,61900.0,277700.0,9900.0,27600.0,240300.0,277700.0,277700.0,131200.0,146600.0,39400.0,68400.0,170000.0,277700.0,277700.0,277700.0,238900.0,38800.0,15700.0,27200.0,234800.0,277700.0,17300.0,77300.0,183100.0,277700.0,,,,,,,,,,,,,,,,,,,,,,,,,,,,,,,,,,,,,,,,,,,,,,,,,,,,,,,,,,,,,,,,,,,,,,,,,,,,,,,,,,,,,,,,,,,,,,,,,,,,,,,,,,,,,,,,,,,,,,,,,,,,,,,,,,,,,,,,,,,,,,,,,,,,,,,,,,,,,,,,,,,,,,,,,,,,,,,,,,,,,,,,,,
95,Val-d'Oise,21.9,23290,95,Val-d'Oise,1287589,51.2,20.6,7,94673.0,52406.0,81539.0,37155.0,2123420.0,15.0,9.0,28.0,14.0,376.0,25.0,12.0,1630240.0,571.996783823,24781.0,31150.0,7553.0,1164.0,54397.0,91898.0,31507.0,55438.0,35521.0,107571.0,21458.0,20495.0,21398.0,12807.0,1112.0,36654.0,38635.0,36418.0,10514.0,48733.0,21937.0,5,15.1,,,,,,,,,,,,,,,,,,233800.0,188600.0,45200.0,233800.0,192700.0,41100.0,233800.0,196300.0,37500.0,233800.0,213800.0,20000.0,233800.0,207800.0,26000.0,233800.0,205900.0,27900.0,233800.0,225600.0,8200.0,233800.0,44300.0,189500.0,233800.0,198300.0,35500.0,233800.0,220700.0,13100.0,72400.0,10400.0,46400.0,177000.0,233800.0,14800.0,30600.0,188400.0,233800.0,3600.0,23100.0,207200.0,233800.0,6300.0,29800.0,197700.0,233800.0,6100.0,22700.0,205000.0,233800.0,33200.0,94900.0,76400.0,29400.0,233800.0,233800.0,186000.0,47800.0,233800.0,223800.0,9900.0,233800.0,224500.0,9300.0,233800.0,193200.0,40600.0,233800.0,217400.0,16400.0,233800.0,180800.0,53000.0,233800.0,184900.0,48900.0,233800.0,8700.0,27500.0,197600.0,233800.0,233800.0,110600.0,123200.0,35300.0,50900.0,147500.0,233800.0,233800.0,233800.0,200500.0,33300.0,16000.0,18600.0,199200.0,233800.0,9700.0,62100.0,162000.0,233800.0,,,,,,,,,,,,,,,,,,,,,,,,,,,,,,,,,,,,,,,,,,,,,,,,,,,,,,,,,,,,,,,,,,,,,,,,,,,,,,,,,,,,,,,,,,,,,,,,,,,,,,,,,,,,,,,,,,,,,,,,,,,,,,,,,,,,,,,,,,,,,,,,,,,,,,,,,,,,,,,,,,,,,,,,,,,,,,,,,,,,,,,,,,
